variant,dataset,Plot_ID,Plot,Variety,measured,predicted,band_policy
two_stream,muresk_anthesis,1,1001.0,Scepter,6613.636363636364,9083.268636053901,common
two_stream,muresk_anthesis,2,1002.0,Ironbark,6140.90909090909,7216.254413592468,common
two_stream,muresk_anthesis,3,1003.0,Calibre,6859.090909090909,8235.258303496328,common
two_stream,muresk_anthesis,4,1004.0,Nyala,8554.545454545454,8425.827739367422,common
two_stream,muresk_anthesis,5,1005.0,Magenta,9804.545454545454,10029.972620233215,common
two_stream,muresk_anthesis,6,1006.0,Shotgun,6654.545454545455,8232.4808090434,common
two_stream,muresk_anthesis,7,1007.0,Bullaring,6950.0,7874.168995214388,common
two_stream,muresk_anthesis,8,1008.0,Sunmaster,9413.636363636364,9523.665772140239,common
two_stream,muresk_anthesis,9,1009.0,Scepter,9822.727272727272,9242.455994305037,common
two_stream,muresk_anthesis,10,1010.0,Magenta,10427.272727272728,9910.451664897713,common
two_stream,muresk_anthesis,11,1011.0,Shotgun,10404.545454545456,9692.124336833047,common
two_stream,muresk_anthesis,12,1012.0,Sunmaster,8504.545454545454,9186.56708960118,common
two_stream,muresk_anthesis,13,1013.0,Ironbark,8986.363636363636,7145.1201126890355,common
two_stream,muresk_anthesis,14,1014.0,Bullaring,7545.454545454545,8089.2669652067725,common
two_stream,muresk_anthesis,15,1015.0,Nyala,7590.909090909091,9568.241348450902,common
two_stream,muresk_anthesis,16,1016.0,Calibre,10836.363636363638,10442.636169536743,common
two_stream,muresk_anthesis,17,1017.0,Scepter,10909.09090909091,9216.065458890356,common
two_stream,muresk_anthesis,18,1018.0,Nyala,8118.181818181818,8498.369583122208,common
two_stream,muresk_anthesis,19,1019.0,Shotgun,8881.818181818182,8607.696933962405,common
two_stream,muresk_anthesis,20,1020.0,Magenta,9454.545454545456,10146.159920267262,common
two_stream,muresk_anthesis,21,1021.0,Bullaring,8822.727272727272,8352.425056939304,common
two_stream,muresk_anthesis,22,1022.0,Ironbark,9904.545454545456,8536.166550503714,common
two_stream,muresk_anthesis,23,1023.0,Sunmaster,10109.090909090908,9250.876583652578,common
two_stream,muresk_anthesis,24,1024.0,Calibre,9231.818181818182,10071.332040423851,common
two_stream,muresk_anthesis,25,1025.0,Nyala,10204.545454545456,8962.436836373285,common
two_stream,muresk_anthesis,26,1026.0,Sunmaster,6595.454545454545,9254.041430877425,common
two_stream,muresk_anthesis,27,1027.0,Ironbark,10686.363636363636,8771.53302066988,common
two_stream,muresk_anthesis,28,1028.0,Calibre,10227.272727272728,8728.48908701097,common
two_stream,muresk_anthesis,29,1029.0,Shotgun,8836.363636363636,7325.711626118513,common
two_stream,muresk_anthesis,30,1030.0,Bullaring,9677.272727272728,8220.431836762698,common
two_stream,muresk_anthesis,31,1031.0,Magenta,10650.0,9515.188492257339,common
two_stream,muresk_anthesis,32,1032.0,Scepter,11245.454545454544,8996.999448635941,common
two_stream,muresk_anthesis,33,2001.0,Magenta,9604.545454545456,8606.872080295154,common
two_stream,muresk_anthesis,34,2002.0,Shotgun,6631.818181818182,7249.910650890071,common
two_stream,muresk_anthesis,35,2003.0,Bullaring,8150.0,6881.650685167136,common
two_stream,muresk_anthesis,36,2004.0,Sunmaster,6350.0,8326.137556374504,common
two_stream,muresk_anthesis,37,2005.0,Nyala,8109.090909090909,8852.32091928038,common
two_stream,muresk_anthesis,38,2006.0,Ironbark,7150.0,7075.116554742796,common
two_stream,muresk_anthesis,39,2007.0,Calibre,7900.0,9483.495120600093,common
two_stream,muresk_anthesis,40,2008.0,Scepter,6895.454545454545,8221.344271855856,common
two_stream,muresk_anthesis,41,2009.0,Calibre,6945.454545454546,7928.264426649238,common
two_stream,muresk_anthesis,42,2010.0,Bullaring,9504.545454545454,8684.78976010492,common
two_stream,muresk_anthesis,43,2011.0,Nyala,7990.909090909091,6994.241300518175,common
two_stream,muresk_anthesis,44,2012.0,Ironbark,6281.818181818181,7010.418272025681,common
two_stream,muresk_anthesis,45,2013.0,Sunmaster,5740.909090909091,7012.175010729091,common
two_stream,muresk_anthesis,46,2014.0,Shotgun,7290.909090909091,7554.643045034601,common
two_stream,muresk_anthesis,47,2015.0,Magenta,8636.363636363636,8409.702136448845,common
two_stream,muresk_anthesis,48,2016.0,Scepter,9427.272727272728,8075.412204839879,common
two_stream,muresk_anthesis,49,2017.0,Ironbark,10895.454545454544,7059.1539104326275,common
two_stream,muresk_anthesis,50,2018.0,Bullaring,8613.636363636364,7727.8138961087525,common
two_stream,muresk_anthesis,51,2019.0,Calibre,9559.09090909091,8487.724956146922,common
two_stream,muresk_anthesis,52,2020.0,Sunmaster,8309.09090909091,7230.908516150906,common
two_stream,muresk_anthesis,53,2021.0,Scepter,9859.090909090908,7811.173119200163,common
two_stream,muresk_anthesis,54,2022.0,Nyala,6422.727272727274,9573.930247938135,common
two_stream,muresk_anthesis,55,2023.0,Magenta,10272.727272727272,9941.947618735643,common
two_stream,muresk_anthesis,56,2024.0,Shotgun,8822.727272727272,8442.998052764164,common
two_stream,muresk_anthesis,57,2025.0,Scepter,8404.545454545456,9876.125746458612,common
two_stream,muresk_anthesis,58,2026.0,Bullaring,8263.636363636364,8791.405035988631,common
two_stream,muresk_anthesis,59,2027.0,Magenta,9109.090909090908,10483.021587475645,common
two_stream,muresk_anthesis,60,2028.0,Shotgun,10418.181818181818,8749.319973918562,common
two_stream,muresk_anthesis,61,2029.0,Nyala,6877.272727272728,7812.032389472577,common
two_stream,muresk_anthesis,62,2030.0,Sunmaster,9954.545454545456,9402.396967463574,common
two_stream,muresk_anthesis,63,2031.0,Calibre,10545.454545454544,9858.574486518428,common
two_stream,muresk_anthesis,64,2032.0,Ironbark,11895.454545454544,8909.336009009867,common
two_stream,muresk_anthesis,65,3001.0,Nyala,10195.454545454544,7926.557844808414,common
two_stream,muresk_anthesis,66,3002.0,Bullaring,6545.454545454545,8269.09129400449,common
two_stream,muresk_anthesis,67,3003.0,Shotgun,11363.636363636362,9129.396799334196,common
two_stream,muresk_anthesis,68,3004.0,Scepter,7500.0,8872.343693690944,common
two_stream,muresk_anthesis,69,3005.0,Sunmaster,13609.090909090908,10402.428400152146,common
two_stream,muresk_anthesis,70,3006.0,Calibre,10118.181818181818,9855.919843070278,common
two_stream,muresk_anthesis,71,3007.0,Ironbark,6881.818181818182,8196.912774255881,common
two_stream,muresk_anthesis,72,3008.0,Magenta,6554.545454545454,9522.03022331715,common
two_stream,muresk_anthesis,73,3009.0,Shotgun,7095.454545454545,9346.50288223142,common
two_stream,muresk_anthesis,74,3010.0,Ironbark,10213.636363636362,9483.975539908099,common
two_stream,muresk_anthesis,75,3011.0,Scepter,7877.272727272726,9247.068877041222,common
two_stream,muresk_anthesis,76,3012.0,Magenta,7095.454545454545,10484.265882559852,common
two_stream,muresk_anthesis,77,3013.0,Calibre,9286.363636363636,10429.253665783079,common
two_stream,muresk_anthesis,78,3014.0,Nyala,7081.818181818182,9265.405261223808,common
two_stream,muresk_anthesis,79,3015.0,Bullaring,8450.0,9520.57027149524,common
two_stream,muresk_anthesis,80,3016.0,Sunmaster,10895.454545454544,10406.964570752903,common
two_stream,muresk_anthesis,81,3017.0,Magenta,10163.636363636364,8646.422591496248,common
two_stream,muresk_anthesis,82,3018.0,Calibre,7618.181818181818,8993.641130555998,common
two_stream,muresk_anthesis,83,3019.0,Nyala,8595.454545454544,7401.851113415645,common
two_stream,muresk_anthesis,84,3020.0,Bullaring,8459.090909090908,8831.112019077878,common
two_stream,muresk_anthesis,85,3021.0,Sunmaster,12390.909090909092,9291.90814475318,common
two_stream,muresk_anthesis,86,3022.0,Shotgun,8963.636363636362,9618.705453557193,common
two_stream,muresk_anthesis,87,3023.0,Ironbark,9372.727272727272,8308.843747252751,common
two_stream,muresk_anthesis,88,3024.0,Scepter,7700.0,10364.00393881955,common
two_stream,muresk_anthesis,89,3025.0,Shotgun,8322.727272727274,10322.62162631653,common
two_stream,muresk_anthesis,90,3026.0,Ironbark,9822.727272727272,9809.858656418215,common
two_stream,muresk_anthesis,91,3027.0,Bullaring,9631.818181818182,10474.426790174995,common
two_stream,muresk_anthesis,92,3028.0,Scepter,13031.81818181818,10328.672062752878,common
two_stream,muresk_anthesis,93,3029.0,Calibre,10090.909090909092,10485.900187810603,common
two_stream,muresk_anthesis,94,3030.0,Magenta,12122.727272727272,10646.280722696534,common
two_stream,muresk_anthesis,95,3031.0,Sunmaster,9831.818181818182,10426.801573666107,common
two_stream,muresk_anthesis,96,3032.0,Nyala,9777.272727272728,9233.240889947336,common
two_stream,muresk_anthesis,97,4001.0,Sunmaster,8336.363636363636,8457.876218231619,common
two_stream,muresk_anthesis,98,4002.0,Calibre,5454.545454545455,7918.904048412623,common
two_stream,muresk_anthesis,99,4003.0,Ironbark,4681.818181818182,7091.794883517923,common
two_stream,muresk_anthesis,100,4004.0,Magenta,9281.818181818182,7671.134830329397,common
two_stream,muresk_anthesis,101,4005.0,Scepter,8036.363636363638,8203.171680842248,common
two_stream,muresk_anthesis,102,4006.0,Bullaring,7422.727272727274,8591.709782090895,common
two_stream,muresk_anthesis,103,4007.0,Nyala,5863.636363636364,8186.1285013434235,common
two_stream,muresk_anthesis,104,4008.0,Shotgun,7095.454545454545,7681.478527345467,common
two_stream,muresk_anthesis,105,4009.0,Sunmaster,9909.090909090908,8318.028285162774,common
two_stream,muresk_anthesis,106,4010.0,Nyala,10045.454545454544,10284.016806791957,common
two_stream,muresk_anthesis,107,4011.0,Bullaring,7750.0,8618.219873027441,common
two_stream,muresk_anthesis,108,4012.0,Calibre,10386.363636363638,10080.854012880716,common
two_stream,muresk_anthesis,109,4013.0,Magenta,9913.636363636364,10645.9453744588,common
two_stream,muresk_anthesis,110,4014.0,Scepter,13109.090909090908,7613.040397889827,common
two_stream,muresk_anthesis,111,4015.0,Shotgun,10163.636363636364,10046.772943131908,common
two_stream,muresk_anthesis,112,4016.0,Ironbark,10304.545454545456,10214.785159767189,common
two_stream,muresk_anthesis,113,4017.0,Sunmaster,11159.09090909091,10514.746092989335,common
two_stream,muresk_anthesis,114,4018.0,Shotgun,9663.636363636364,10153.098539304941,common
two_stream,muresk_anthesis,115,4019.0,Ironbark,11618.181818181818,10369.033529365559,common
two_stream,muresk_anthesis,116,4020.0,Scepter,11386.363636363638,10551.02944875038,common
two_stream,muresk_anthesis,117,4021.0,Calibre,12072.727272727276,10703.31432228509,common
two_stream,muresk_anthesis,118,4022.0,Magenta,9795.454545454544,10932.946684089573,common
two_stream,muresk_anthesis,119,4023.0,Nyala,12677.272727272724,10467.080478412847,common
two_stream,muresk_anthesis,120,4024.0,Bullaring,9086.363636363636,10381.395953977757,common
two_stream,muresk_anthesis,121,4025.0,Calibre,10995.454545454544,10520.50255740319,common
two_stream,muresk_anthesis,122,4026.0,Magenta,9331.818181818182,10634.457818843548,common
two_stream,muresk_anthesis,123,4027.0,Sunmaster,10927.272727272728,9946.48261387365,common
two_stream,muresk_anthesis,124,4028.0,Nyala,14354.545454545456,10354.092321542192,common
two_stream,muresk_anthesis,125,4029.0,Scepter,10854.545454545456,10439.752596376666,common
two_stream,muresk_anthesis,126,4030.0,Ironbark,15663.636363636364,10228.357085864709,common
two_stream,muresk_anthesis,127,4031.0,Bullaring,10786.363636363638,9648.177844778218,common
two_stream,muresk_anthesis,128,4032.0,Shotgun,10454.545454545456,10107.684127878307,common
two_stream,muresk_maturity,1,1001.0,Scepter,10348.484848484844,9943.561480466005,common
two_stream,muresk_maturity,2,1002.0,Ironbark,8412.12121212121,8495.920460227911,common
two_stream,muresk_maturity,3,1003.0,Calibre,9824.242424242424,10042.564221274892,common
two_stream,muresk_maturity,4,1004.0,Nyala,9421.21212121212,9765.973911196992,common
two_stream,muresk_maturity,5,1005.0,Magenta,10206.060606060606,10404.537609383828,common
two_stream,muresk_maturity,6,1006.0,Shotgun,8293.939393939394,9906.269097430806,common
two_stream,muresk_maturity,7,1007.0,Bullaring,7833.333333333332,8299.071546263523,common
two_stream,muresk_maturity,8,1008.0,Sunmaster,8990.90909090909,9186.36364243981,common
two_stream,muresk_maturity,9,1009.0,Scepter,10266.666666666668,9959.58544191969,common
two_stream,muresk_maturity,10,1010.0,Magenta,8766.666666666666,10545.450416117796,common
two_stream,muresk_maturity,11,1011.0,Shotgun,8812.121212121212,9984.66431639319,common
two_stream,muresk_maturity,12,1012.0,Sunmaster,9430.30303030303,9913.431175270169,common
two_stream,muresk_maturity,13,1013.0,Ironbark,10787.878787878784,9290.976559827965,common
two_stream,muresk_maturity,14,1014.0,Bullaring,9699.999999999998,8777.41522165578,common
two_stream,muresk_maturity,15,1015.0,Nyala,9848.484848484846,9630.327068965667,common
two_stream,muresk_maturity,16,1016.0,Calibre,12727.272727272724,10572.375143837891,common
two_stream,muresk_maturity,17,1017.0,Scepter,10163.636363636364,9276.813573807518,common
two_stream,muresk_maturity,18,1018.0,Nyala,9609.090909090908,9159.433155777899,common
two_stream,muresk_maturity,19,1019.0,Shotgun,8151.515151515151,9755.022968222784,common
two_stream,muresk_maturity,20,1020.0,Magenta,9763.636363636362,10253.030280775632,common
two_stream,muresk_maturity,21,1021.0,Bullaring,7539.39393939394,7937.056601631673,common
two_stream,muresk_maturity,22,1022.0,Ironbark,9369.696969696968,9245.546572018715,common
two_stream,muresk_maturity,23,1023.0,Sunmaster,8745.454545454544,9649.697303711611,common
two_stream,muresk_maturity,24,1024.0,Calibre,10218.181818181818,10031.767208037552,common
two_stream,muresk_maturity,25,1025.0,Nyala,7830.303030303029,9506.65477092029,common
two_stream,muresk_maturity,26,1026.0,Sunmaster,10954.545454545452,9390.676390284176,common
two_stream,muresk_maturity,27,1027.0,Ironbark,9924.242424242422,10157.69551073753,common
two_stream,muresk_maturity,28,1028.0,Calibre,8969.696969696968,10112.59456405744,common
two_stream,muresk_maturity,29,1029.0,Shotgun,10860.60606060606,9659.559598593323,common
two_stream,muresk_maturity,30,1030.0,Bullaring,8609.090909090908,8393.685304585404,common
two_stream,muresk_maturity,31,1031.0,Magenta,10863.63636363636,10070.92887500312,common
two_stream,muresk_maturity,32,1032.0,Scepter,9003.030303030302,10230.660706649604,common
two_stream,muresk_maturity,33,2001.0,Magenta,8303.030303030302,10004.134431205632,common
two_stream,muresk_maturity,34,2002.0,Shotgun,9436.363636363636,9276.594469575422,common
two_stream,muresk_maturity,35,2003.0,Bullaring,8615.151515151516,8398.807040799926,common
two_stream,muresk_maturity,36,2004.0,Sunmaster,11139.393939393938,8886.374348826057,common
two_stream,muresk_maturity,37,2005.0,Nyala,11315.151515151516,10105.891215844149,common
two_stream,muresk_maturity,38,2006.0,Ironbark,10281.818181818182,8974.699279225819,common
two_stream,muresk_maturity,39,2007.0,Calibre,9978.787878787878,9931.098323878696,common
two_stream,muresk_maturity,40,2008.0,Scepter,9318.181818181818,9329.83263465826,common
two_stream,muresk_maturity,41,2009.0,Calibre,9500.0,10098.889630090544,common
two_stream,muresk_maturity,42,2010.0,Bullaring,7963.636363636364,9608.583861530095,common
two_stream,muresk_maturity,43,2011.0,Nyala,9493.939393939394,8399.462295117462,common
two_stream,muresk_maturity,44,2012.0,Ironbark,10093.939393939392,8040.269862738101,common
two_stream,muresk_maturity,45,2013.0,Sunmaster,8545.454545454544,9003.476587522327,common
two_stream,muresk_maturity,46,2014.0,Shotgun,9124.242424242422,9042.70005848483,common
two_stream,muresk_maturity,47,2015.0,Magenta,9557.575757575756,10150.186421601291,common
two_stream,muresk_maturity,48,2016.0,Scepter,10233.333333333332,9802.28541251875,common
two_stream,muresk_maturity,49,2017.0,Ironbark,8833.333333333332,9095.319085294119,common
two_stream,muresk_maturity,50,2018.0,Bullaring,8718.181818181818,8291.444312256479,common
two_stream,muresk_maturity,51,2019.0,Calibre,8669.696969696968,9837.71941873786,common
two_stream,muresk_maturity,52,2020.0,Sunmaster,10863.63636363636,9487.077037133513,common
two_stream,muresk_maturity,53,2021.0,Scepter,10693.939393939396,9287.664286020221,common
two_stream,muresk_maturity,54,2022.0,Nyala,6521.21212121212,9520.738355788095,common
two_stream,muresk_maturity,55,2023.0,Magenta,9800.000000000002,10088.21906111414,common
two_stream,muresk_maturity,56,2024.0,Shotgun,9957.575757575756,9573.283142333168,common
two_stream,muresk_maturity,57,2025.0,Scepter,10645.454545454544,9783.971333155741,common
two_stream,muresk_maturity,58,2026.0,Bullaring,9100.0,9220.349108981596,common
two_stream,muresk_maturity,59,2027.0,Magenta,11066.666666666664,10394.778937254114,common
two_stream,muresk_maturity,60,2028.0,Shotgun,10221.212121212122,9957.691391234139,common
two_stream,muresk_maturity,61,2029.0,Nyala,7896.969696969695,9734.613636245012,common
two_stream,muresk_maturity,62,2030.0,Sunmaster,10778.787878787878,9878.443425386115,common
two_stream,muresk_maturity,63,2031.0,Calibre,10757.575757575756,10651.363742478594,common
two_stream,muresk_maturity,64,2032.0,Ironbark,9718.181818181818,10313.62669943168,common
two_stream,muresk_maturity,65,3001.0,Nyala,8169.696969696969,9727.487717748361,common
two_stream,muresk_maturity,66,3002.0,Bullaring,7503.030303030301,8981.503205324916,common
two_stream,muresk_maturity,67,3003.0,Shotgun,8730.303030303028,9684.985854833749,common
two_stream,muresk_maturity,68,3004.0,Scepter,9324.242424242424,9533.906658242917,common
two_stream,muresk_maturity,69,3005.0,Sunmaster,8463.636363636364,9898.885947937553,common
two_stream,muresk_maturity,70,3006.0,Calibre,7336.363636363635,9854.206006042772,common
two_stream,muresk_maturity,71,3007.0,Ironbark,6712.121212121211,9198.791530390647,common
two_stream,muresk_maturity,72,3008.0,Magenta,6866.666666666665,9963.285626533514,common
two_stream,muresk_maturity,73,3009.0,Shotgun,9857.575757575758,9786.239431263104,common
two_stream,muresk_maturity,74,3010.0,Ironbark,9627.272727272726,9753.838401651114,common
two_stream,muresk_maturity,75,3011.0,Scepter,9357.575757575758,9780.204957020029,common
two_stream,muresk_maturity,76,3012.0,Magenta,8057.575757575756,10219.788521163067,common
two_stream,muresk_maturity,77,3013.0,Calibre,9309.090909090908,10434.129881140529,common
two_stream,muresk_maturity,78,3014.0,Nyala,6409.090909090909,9339.647601906277,common
two_stream,muresk_maturity,79,3015.0,Bullaring,8051.515151515151,9323.42359731217,common
two_stream,muresk_maturity,80,3016.0,Sunmaster,10872.727272727272,9939.767693849422,common
two_stream,muresk_maturity,81,3017.0,Magenta,9469.696969696968,10084.778456567363,common
two_stream,muresk_maturity,82,3018.0,Calibre,11787.878787878784,9967.535110842477,common
two_stream,muresk_maturity,83,3019.0,Nyala,7081.818181818181,9853.185688890857,common
two_stream,muresk_maturity,84,3020.0,Bullaring,10675.757575757576,8724.543461233445,common
two_stream,muresk_maturity,85,3021.0,Sunmaster,11227.272727272724,9536.16563783395,common
two_stream,muresk_maturity,86,3022.0,Shotgun,12130.30303030303,9998.244884267167,common
two_stream,muresk_maturity,87,3023.0,Ironbark,10536.363636363636,10085.205613198863,common
two_stream,muresk_maturity,88,3024.0,Scepter,7996.969696969696,9552.4379066376,common
two_stream,muresk_maturity,89,3025.0,Shotgun,11015.151515151512,9947.38384743404,common
two_stream,muresk_maturity,90,3026.0,Ironbark,11330.30303030303,10397.925310649345,common
two_stream,muresk_maturity,91,3027.0,Bullaring,8921.21212121212,9511.358470117786,common
two_stream,muresk_maturity,92,3028.0,Scepter,11363.63636363636,10210.774141907816,common
two_stream,muresk_maturity,93,3029.0,Calibre,10630.30303030303,10602.313101131132,common
two_stream,muresk_maturity,94,3030.0,Magenta,12754.545454545456,10198.34844550158,common
two_stream,muresk_maturity,95,3031.0,Sunmaster,11233.333333333332,10172.02268722491,common
two_stream,muresk_maturity,96,3032.0,Nyala,7903.030303030302,10349.79547092853,common
two_stream,muresk_maturity,97,4001.0,Sunmaster,7403.030303030302,9065.710724296834,common
two_stream,muresk_maturity,98,4002.0,Calibre,5566.666666666666,8528.29109387319,common
two_stream,muresk_maturity,99,4003.0,Ironbark,9281.818181818182,6741.386551077818,common
two_stream,muresk_maturity,100,4004.0,Magenta,10490.90909090909,10051.269005395934,common
two_stream,muresk_maturity,101,4005.0,Scepter,10827.272727272728,9762.617590621125,common
two_stream,muresk_maturity,102,4006.0,Bullaring,6724.242424242424,8358.766637253575,common
two_stream,muresk_maturity,103,4007.0,Nyala,7151.515151515151,8175.107473367329,common
two_stream,muresk_maturity,104,4008.0,Shotgun,11384.848484848484,9490.231512580793,common
two_stream,muresk_maturity,105,4009.0,Sunmaster,9636.363636363636,9080.663275174167,common
two_stream,muresk_maturity,106,4010.0,Nyala,9393.939393939394,10194.136238193982,common
two_stream,muresk_maturity,107,4011.0,Bullaring,8775.757575757574,9509.707807010634,common
two_stream,muresk_maturity,108,4012.0,Calibre,8084.848484848485,10405.347677934868,common
two_stream,muresk_maturity,109,4013.0,Magenta,9972.727272727272,10134.24704717995,common
two_stream,muresk_maturity,110,4014.0,Scepter,8509.090909090908,9007.044283094785,common
two_stream,muresk_maturity,111,4015.0,Shotgun,11778.787878787878,10018.251989479702,common
two_stream,muresk_maturity,112,4016.0,Ironbark,9224.242424242422,10138.780208683303,common
two_stream,muresk_maturity,113,4017.0,Sunmaster,8584.848484848484,10056.120443289201,common
two_stream,muresk_maturity,114,4018.0,Shotgun,10218.181818181818,10070.29721899214,common
two_stream,muresk_maturity,115,4019.0,Ironbark,11163.636363636364,10132.366580969689,common
two_stream,muresk_maturity,116,4020.0,Scepter,8984.848484848484,10236.099649243604,common
two_stream,muresk_maturity,117,4021.0,Calibre,10306.060606060604,10284.532676558212,common
two_stream,muresk_maturity,118,4022.0,Magenta,11778.787878787878,10208.095559277961,common
two_stream,muresk_maturity,119,4023.0,Nyala,8575.757575757576,10264.337618256153,common
two_stream,muresk_maturity,120,4024.0,Bullaring,10509.09090909091,9194.973943236788,common
two_stream,muresk_maturity,121,4025.0,Calibre,12303.0303030303,10197.667377687683,common
two_stream,muresk_maturity,122,4026.0,Magenta,9693.939393939392,11141.473815992606,common
two_stream,muresk_maturity,123,4027.0,Sunmaster,13081.81818181818,10388.476261952223,common
two_stream,muresk_maturity,124,4028.0,Nyala,11063.636363636362,10130.406541389604,common
two_stream,muresk_maturity,125,4029.0,Scepter,12042.424242424242,10317.89381066815,common
two_stream,muresk_maturity,126,4030.0,Ironbark,10666.666666666664,10291.17894022459,common
two_stream,muresk_maturity,127,4031.0,Bullaring,9109.090909090908,9764.53774139268,common
two_stream,muresk_maturity,128,4032.0,Shotgun,11145.454545454544,10375.335434736968,common
two_stream,agt_anthesis,1009,9034.0,St3B_H026,8821.212121,9154.413285840476,common
two_stream,agt_anthesis,1013,13034.0,St3B_H120,9457.575758,8992.737313616091,common
two_stream,agt_anthesis,1014,14034.0,SpB_H106,8457.575758,9053.431059115826,common
two_stream,agt_anthesis,1015,15034.0,St3B_H049,7903.030303,8409.706130667171,common
two_stream,agt_anthesis,1021,21034.0,SpB_H126,7100.0,8972.582373915971,common
two_stream,agt_anthesis,1023,23034.0,SHOTGUN,9063.636364,9272.776177354852,common
two_stream,agt_anthesis,2004,4033.0,SpB_H119,13975.75758,9828.605205747637,common
two_stream,agt_anthesis,2005,5033.0,B3B,12021.21212,9324.838512190345,common
two_stream,agt_anthesis,2008,8033.0,BETHLEHEM,12275.75758,9637.70991244777,common
two_stream,agt_anthesis,2011,11033.0,St3B_H017,11393.93939,10562.490756403266,common
two_stream,agt_anthesis,2013,13033.0,St3B_H119,9648.484848,9729.009831160052,common
two_stream,agt_anthesis,2015,15033.0,St3B_H040,8266.666667,9015.152769166909,common
two_stream,agt_anthesis,3004,4032.0,SpB_H156,8757.575758,9516.259232589775,common
two_stream,agt_anthesis,3011,11032.0,SpB_H110,8766.666667,10050.185954427607,common
two_stream,agt_anthesis,3019,19032.0,SpB_H085,9903.030303,9939.2764934962,common
two_stream,agt_anthesis,3020,20032.0,St3B_H329,10475.75758,8974.09852128092,common
two_stream,agt_anthesis,3021,21032.0,SpB_H087,7000.0,8977.878253956975,common
two_stream,agt_anthesis,3024,24032.0,SHOTGUN,9363.636364,9508.004852711134,common
two_stream,agt_anthesis,4002,2031.0,SpB_H008,8466.666667,10107.164416210846,common
two_stream,agt_anthesis,4004,4031.0,SpB_H087,9084.848485,9149.864007192718,common
two_stream,agt_anthesis,4007,7031.0,SpB_H053,7530.30303,10712.0753831656,common
two_stream,agt_anthesis,4011,11031.0,St3B_H077,10375.75758,10378.585564967034,common
two_stream,agt_anthesis,4013,13031.0,St3B_H136,8048.484848,9583.201219920891,common
two_stream,agt_anthesis,4015,15031.0,SUNTOP,7603.030303,9989.743915449899,common
two_stream,agt_anthesis,4019,19031.0,St3B_H017,11218.18182,9909.329578767389,common
two_stream,agt_anthesis,4022,22031.0,SpB_H156,9009.090909,9450.717746358354,common
two_stream,agt_anthesis,5001,1030.0,SpB_H173,9766.666667,9920.178381066691,common
two_stream,agt_anthesis,5003,3030.0,St3B_H097,10557.57576,9705.723557988978,common
two_stream,agt_anthesis,5004,4030.0,SpB_H102,11039.39394,9535.449592642017,common
two_stream,agt_anthesis,5009,9030.0,SpB_H106,10012.12121,9752.57133014127,common
two_stream,agt_anthesis,5013,13030.0,St3B_H342,7903.030303,8903.843980188894,common
two_stream,agt_anthesis,5016,16030.0,SpB_H110,11457.57576,9608.992967109974,common
two_stream,agt_anthesis,6002,2029.0,SpB_H022,11703.0303,10095.103141371623,common
two_stream,agt_anthesis,6003,3029.0,St3B_H026,14039.39394,9261.946880750225,common
two_stream,agt_anthesis,6006,6029.0,St3B_H164,9821.212121,9650.460364114133,common
two_stream,agt_anthesis,6008,8029.0,SpB_H119,10993.93939,9954.44279579372,common
two_stream,agt_anthesis,6011,11029.0,SUNDANCER,9648.484848,9896.303543675358,common
two_stream,agt_anthesis,6016,16029.0,St3B_H136,11475.75758,9108.918514011597,common
two_stream,agt_anthesis,6022,22029.0,St3B_H097,8900.0,8290.630188435152,common
two_stream,agt_anthesis,6023,23029.0,LEVERAGE,8954.545455,9142.422872153851,common
two_stream,agt_anthesis,7004,4028.0,SpB_H148,10993.93939,9661.09022378609,common
two_stream,agt_anthesis,7005,5028.0,SpB_H065,11266.66667,9582.795813221448,common
two_stream,agt_anthesis,7007,7028.0,SpB_H152,10484.84848,8211.644002403851,common
two_stream,agt_anthesis,7013,13028.0,SpB_H048,10057.57576,9885.852847648353,common
two_stream,agt_anthesis,7017,17028.0,SpB_H169,7981.818182,8979.259311187136,common
two_stream,agt_anthesis,7020,20028.0,SUNMASTER,7193.939394,10114.84404761257,common
two_stream,agt_anthesis,7022,22028.0,BETHLEHEM,6809.090909,9828.506508630346,common
two_stream,agt_anthesis,7023,23028.0,SpB_H010,8100.0,9674.581307881028,common
two_stream,agt_anthesis,8008,8027.0,SpB_H169,9803.030303,9645.358356805193,common
two_stream,agt_anthesis,8014,14027.0,SpB_H152,10993.93939,9503.32022171408,common
two_stream,agt_anthesis,8015,15027.0,SpB_H094,8848.484848,9641.273407447965,common
two_stream,agt_anthesis,8018,18027.0,SpB_H085,9109.090909,10016.510808174196,common
two_stream,agt_anthesis,8020,20027.0,SpB_H164,7075.757576,9801.370524225038,common
two_stream,agt_anthesis,8021,21027.0,SHOTGUN,8336.363636,9406.11354802718,common
two_stream,agt_anthesis,9004,4026.0,SpB_H116,10057.57576,9610.652321450683,common
two_stream,agt_anthesis,9006,6026.0,LRPBSPITFIRE,8430.30303,9756.390779492802,common
two_stream,agt_anthesis,9012,12026.0,SpB_H053,8130.30303,9901.576417015594,common
two_stream,agt_anthesis,9015,15026.0,St3B_H028,11939.39394,9095.3392034914,common
two_stream,agt_anthesis,9017,17026.0,St3B_H036,8845.454545,9848.944960266175,common
two_stream,agt_anthesis,10001,1025.0,SpB_H102,12930.30303,9682.030267286325,common
two_stream,agt_anthesis,10002,2025.0,SUNDANCER,8348.484848,9909.81170117923,common
two_stream,agt_anthesis,10004,4025.0,St3B_H028,9784.848485,9827.682559751489,common
two_stream,agt_anthesis,10006,6025.0,St3B_H029,10330.30303,9858.876369859207,common
two_stream,agt_anthesis,10008,8025.0,SpB_H074,10057.57576,10324.02308055893,common
two_stream,agt_anthesis,10009,9025.0,St3B_H041,9657.575758,9317.957837215556,common
two_stream,agt_anthesis,10012,12025.0,IRONBARK,6175.757576,9866.435495914593,common
two_stream,agt_anthesis,10016,16025.0,SpB_H010,8903.030303,9623.266292192611,common
two_stream,agt_anthesis,10018,18025.0,B3B,9930.30303,9772.127770271578,common
two_stream,agt_anthesis,10019,19025.0,LRPBSPITFIRE,10930.30303,9784.8220241074,common
two_stream,agt_anthesis,10021,21025.0,St3B_H100,8400.0,8049.157848633554,common
two_stream,agt_anthesis,11002,2024.0,B3B,9493.939394,9432.415317607334,common
two_stream,agt_anthesis,11006,6024.0,SUNMASTER,8766.666667,9800.282698746309,common
two_stream,agt_anthesis,11007,7024.0,St3B_H029,11648.48485,9691.239292587165,common
two_stream,agt_anthesis,11009,9024.0,SpB_H166,9693.939394,9172.413212880076,common
two_stream,agt_anthesis,11011,11024.0,SUNTOP,7975.757576,9822.648776521333,common
two_stream,agt_anthesis,11014,14024.0,SpB_H032,7875.757576,9519.629390166307,common
two_stream,agt_anthesis,11018,18024.0,SpB_H120,9230.30303,9829.405922746431,common
two_stream,agt_anthesis,11020,20024.0,SpB_H050,9939.393939,10066.064743709274,common
two_stream,agt_anthesis,12003,3023.0,SpB_H028,10093.93939,9538.92492348884,common
two_stream,agt_anthesis,12007,7023.0,SpB_H120,10748.48485,9354.717783962627,common
two_stream,agt_anthesis,12008,8023.0,IRONBARK,9930.30303,9262.458435034818,common
two_stream,agt_anthesis,12011,11023.0,SpB_H001,7084.848485,9463.29298256212,common
two_stream,agt_anthesis,12012,12023.0,SUNMASTER,8912.121212,9620.408913750864,common
two_stream,agt_anthesis,12016,16023.0,B3B,10190.90909,9252.58132201517,common
two_stream,agt_anthesis,12018,18023.0,BETHLEHEM,7939.393939,9669.020163054225,common
two_stream,agt_anthesis,13001,1022.0,SpB_H028,9257.575758,9397.75684569829,common
two_stream,agt_anthesis,13002,2022.0,St3B_H077,11212.12121,9887.46310472379,common
two_stream,agt_anthesis,13007,7022.0,SpB_H116,9312.121212,9222.005860599407,common
two_stream,agt_anthesis,13009,9022.0,SpB_H001,7175.757576,9195.51436706192,common
two_stream,agt_anthesis,13011,11022.0,SpB_H074,9803.030303,10008.97232067928,common
two_stream,agt_anthesis,13018,18022.0,SpB_H126,9121.212121,9737.686594542924,common
two_stream,agt_anthesis,13020,20022.0,SpB_H049,8818.181818,9456.001660233522,common
two_stream,agt_anthesis,13024,24022.0,BETHLEHEM,9390.909091,9681.857561777248,common
two_stream,agt_anthesis,14001,1021.0,LRPBSPITFIRE,10784.84848,9648.432762499231,common
two_stream,agt_anthesis,14004,4021.0,SpB_H049,11057.57576,9727.66364630829,common
two_stream,agt_anthesis,14006,6021.0,SpB_H008,9366.666667,9705.884637764799,common
two_stream,agt_anthesis,14007,7021.0,LEVERAGE,9312.121212,9249.013889863616,common
two_stream,agt_anthesis,14012,12021.0,St3B_H329,10966.66667,8857.082587370345,common
two_stream,agt_anthesis,14015,15021.0,SpB_H065,10566.66667,9502.4986466803,common
two_stream,agt_anthesis,14016,16021.0,St3B_H119,7966.666667,9155.381805312592,common
two_stream,agt_anthesis,14017,17021.0,St3B_H041,9272.727273,9692.226728102178,common
two_stream,agt_anthesis,14022,22021.0,St3B_H036,10945.45455,9889.5115814993,common
two_stream,agt_anthesis,15002,2020.0,SpB_H047,10493.93939,9576.179868057328,common
two_stream,agt_anthesis,15004,4020.0,SpB_H173,11639.39394,9967.256883990007,common
two_stream,agt_anthesis,15006,6020.0,SpB_H094,8403.030303,9198.342158701933,common
two_stream,agt_anthesis,15007,7020.0,St3B_H059,10003.0303,9785.204374496832,common
two_stream,agt_anthesis,15009,9020.0,St3B_H341,6393.939394,9515.80765266169,common
two_stream,agt_anthesis,15010,10020.0,St3B_H164,8421.212121,8934.208114145506,common
two_stream,agt_anthesis,15014,14020.0,St3B_H040,6866.666667,9346.981435300304,common
two_stream,agt_anthesis,15021,21020.0,SpB_H048,7572.727273,9521.851973031851,common
two_stream,agt_anthesis,15024,24020.0,LRPBSPITFIRE,9781.818182,9976.869575347382,common
two_stream,agt_anthesis,16001,1019.0,SpB_H032,9257.575758,9780.827724554234,common
two_stream,agt_anthesis,16004,4019.0,St3B_H049,8830.30303,9834.055191214722,common
two_stream,agt_anthesis,16005,5019.0,SpB_H166,10393.93939,9602.603521017387,common
two_stream,agt_anthesis,16009,9019.0,SpB_H148,11248.48485,10140.077866056557,common
two_stream,agt_anthesis,16011,11019.0,St3B_H341,10175.75758,9843.195696165647,common
two_stream,agt_anthesis,16013,13019.0,SpB_H164,10466.66667,9892.418883772263,common
two_stream,agt_anthesis,17001,1018.0,SUNMASTER,8139.393939,9507.88040932415,common
two_stream,agt_anthesis,17002,2018.0,St3B_H342,8893.939394,8557.235623348543,common
two_stream,agt_anthesis,17003,3018.0,St3B_H100,9575.757576,8456.111060120225,common
two_stream,agt_anthesis,17005,5018.0,SpB_H022,9603.030303,9217.119111745646,common
two_stream,agt_anthesis,17006,6018.0,St3B_H059,11048.48485,9615.001620704767,common
two_stream,agt_anthesis,17009,9018.0,SHOTGUN,11757.57576,9252.113565830025,common
two_stream,agt_anthesis,17010,10018.0,St3B_H120,8139.393939,9192.62575821879,common
two_stream,agt_anthesis,17014,14018.0,SpB_H050,11003.0303,9844.323385263837,common
two_stream,agt_anthesis,17017,17018.0,SpB_H047,7672.727273,9886.867323648743,common
two_stream,agt_anthesis,18001,1017.0,SpB_H050,10321.21212,9423.056466209551,common
two_stream,agt_anthesis,18002,2017.0,SpB_H164,11703.0303,9661.741560265924,common
two_stream,agt_anthesis,18009,9017.0,SpB_H049,10121.21212,9480.589186363637,common
two_stream,agt_anthesis,18011,11017.0,SHOTGUN,9212.121212,9605.945923758376,common
two_stream,agt_anthesis,18016,16017.0,LRPBSPITFIRE,10493.93939,9522.460260212823,common
two_stream,agt_anthesis,18021,21017.0,SpB_H119,10536.36364,9746.679529647628,common
two_stream,agt_anthesis,18023,23017.0,SpB_H173,10618.18182,9571.995297193245,common
two_stream,agt_anthesis,18024,24017.0,St3B_H017,11854.54545,10300.156630736432,common
two_stream,agt_anthesis,19003,3016.0,St3B_H120,8166.666667,9553.511736673685,common
two_stream,agt_anthesis,19004,4016.0,LRPBSPITFIRE,9912.121212,9297.488576504747,common
two_stream,agt_anthesis,19005,5016.0,SpB_H164,9430.30303,9900.720042716057,common
two_stream,agt_anthesis,19008,8016.0,St3B_H329,10230.30303,9353.326956993813,common
two_stream,agt_anthesis,19010,10016.0,SHOTGUN,8193.939394,7884.300494944661,common
two_stream,agt_anthesis,19013,13016.0,SpB_H053,9348.484848,9787.14085443709,common
two_stream,agt_anthesis,19017,17016.0,St3B_H341,9572.727273,9581.60505053886,common
two_stream,agt_anthesis,19019,19016.0,SUNMASTER,9875.757576,9406.55647584349,common
two_stream,agt_anthesis,19020,20016.0,SpB_H022,7618.181818,9150.224091521508,common
two_stream,agt_anthesis,19021,21016.0,SpB_H152,8563.636364,8615.234770947638,common
two_stream,agt_anthesis,19022,22016.0,SpB_H169,8754.545455,9433.892347580724,common
two_stream,agt_anthesis,20010,10015.0,SpB_H010,8093.939394,8583.955128152256,common
two_stream,agt_anthesis,20012,12015.0,SpB_H152,7775.757576,8081.828274221204,common
two_stream,agt_anthesis,20016,16015.0,SpB_H001,8512.121212,8168.101475984298,common
two_stream,agt_anthesis,20018,18015.0,LRPBSPITFIRE,8766.666667,9602.693434156421,common
two_stream,agt_anthesis,20021,21015.0,St3B_H120,9918.181818,9112.934217042932,common
two_stream,agt_anthesis,20024,24015.0,St3B_H329,7490.909091,9514.809720243877,common
two_stream,agt_anthesis,21001,1014.0,SUNTOP,9312.121212,9665.938475906189,common
two_stream,agt_anthesis,21009,9014.0,SpB_H156,8603.030303,9411.607965958108,common
two_stream,agt_anthesis,21010,10014.0,SUNMASTER,10257.57576,8508.822490416273,common
two_stream,agt_anthesis,21013,13014.0,St3B_H164,10230.30303,9703.407162983378,common
two_stream,agt_anthesis,21016,16014.0,St3B_H026,8921.212121,9295.649357405286,common
two_stream,agt_anthesis,21017,17014.0,St3B_H029,9372.727273,9651.992232527955,common
two_stream,agt_anthesis,21018,18014.0,SpB_H074,9630.30303,9793.027245919699,common
two_stream,agt_anthesis,21019,19014.0,SpB_H120,7703.030303,9081.536369854419,common
two_stream,agt_anthesis,21021,21014.0,SpB_H047,11754.54545,9199.90750261626,common
two_stream,agt_anthesis,21023,23014.0,SpB_H087,7927.272727,9348.106505684014,common
two_stream,agt_anthesis,22004,4013.0,SpB_H120,10857.57576,9541.177582578568,common
two_stream,agt_anthesis,22006,6013.0,SpB_H010,10966.66667,9459.798094758658,common
two_stream,agt_anthesis,22009,9013.0,St3B_H017,14093.93939,9986.324547171514,common
two_stream,agt_anthesis,22014,14013.0,SpB_H116,8657.575758,9082.904161000799,common
two_stream,agt_anthesis,22016,16013.0,St3B_H029,9275.757576,9338.650972125677,common
two_stream,agt_anthesis,22017,17013.0,SUNDANCER,10600.0,9561.965158059682,common
two_stream,agt_anthesis,22018,18013.0,SpB_H156,12057.57576,9079.906332441522,common
two_stream,agt_anthesis,23001,1012.0,St3B_H040,10112.12121,9623.083404480012,common
two_stream,agt_anthesis,23004,4012.0,SpB_H106,12121.21212,9866.586088169159,common
two_stream,agt_anthesis,23013,13012.0,IRONBARK,8566.666667,9680.235633593953,common
two_stream,agt_anthesis,23014,14012.0,SpB_H166,8303.030303,9061.413087644509,common
two_stream,agt_anthesis,23018,18012.0,SpB_H102,10212.12121,8084.884730779674,common
two_stream,agt_anthesis,24005,5011.0,St3B_H136,8584.848485,8993.415839033776,common
two_stream,agt_anthesis,24006,6011.0,SpB_H085,10557.57576,9724.23946890915,common
two_stream,agt_anthesis,24007,7011.0,B3B,9366.666667,9215.319738828013,common
two_stream,agt_anthesis,24013,13011.0,St3B_H028,9066.666667,9377.25518718443,common
two_stream,agt_anthesis,24017,17011.0,SpB_H008,11190.90909,9306.025856044977,common
two_stream,agt_anthesis,24020,20011.0,St3B_H041,5518.181818,7518.529971449415,common
two_stream,agt_anthesis,24021,21011.0,LEVERAGE,7327.272727,9435.054766426085,common
two_stream,agt_anthesis,24024,24011.0,SpB_H119,8318.181818,9580.300160192215,common
two_stream,agt_anthesis,25007,7010.0,SpB_H048,9557.575758,9533.69733006972,common
two_stream,agt_anthesis,25010,10010.0,SpB_H065,7475.757576,8479.008520970945,common
two_stream,agt_anthesis,25014,14010.0,SpB_H094,8784.848485,8739.510613506172,common
two_stream,agt_anthesis,25017,17010.0,St3B_H097,7854.545455,9062.548856898411,common
two_stream,agt_anthesis,25018,18010.0,SpB_H049,8503.030303,9867.702396886578,common
two_stream,agt_anthesis,25020,20010.0,SpB_H116,6754.545455,8349.805765403255,common
two_stream,agt_anthesis,25021,21010.0,SpB_H008,7954.545455,9355.848610020379,common
two_stream,agt_anthesis,26006,6009.0,St3B_H041,9148.484848,9318.570992184363,common
two_stream,agt_anthesis,26009,9009.0,SpB_H094,5257.575758,9441.407614116408,common
two_stream,agt_anthesis,26011,11009.0,SpB_H050,10166.66667,9741.196108962778,common
two_stream,agt_anthesis,26013,13009.0,St3B_H026,8893.939394,8931.345898827403,common
two_stream,agt_anthesis,26016,16009.0,SpB_H074,12630.30303,9905.072415016713,common
two_stream,agt_anthesis,27005,5008.0,LEVERAGE,7684.848485,9691.368240062227,common
two_stream,agt_anthesis,27006,6008.0,SpB_H169,8993.939394,8806.03481535807,common
two_stream,agt_anthesis,27009,9008.0,St3B_H119,8003.030303,8159.568445763114,common
two_stream,agt_anthesis,27015,15008.0,St3B_H059,9148.484848,9600.870512044254,common
two_stream,agt_anthesis,27023,23008.0,St3B_H049,10145.45455,7896.013331992769,common
two_stream,agt_anthesis,28003,3007.0,St3B_H040,9203.030303,8707.440629731464,common
two_stream,agt_anthesis,28005,5007.0,St3B_H036,9284.848485,9780.724264555134,common
two_stream,agt_anthesis,28008,8007.0,St3B_H100,9266.666667,8199.179569680493,common
two_stream,agt_anthesis,28010,10007.0,SpB_H126,9639.393939,8928.034621982131,common
two_stream,agt_anthesis,28015,15007.0,SpB_H173,8348.484848,9172.969239731647,common
two_stream,agt_anthesis,28016,16007.0,SpB_H148,9257.575758,9932.467741862574,common
two_stream,agt_anthesis,28018,18007.0,SUNTOP,9121.212121,9680.433400747717,common
two_stream,agt_anthesis,29005,5006.0,SpB_H048,8939.393939,9552.309641053158,common
two_stream,agt_anthesis,29007,7006.0,St3B_H028,9193.939394,8856.329379307641,common
two_stream,agt_anthesis,29010,10006.0,St3B_H036,9830.30303,8858.931926542991,common
two_stream,agt_anthesis,29014,14006.0,SpB_H001,6348.484848,7384.699135043472,common
two_stream,agt_anthesis,29016,16006.0,St3B_H164,9603.030303,9071.848430115715,common
two_stream,agt_anthesis,29017,17006.0,SpB_H022,8781.818182,9213.719952086318,common
two_stream,agt_anthesis,29019,19006.0,St3B_H077,11054.54545,9822.828892126829,common
two_stream,agt_anthesis,29022,22006.0,SpB_H028,8227.272727,8068.91166092886,common
two_stream,agt_anthesis,30003,3005.0,St3B_H119,9339.393939,8515.97269627935,common
two_stream,agt_anthesis,30004,4005.0,SpB_H126,10021.21212,9492.83921925343,common
two_stream,agt_anthesis,30015,15005.0,B3B,11193.93939,8860.0610727043,common
two_stream,agt_anthesis,30017,17005.0,SpB_H065,8290.909091,8993.832254440911,common
two_stream,agt_anthesis,30021,21005.0,SpB_H166,8981.818182,9032.051762097017,common
two_stream,agt_anthesis,30023,23005.0,St3B_H077,11563.63636,10496.935965501443,common
two_stream,agt_anthesis,31003,3004.0,SpB_H032,12339.39394,9649.42984744675,common
two_stream,agt_anthesis,31004,4004.0,B3B,8321.212121,9154.441112574177,common
two_stream,agt_anthesis,31007,7004.0,BETHLEHEM,10084.84848,9559.483621416755,common
two_stream,agt_anthesis,31009,9004.0,SpB_H087,9684.848485,9289.707341381949,common
two_stream,agt_anthesis,31010,10004.0,SpB_H110,8412.121212,9374.939772354304,common
two_stream,agt_anthesis,31011,11004.0,SpB_H047,10066.66667,8376.284045073115,common
two_stream,agt_anthesis,31019,19004.0,SUNDANCER,6527.272727,9679.166276553895,common
two_stream,agt_anthesis,31021,21004.0,BETHLEHEM,10390.90909,9447.603135651521,common
two_stream,agt_anthesis,31022,22004.0,SHOTGUN,7518.181818,9052.32628286181,common
two_stream,agt_anthesis,32006,6003.0,SHOTGUN,10403.0303,9652.992632638165,common
two_stream,agt_anthesis,32007,7003.0,St3B_H136,5384.848485,9561.495644532308,common
two_stream,agt_anthesis,32008,8003.0,St3B_H097,7303.030303,8629.244788056729,common
two_stream,agt_anthesis,32018,18003.0,St3B_H059,9366.666667,9221.843050292491,common
two_stream,agt_anthesis,32020,20003.0,SpB_H053,7709.090909,9627.854770312388,common
two_stream,agt_anthesis,32021,21003.0,SpB_H032,9845.454545,9135.773621946744,common
two_stream,agt_anthesis,32023,23003.0,SpB_H148,7800.0,10126.850491249656,common
two_stream,agt_anthesis,33005,5002.0,BETHLEHEM,10503.0303,9712.253249792884,common
two_stream,agt_anthesis,33009,9002.0,St3B_H049,11266.66667,8486.27647003098,common
two_stream,agt_anthesis,33014,14002.0,SpB_H028,8548.484848,7610.758628250358,common
two_stream,agt_anthesis,33017,17002.0,SUNMASTER,7100.0,9699.080589443372,common
two_stream,agt_anthesis,33019,19002.0,IRONBARK,6372.727273,8983.976123109556,common
two_stream,agt_anthesis,33021,21002.0,St3B_H341,11045.45455,9144.59784148966,common
two_stream,agt_anthesis,33022,22002.0,St3B_H342,6436.363636,8012.662821981081,common
two_stream,agt_anthesis,34002,2001.0,SpB_H085,10066.66667,9729.13020445239,common
two_stream,agt_anthesis,34003,3001.0,St3B_H342,8012.121212,8353.490664714804,common
two_stream,agt_anthesis,34004,4001.0,BETHLEHEM,10439.39394,9587.75023285377,common
two_stream,agt_anthesis,34009,9001.0,LRPBSPITFIRE,9748.484848,9567.987640568088,common
two_stream,agt_anthesis,34014,14001.0,SUNMASTER,11157.57576,9964.456280964716,common
two_stream,agt_anthesis,34018,18001.0,SpB_H110,9884.848485,9121.930964815429,common
two_stream,agt_anthesis,34020,20001.0,SpB_H102,9409.090909,8590.92796272205,common
two_stream,agt_anthesis,34021,21001.0,SpB_H106,11927.27273,9878.635958674791,common
two_stream,agt_anthesis,34023,23001.0,St3B_H100,7800.0,7766.496487447045,common
two_stream,agt_anthesis,34024,24001.0,B3B,11900.0,8420.023017292044,common
two_stream,agt_maturity,1009,9034.0,St3B_H026,13218.181818181818,12745.5804005773,common
two_stream,agt_maturity,1013,13034.0,St3B_H120,14518.18181818182,13267.063649962622,common
two_stream,agt_maturity,1014,14034.0,SpB_H106,13454.545454545452,13010.729718091092,common
two_stream,agt_maturity,1015,15034.0,St3B_H049,11363.63636363636,12767.079995813125,common
two_stream,agt_maturity,1021,21034.0,SpB_H126,11745.454545454548,12784.182954367474,common
two_stream,agt_maturity,1023,23034.0,SHOTGUN,16263.636363636364,12934.379420889658,common
two_stream,agt_maturity,2004,4033.0,SpB_H119,14799.999999999998,13481.013062246453,common
two_stream,agt_maturity,2005,5033.0,B3B,12100.0,12641.346912145716,common
two_stream,agt_maturity,2008,8033.0,BETHLEHEM,13327.272727272728,13247.110585614035,common
two_stream,agt_maturity,2011,11033.0,St3B_H017,16536.363636363636,13721.02687551841,common
two_stream,agt_maturity,2013,13033.0,St3B_H119,13036.363636363638,12314.922072780035,common
two_stream,agt_maturity,2015,15033.0,St3B_H040,11490.909090909092,13067.715359253887,common
two_stream,agt_maturity,3004,4032.0,SpB_H156,13299.999999999998,12583.598102568376,common
two_stream,agt_maturity,3011,11032.0,SpB_H110,14336.363636363638,13575.37961487142,common
two_stream,agt_maturity,3019,19032.0,SpB_H085,13827.272727272728,13132.94040400135,common
two_stream,agt_maturity,3020,20032.0,St3B_H329,12654.545454545456,12460.509297270137,common
two_stream,agt_maturity,3021,21032.0,SpB_H087,12672.727272727272,12763.445543473365,common
two_stream,agt_maturity,3024,24032.0,SHOTGUN,18227.272727272724,12908.314899404442,common
two_stream,agt_maturity,4002,2031.0,SpB_H008,16390.90909090909,13362.721545499544,common
two_stream,agt_maturity,4004,4031.0,SpB_H087,11163.636363636362,12557.625945683118,common
two_stream,agt_maturity,4007,7031.0,SpB_H053,11390.90909090909,13446.071763820291,common
two_stream,agt_maturity,4011,11031.0,St3B_H077,15981.81818181818,13947.856438634992,common
two_stream,agt_maturity,4013,13031.0,St3B_H136,15609.09090909091,12379.840681347649,common
two_stream,agt_maturity,4015,15031.0,SUNTOP,12081.818181818182,12856.91469647518,common
two_stream,agt_maturity,4019,19031.0,St3B_H017,14045.454545454542,13087.413488281672,common
two_stream,agt_maturity,4022,22031.0,SpB_H156,13554.545454545456,12568.097464725834,common
two_stream,agt_maturity,5001,1030.0,SpB_H173,15863.63636363636,13054.120500121226,common
two_stream,agt_maturity,5003,3030.0,St3B_H097,13854.545454545456,11399.341447458717,common
two_stream,agt_maturity,5004,4030.0,SpB_H102,10990.909090909092,12109.26494066565,common
two_stream,agt_maturity,5009,9030.0,SpB_H106,15809.09090909091,13425.021268635152,common
two_stream,agt_maturity,5013,13030.0,St3B_H342,11499.999999999998,12024.869662682395,common
two_stream,agt_maturity,5016,16030.0,SpB_H110,10309.09090909091,13730.37037658529,common
two_stream,agt_maturity,6002,2029.0,SpB_H022,11700.000000000002,13245.667154430641,common
two_stream,agt_maturity,6003,3029.0,St3B_H026,10718.181818181818,12729.35595832234,common
two_stream,agt_maturity,6006,6029.0,St3B_H164,14900.0,12855.433709224411,common
two_stream,agt_maturity,6008,8029.0,SpB_H119,16445.454545454544,13005.503271435438,common
two_stream,agt_maturity,6011,11029.0,SUNDANCER,13018.18181818182,13270.091830457754,common
two_stream,agt_maturity,6016,16029.0,St3B_H136,12127.272727272728,12273.630392613537,common
two_stream,agt_maturity,6022,22029.0,St3B_H097,10063.636363636364,11270.393871205059,common
two_stream,agt_maturity,6023,23029.0,LEVERAGE,17636.363636363632,13066.278708949676,common
two_stream,agt_maturity,7004,4028.0,SpB_H148,12018.18181818182,13589.934838302228,common
two_stream,agt_maturity,7005,5028.0,SpB_H065,13172.727272727272,12741.047610801945,common
two_stream,agt_maturity,7007,7028.0,SpB_H152,12145.454545454544,12115.930109771529,common
two_stream,agt_maturity,7013,13028.0,SpB_H048,12645.454545454544,13949.193154276416,common
two_stream,agt_maturity,7017,17028.0,SpB_H169,12972.727272727276,12691.678113103339,common
two_stream,agt_maturity,7020,20028.0,SUNMASTER,14299.999999999998,12495.635154958207,common
two_stream,agt_maturity,7022,22028.0,BETHLEHEM,14372.727272727272,12762.426468130476,common
two_stream,agt_maturity,7023,23028.0,SpB_H010,11990.909090909092,12852.159708769057,common
two_stream,agt_maturity,8008,8027.0,SpB_H169,14109.09090909091,12577.650547951764,common
two_stream,agt_maturity,8014,14027.0,SpB_H152,13054.545454545456,12474.262913336046,common
two_stream,agt_maturity,8015,15027.0,SpB_H094,13627.272727272728,12890.83000918864,common
two_stream,agt_maturity,8018,18027.0,SpB_H085,14436.363636363636,13469.538179911842,common
two_stream,agt_maturity,8020,20027.0,SpB_H164,14900.0,13229.606974569424,common
two_stream,agt_maturity,8021,21027.0,SHOTGUN,12345.454545454542,12712.34497934564,common
two_stream,agt_maturity,9004,4026.0,SpB_H116,12745.454545454548,12641.245015219713,common
two_stream,agt_maturity,9006,6026.0,LRPBSPITFIRE,12790.909090909092,12899.175638795221,common
two_stream,agt_maturity,9012,12026.0,SpB_H053,9436.363636363636,13755.835180100787,common
two_stream,agt_maturity,9015,15026.0,St3B_H028,12763.636363636364,12924.496812647474,common
two_stream,agt_maturity,9017,17026.0,St3B_H036,13990.909090909092,13170.35858707641,common
two_stream,agt_maturity,10001,1025.0,SpB_H102,15072.72727272727,12572.338402531366,common
two_stream,agt_maturity,10002,2025.0,SUNDANCER,13927.27272727273,13796.871773796292,common
two_stream,agt_maturity,10004,4025.0,St3B_H028,15109.09090909091,13159.670996371571,common
two_stream,agt_maturity,10006,6025.0,St3B_H029,9409.090909090906,12525.882782282899,common
two_stream,agt_maturity,10008,8025.0,SpB_H074,11627.272727272728,13136.780792483987,common
two_stream,agt_maturity,10009,9025.0,St3B_H041,13672.727272727272,12694.31243135466,common
two_stream,agt_maturity,10012,12025.0,IRONBARK,15327.272727272728,12622.93715465127,common
two_stream,agt_maturity,10016,16025.0,SpB_H010,13036.363636363638,12767.73923116893,common
two_stream,agt_maturity,10018,18025.0,B3B,13218.181818181818,12472.008516824644,common
two_stream,agt_maturity,10019,19025.0,LRPBSPITFIRE,15981.81818181818,13500.979126705406,common
two_stream,agt_maturity,10021,21025.0,St3B_H100,10527.272727272724,11791.561096541318,common
two_stream,agt_maturity,11002,2024.0,B3B,14472.727272727276,12271.309843169201,common
two_stream,agt_maturity,11006,6024.0,SUNMASTER,14236.363636363636,12666.610583932099,common
two_stream,agt_maturity,11007,7024.0,St3B_H029,12636.363636363632,12360.542116519486,common
two_stream,agt_maturity,11009,9024.0,SpB_H166,13027.272727272724,12134.025903304988,common
two_stream,agt_maturity,11011,11024.0,SUNTOP,16772.727272727272,13168.982848671989,common
two_stream,agt_maturity,11014,14024.0,SpB_H032,11327.272727272728,12634.925237584242,common
two_stream,agt_maturity,11018,18024.0,SpB_H120,14445.454545454544,12747.677871511602,common
two_stream,agt_maturity,11020,20024.0,SpB_H050,12654.545454545456,13425.087217550596,common
two_stream,agt_maturity,12003,3023.0,SpB_H028,15118.181818181818,12647.91911121562,common
two_stream,agt_maturity,12007,7023.0,SpB_H120,11200.000000000002,12732.522651224057,common
two_stream,agt_maturity,12008,8023.0,IRONBARK,10763.636363636364,11935.408021775549,common
two_stream,agt_maturity,12011,11023.0,SpB_H001,12218.181818181818,12675.530885985761,common
two_stream,agt_maturity,12012,12023.0,SUNMASTER,11936.363636363636,12734.390211725558,common
two_stream,agt_maturity,12016,16023.0,B3B,11590.909090909088,11899.326084720109,common
two_stream,agt_maturity,12018,18023.0,BETHLEHEM,12799.999999999998,12986.608303002446,common
two_stream,agt_maturity,13001,1022.0,SpB_H028,17909.090909090904,12380.171805245835,common
two_stream,agt_maturity,13002,2022.0,St3B_H077,13063.636363636364,13431.654946876472,common
two_stream,agt_maturity,13007,7022.0,SpB_H116,13309.09090909091,12571.853885473034,common
two_stream,agt_maturity,13009,9022.0,SpB_H001,13472.727272727276,12470.945525494923,common
two_stream,agt_maturity,13011,11022.0,SpB_H074,12990.909090909092,13438.566903130304,common
two_stream,agt_maturity,13018,18022.0,SpB_H126,13545.454545454542,12772.80322409435,common
two_stream,agt_maturity,13020,20022.0,SpB_H049,10290.909090909092,12829.907813216096,common
two_stream,agt_maturity,13024,24022.0,BETHLEHEM,9963.636363636362,12496.266808052724,common
two_stream,agt_maturity,14001,1021.0,LRPBSPITFIRE,14981.81818181818,13468.316879438558,common
two_stream,agt_maturity,14004,4021.0,SpB_H049,13281.81818181818,13117.527771424511,common
two_stream,agt_maturity,14006,6021.0,SpB_H008,9299.999999999998,13254.242688391356,common
two_stream,agt_maturity,14007,7021.0,LEVERAGE,13436.363636363636,12782.121799847124,common
two_stream,agt_maturity,14012,12021.0,St3B_H329,13272.72727272727,12622.058101806924,common
two_stream,agt_maturity,14015,15021.0,SpB_H065,11809.09090909091,12587.96572325697,common
two_stream,agt_maturity,14016,16021.0,St3B_H119,10463.636363636362,12207.074657937674,common
two_stream,agt_maturity,14017,17021.0,St3B_H041,12518.18181818182,12816.579312154978,common
two_stream,agt_maturity,14022,22021.0,St3B_H036,10909.090909090904,12897.231581601294,common
two_stream,agt_maturity,15002,2020.0,SpB_H047,13663.636363636362,12602.891759211701,common
two_stream,agt_maturity,15004,4020.0,SpB_H173,15227.272727272724,13279.313507751594,common
two_stream,agt_maturity,15006,6020.0,SpB_H094,13254.545454545452,12706.497620509055,common
two_stream,agt_maturity,15007,7020.0,St3B_H059,16190.90909090909,13059.631957924546,common
two_stream,agt_maturity,15009,9020.0,St3B_H341,13499.999999999998,12495.635154958207,common
two_stream,agt_maturity,15010,10020.0,St3B_H164,12772.72727272727,12063.312402047553,common
two_stream,agt_maturity,15014,14020.0,St3B_H040,12418.181818181818,13128.853850004205,common
two_stream,agt_maturity,15021,21020.0,SpB_H048,12445.454545454544,13135.966848638116,common
two_stream,agt_maturity,15024,24020.0,LRPBSPITFIRE,16981.81818181818,13555.234358642967,common
two_stream,agt_maturity,16001,1019.0,SpB_H032,13327.272727272728,12587.96572325697,common
two_stream,agt_maturity,16004,4019.0,St3B_H049,15054.545454545456,12587.96572325697,common
two_stream,agt_maturity,16005,5019.0,SpB_H166,14572.72727272727,12543.48900306526,common
two_stream,agt_maturity,16009,9019.0,SpB_H148,12454.545454545452,13298.970377766147,common
two_stream,agt_maturity,16011,11019.0,St3B_H341,14745.454545454548,13035.218224619004,common
two_stream,agt_maturity,16013,13019.0,SpB_H164,11490.909090909092,13519.023765997994,common
two_stream,agt_maturity,17001,1018.0,SUNMASTER,11972.727272727276,12615.163805851389,common
two_stream,agt_maturity,17002,2018.0,St3B_H342,12018.18181818182,11580.530350174617,common
two_stream,agt_maturity,17003,3018.0,St3B_H100,13272.72727272727,12298.434051047523,common
two_stream,agt_maturity,17005,5018.0,SpB_H022,12218.181818181818,13134.152680491696,common
two_stream,agt_maturity,17006,6018.0,St3B_H059,12145.454545454544,12857.21949850408,common
two_stream,agt_maturity,17009,9018.0,SHOTGUN,13999.999999999998,12442.217015488635,common
two_stream,agt_maturity,17010,10018.0,St3B_H120,12309.09090909091,11864.859032885766,common
two_stream,agt_maturity,17014,14018.0,SpB_H050,13981.81818181818,13913.162994136343,common
two_stream,agt_maturity,17017,17018.0,SpB_H047,12390.90909090909,12643.55676789342,common
two_stream,agt_maturity,18001,1017.0,SpB_H050,11054.545454545456,13030.839183469569,common
two_stream,agt_maturity,18002,2017.0,SpB_H164,13700.000000000002,13278.626236603577,common
two_stream,agt_maturity,18009,9017.0,SpB_H049,9818.181818181816,12835.239958718159,common
two_stream,agt_maturity,18011,11017.0,SHOTGUN,12372.727272727272,12829.034889829325,common
two_stream,agt_maturity,18016,16017.0,LRPBSPITFIRE,13327.272727272728,13087.047287348269,common
two_stream,agt_maturity,18021,21017.0,SpB_H119,11672.727272727272,13662.443302857035,common
two_stream,agt_maturity,18023,23017.0,SpB_H173,13600.0,13535.333161386056,common
two_stream,agt_maturity,18024,24017.0,St3B_H017,11499.999999999998,13576.959571133719,common
two_stream,agt_maturity,19003,3016.0,St3B_H120,13809.09090909091,13168.685487890887,common
two_stream,agt_maturity,19004,4016.0,LRPBSPITFIRE,15345.454545454542,13343.259792213712,common
two_stream,agt_maturity,19005,5016.0,SpB_H164,13954.545454545452,13225.098022732036,common
two_stream,agt_maturity,19008,8016.0,St3B_H329,15009.090909090908,12703.171911211744,common
two_stream,agt_maturity,19010,10016.0,SHOTGUN,10590.909090909088,12157.264190901653,common
two_stream,agt_maturity,19013,13016.0,SpB_H053,13718.181818181818,13510.978378900234,common
two_stream,agt_maturity,19017,17016.0,St3B_H341,12454.545454545452,13133.082977023674,common
two_stream,agt_maturity,19019,19016.0,SUNMASTER,12299.999999999998,12736.071215817436,common
two_stream,agt_maturity,19020,20016.0,SpB_H022,10427.27272727273,12736.38456001976,common
two_stream,agt_maturity,19021,21016.0,SpB_H152,15454.545454545452,12222.702581445012,common
two_stream,agt_maturity,19022,22016.0,SpB_H169,11527.272727272724,12483.336750215512,common
two_stream,agt_maturity,20010,10015.0,SpB_H010,9900.0,12418.314062911631,common
two_stream,agt_maturity,20012,12015.0,SpB_H152,12799.999999999998,12628.428852014355,common
two_stream,agt_maturity,20016,16015.0,SpB_H001,11454.545454545452,12728.566912719358,common
two_stream,agt_maturity,20018,18015.0,LRPBSPITFIRE,13809.09090909091,13353.764499699651,common
two_stream,agt_maturity,20021,21015.0,St3B_H120,11936.363636363636,12537.887411299853,common
two_stream,agt_maturity,20024,24015.0,St3B_H329,12327.272727272728,12296.263825408258,common
two_stream,agt_maturity,21001,1014.0,SUNTOP,14445.454545454544,13263.349680017282,common
two_stream,agt_maturity,21009,9014.0,SpB_H156,11618.181818181818,12704.82707118406,common
two_stream,agt_maturity,21010,10014.0,SUNMASTER,13663.636363636362,12144.3257998185,common
two_stream,agt_maturity,21013,13014.0,St3B_H164,14609.09090909091,13199.141890331377,common
two_stream,agt_maturity,21016,16014.0,St3B_H026,10809.09090909091,12665.838146550748,common
two_stream,agt_maturity,21017,17014.0,St3B_H029,14827.272727272728,13246.046062360228,common
two_stream,agt_maturity,21018,18014.0,SpB_H074,11900.0,13523.447577640205,common
two_stream,agt_maturity,21019,19014.0,SpB_H120,11154.545454545456,12447.421142467068,common
two_stream,agt_maturity,21021,21014.0,SpB_H047,12036.363636363638,12274.448201903404,common
two_stream,agt_maturity,21023,23014.0,SpB_H087,7499.999999999998,12737.725476837933,common
two_stream,agt_maturity,22004,4013.0,SpB_H120,14854.545454545456,12807.860425707071,common
two_stream,agt_maturity,22006,6013.0,SpB_H010,9190.90909090909,12864.138720436265,common
two_stream,agt_maturity,22009,9013.0,St3B_H017,9499.999999999998,13616.040099072747,common
two_stream,agt_maturity,22014,14013.0,SpB_H116,12727.272727272724,12698.163956793938,common
two_stream,agt_maturity,22016,16013.0,St3B_H029,14281.81818181818,13180.23709750632,common
two_stream,agt_maturity,22017,17013.0,SUNDANCER,12063.636363636364,13384.261719270053,common
two_stream,agt_maturity,22018,18013.0,SpB_H156,10954.545454545452,12726.40955109223,common
two_stream,agt_maturity,23001,1012.0,St3B_H040,15472.727272727272,13188.211528976903,common
two_stream,agt_maturity,23004,4012.0,SpB_H106,16509.090909090908,13270.801710885613,common
two_stream,agt_maturity,23013,13012.0,IRONBARK,12836.363636363638,12614.650933941788,common
two_stream,agt_maturity,23014,14012.0,SpB_H166,14772.72727272727,12250.68834148688,common
two_stream,agt_maturity,23018,18012.0,SpB_H102,13900.0,12419.527450058415,common
two_stream,agt_maturity,24005,5011.0,St3B_H136,15590.909090909088,12853.978359289378,common
two_stream,agt_maturity,24006,6011.0,SpB_H085,11654.545454545456,13797.612455482187,common
two_stream,agt_maturity,24007,7011.0,B3B,8772.72727272727,12065.952522782803,common
two_stream,agt_maturity,24013,13011.0,St3B_H028,13890.90909090909,13143.282030962106,common
two_stream,agt_maturity,24017,17011.0,SpB_H008,13709.090909090908,13234.512204640083,common
two_stream,agt_maturity,24020,20011.0,St3B_H041,15472.727272727276,12661.711715883674,common
two_stream,agt_maturity,24021,21011.0,LEVERAGE,13872.727272727272,13343.264862156919,common
two_stream,agt_maturity,24024,24011.0,SpB_H119,16581.818181818184,13376.826210289733,common
two_stream,agt_maturity,25007,7010.0,SpB_H048,11418.181818181818,13141.467922524398,common
two_stream,agt_maturity,25010,10010.0,SpB_H065,10309.09090909091,12708.968415383093,common
two_stream,agt_maturity,25014,14010.0,SpB_H094,11372.727272727272,12579.132478762824,common
two_stream,agt_maturity,25017,17010.0,St3B_H097,11472.727272727276,11802.100237054354,common
two_stream,agt_maturity,25018,18010.0,SpB_H049,12945.454545454544,12963.679249100427,common
two_stream,agt_maturity,25020,20010.0,SpB_H116,12454.545454545452,12559.768671221547,common
two_stream,agt_maturity,25021,21010.0,SpB_H008,12036.363636363638,13427.58877885421,common
two_stream,agt_maturity,26006,6009.0,St3B_H041,10563.636363636364,12753.931683544037,common
two_stream,agt_maturity,26009,9009.0,SpB_H094,11872.727272727272,12739.335869765835,common
two_stream,agt_maturity,26011,11009.0,SpB_H050,10672.727272727272,13119.56930491213,common
two_stream,agt_maturity,26013,13009.0,St3B_H026,14045.454545454542,12825.682155815979,common
two_stream,agt_maturity,26016,16009.0,SpB_H074,13072.72727272727,13658.195320547811,common
two_stream,agt_maturity,27005,5008.0,LEVERAGE,14763.636363636364,13297.513716995145,common
two_stream,agt_maturity,27006,6008.0,SpB_H169,11845.454545454542,12625.581019749774,common
two_stream,agt_maturity,27009,9008.0,St3B_H119,11936.363636363636,12018.228493203467,common
two_stream,agt_maturity,27015,15008.0,St3B_H059,14672.727272727272,12875.824870062406,common
two_stream,agt_maturity,27023,23008.0,St3B_H049,14736.363636363636,12383.331787577412,common
two_stream,agt_maturity,28003,3007.0,St3B_H040,16145.454545454544,13493.568499540948,common
two_stream,agt_maturity,28005,5007.0,St3B_H036,13427.27272727273,13702.80967551739,common
two_stream,agt_maturity,28008,8007.0,St3B_H100,12145.454545454544,11955.52590786772,common
two_stream,agt_maturity,28010,10007.0,SpB_H126,11936.363636363636,12546.245620029293,common
two_stream,agt_maturity,28015,15007.0,SpB_H173,10254.545454545452,12868.26755855131,common
two_stream,agt_maturity,28016,16007.0,SpB_H148,12609.09090909091,13422.309263479103,common
two_stream,agt_maturity,28018,18007.0,SUNTOP,11981.81818181818,13192.558955677678,common
two_stream,agt_maturity,29005,5006.0,SpB_H048,12072.72727272727,13204.349393526105,common
two_stream,agt_maturity,29007,7006.0,St3B_H028,12509.090909090908,13369.735187836208,common
two_stream,agt_maturity,29010,10006.0,St3B_H036,13763.636363636364,12683.491344790285,common
two_stream,agt_maturity,29014,14006.0,SpB_H001,7681.818181818179,12013.441329883277,common
two_stream,agt_maturity,29016,16006.0,St3B_H164,10763.636363636364,12658.773922948823,common
two_stream,agt_maturity,29017,17006.0,SpB_H022,14072.72727272727,12504.353430798232,common
two_stream,agt_maturity,29019,19006.0,St3B_H077,11672.727272727272,13906.810845781294,common
two_stream,agt_maturity,29022,22006.0,SpB_H028,10518.18181818182,11733.02924914127,common
two_stream,agt_maturity,30003,3005.0,St3B_H119,11718.181818181818,12579.325883442283,common
two_stream,agt_maturity,30004,4005.0,SpB_H126,11799.999999999998,12734.285491147653,common
two_stream,agt_maturity,30015,15005.0,B3B,10418.181818181818,12547.22666080074,common
two_stream,agt_maturity,30017,17005.0,SpB_H065,11890.90909090909,12765.664617294598,common
two_stream,agt_maturity,30021,21005.0,SpB_H166,13127.272727272728,11962.46374310626,common
two_stream,agt_maturity,30023,23005.0,St3B_H077,14036.363636363638,13896.227861595373,common
two_stream,agt_maturity,31003,3004.0,SpB_H032,11700.000000000002,12867.228415028374,common
two_stream,agt_maturity,31004,4004.0,B3B,15190.90909090909,12465.755584152557,common
two_stream,agt_maturity,31007,7004.0,BETHLEHEM,12718.181818181818,13142.75161196985,common
two_stream,agt_maturity,31009,9004.0,SpB_H087,12709.090909090908,12620.60468146214,common
two_stream,agt_maturity,31010,10004.0,SpB_H110,11836.363636363638,13615.474341958847,common
two_stream,agt_maturity,31011,11004.0,SpB_H047,12972.727272727276,11973.271968168994,common
two_stream,agt_maturity,31019,19004.0,SUNDANCER,12809.09090909091,12993.288768887996,common
two_stream,agt_maturity,31021,21004.0,BETHLEHEM,14754.545454545452,12917.211373595626,common
two_stream,agt_maturity,31022,22004.0,SHOTGUN,18200.000000000004,12762.991764321627,common
two_stream,agt_maturity,32006,6003.0,SHOTGUN,16999.999999999996,12535.324508423964,common
two_stream,agt_maturity,32007,7003.0,St3B_H136,15354.545454545456,12598.238583207312,common
two_stream,agt_maturity,32008,8003.0,St3B_H097,10100.0,11428.44777107665,common
two_stream,agt_maturity,32018,18003.0,St3B_H059,14672.727272727272,12717.310032819983,common
two_stream,agt_maturity,32020,20003.0,SpB_H053,14418.181818181818,13243.747257240071,common
two_stream,agt_maturity,32021,21003.0,SpB_H032,10127.272727272728,12753.215358138057,common
two_stream,agt_maturity,32023,23003.0,SpB_H148,8627.272727272728,13213.185419742482,common
two_stream,agt_maturity,33005,5002.0,BETHLEHEM,12400.0,12851.556804519849,common
two_stream,agt_maturity,33009,9002.0,St3B_H049,11236.363636363636,12559.487282369979,common
two_stream,agt_maturity,33014,14002.0,SpB_H028,11272.72727272727,12370.018009409363,common
two_stream,agt_maturity,33017,17002.0,SUNMASTER,14872.727272727272,12591.385148898595,common
two_stream,agt_maturity,33019,19002.0,IRONBARK,11409.090909090904,12666.610583932099,common
two_stream,agt_maturity,33021,21002.0,St3B_H341,10809.09090909091,12688.21543825292,common
two_stream,agt_maturity,33022,22002.0,St3B_H342,11781.81818181818,11549.733719338086,common
two_stream,agt_maturity,34002,2001.0,SpB_H085,15036.363636363638,13489.757439435303,common
two_stream,agt_maturity,34003,3001.0,St3B_H342,14018.18181818182,11826.58008057503,common
two_stream,agt_maturity,34004,4001.0,BETHLEHEM,11518.18181818182,12678.973237766595,common
two_stream,agt_maturity,34009,9001.0,LRPBSPITFIRE,13954.545454545452,12668.482745424897,common
two_stream,agt_maturity,34014,14001.0,SUNMASTER,11536.363636363638,12495.377924444449,common
two_stream,agt_maturity,34018,18001.0,SpB_H110,10463.636363636362,12986.159630269634,common
two_stream,agt_maturity,34020,20001.0,SpB_H102,10872.727272727272,12376.437556860628,common
two_stream,agt_maturity,34021,21001.0,SpB_H106,14672.727272727272,13498.384761187337,common
two_stream,agt_maturity,34023,23001.0,St3B_H100,11454.545454545452,12045.29280679942,common
two_stream,agt_maturity,34024,24001.0,B3B,11881.818181818182,11744.482477616099,common
lidar_only,muresk_anthesis,1,1001.0,Scepter,6613.636363636364,8309.031819447007,common
lidar_only,muresk_anthesis,2,1002.0,Ironbark,6140.90909090909,7081.128760040549,common
lidar_only,muresk_anthesis,3,1003.0,Calibre,6859.090909090909,8509.948354197564,common
lidar_only,muresk_anthesis,4,1004.0,Nyala,8554.545454545454,8461.563569837072,common
lidar_only,muresk_anthesis,5,1005.0,Magenta,9804.545454545454,10205.260885534039,common
lidar_only,muresk_anthesis,6,1006.0,Shotgun,6654.545454545455,7958.627405763424,common
lidar_only,muresk_anthesis,7,1007.0,Bullaring,6950.0,7087.340154649925,common
lidar_only,muresk_anthesis,8,1008.0,Sunmaster,9413.636363636364,7899.7372329082955,common
lidar_only,muresk_anthesis,9,1009.0,Scepter,9822.727272727272,8047.769026811234,common
lidar_only,muresk_anthesis,10,1010.0,Magenta,10427.272727272728,9839.605303870856,common
lidar_only,muresk_anthesis,11,1011.0,Shotgun,10404.545454545456,10710.310410712666,common
lidar_only,muresk_anthesis,12,1012.0,Sunmaster,8504.545454545454,9318.633270956616,common
lidar_only,muresk_anthesis,13,1013.0,Ironbark,8986.363636363636,7209.0573623733235,common
lidar_only,muresk_anthesis,14,1014.0,Bullaring,7545.454545454545,8597.862941937788,common
lidar_only,muresk_anthesis,15,1015.0,Nyala,7590.909090909091,9374.36431547015,common
lidar_only,muresk_anthesis,16,1016.0,Calibre,10836.363636363638,10166.89894079006,common
lidar_only,muresk_anthesis,17,1017.0,Scepter,10909.09090909091,8884.243555772417,common
lidar_only,muresk_anthesis,18,1018.0,Nyala,8118.181818181818,8976.05682607689,common
lidar_only,muresk_anthesis,19,1019.0,Shotgun,8881.818181818182,8610.153391619857,common
lidar_only,muresk_anthesis,20,1020.0,Magenta,9454.545454545456,10428.189692119651,common
lidar_only,muresk_anthesis,21,1021.0,Bullaring,8822.727272727272,7833.48897907697,common
lidar_only,muresk_anthesis,22,1022.0,Ironbark,9904.545454545456,8454.9737319339,common
lidar_only,muresk_anthesis,23,1023.0,Sunmaster,10109.090909090908,8921.032468805175,common
lidar_only,muresk_anthesis,24,1024.0,Calibre,9231.818181818182,9252.636630678122,common
lidar_only,muresk_anthesis,25,1025.0,Nyala,10204.545454545456,8621.512062325884,common
lidar_only,muresk_anthesis,26,1026.0,Sunmaster,6595.454545454545,9996.28450731202,common
lidar_only,muresk_anthesis,27,1027.0,Ironbark,10686.363636363636,8764.565715701905,common
lidar_only,muresk_anthesis,28,1028.0,Calibre,10227.272727272728,8380.447906551351,common
lidar_only,muresk_anthesis,29,1029.0,Shotgun,8836.363636363636,8686.777232572687,common
lidar_only,muresk_anthesis,30,1030.0,Bullaring,9677.272727272728,8307.52521913705,common
lidar_only,muresk_anthesis,31,1031.0,Magenta,10650.0,9521.619910244712,common
lidar_only,muresk_anthesis,32,1032.0,Scepter,11245.454545454544,9950.074974567011,common
lidar_only,muresk_anthesis,33,2001.0,Magenta,9604.545454545456,8302.792531154106,common
lidar_only,muresk_anthesis,34,2002.0,Shotgun,6631.818181818182,6446.092919613566,common
lidar_only,muresk_anthesis,35,2003.0,Bullaring,8150.0,7642.597717090692,common
lidar_only,muresk_anthesis,36,2004.0,Sunmaster,6350.0,8155.082169831094,common
lidar_only,muresk_anthesis,37,2005.0,Nyala,8109.090909090909,10228.693620252485,common
lidar_only,muresk_anthesis,38,2006.0,Ironbark,7150.0,7157.695241382321,common
lidar_only,muresk_anthesis,39,2007.0,Calibre,7900.0,9890.276359217294,common
lidar_only,muresk_anthesis,40,2008.0,Scepter,6895.454545454545,8405.720844429969,common
lidar_only,muresk_anthesis,41,2009.0,Calibre,6945.454545454546,7103.766193880017,common
lidar_only,muresk_anthesis,42,2010.0,Bullaring,9504.545454545454,10304.917881558078,common
lidar_only,muresk_anthesis,43,2011.0,Nyala,7990.909090909091,7690.494392550939,common
lidar_only,muresk_anthesis,44,2012.0,Ironbark,6281.818181818181,6482.7198305198235,common
lidar_only,muresk_anthesis,45,2013.0,Sunmaster,5740.909090909091,8311.559819101218,common
lidar_only,muresk_anthesis,46,2014.0,Shotgun,7290.909090909091,7361.71328547218,common
lidar_only,muresk_anthesis,47,2015.0,Magenta,8636.363636363636,10063.393421834358,common
lidar_only,muresk_anthesis,48,2016.0,Scepter,9427.272727272728,7699.729182260946,common
lidar_only,muresk_anthesis,49,2017.0,Ironbark,10895.454545454544,7075.378666998897,common
lidar_only,muresk_anthesis,50,2018.0,Bullaring,8613.636363636364,7008.269948224626,common
lidar_only,muresk_anthesis,51,2019.0,Calibre,9559.09090909091,8800.153736099086,common
lidar_only,muresk_anthesis,52,2020.0,Sunmaster,8309.09090909091,8511.276718571096,common
lidar_only,muresk_anthesis,53,2021.0,Scepter,9859.090909090908,7916.136569255767,common
lidar_only,muresk_anthesis,54,2022.0,Nyala,6422.727272727274,8823.671231810757,common
lidar_only,muresk_anthesis,55,2023.0,Magenta,10272.727272727272,10661.344209606717,common
lidar_only,muresk_anthesis,56,2024.0,Shotgun,8822.727272727272,8394.941294638054,common
lidar_only,muresk_anthesis,57,2025.0,Scepter,8404.545454545456,10729.31526668681,common
lidar_only,muresk_anthesis,58,2026.0,Bullaring,8263.636363636364,7507.4467714098155,common
lidar_only,muresk_anthesis,59,2027.0,Magenta,9109.090909090908,10529.668319836466,common
lidar_only,muresk_anthesis,60,2028.0,Shotgun,10418.181818181818,8819.04636285492,common
lidar_only,muresk_anthesis,61,2029.0,Nyala,6877.272727272728,7448.065978111703,common
lidar_only,muresk_anthesis,62,2030.0,Sunmaster,9954.545454545456,10337.779772142332,common
lidar_only,muresk_anthesis,63,2031.0,Calibre,10545.454545454544,10105.573626481631,common
lidar_only,muresk_anthesis,64,2032.0,Ironbark,11895.454545454544,8283.683124185125,common
lidar_only,muresk_anthesis,65,3001.0,Nyala,10195.454545454544,8286.585732051233,common
lidar_only,muresk_anthesis,66,3002.0,Bullaring,6545.454545454545,7809.128677699343,common
lidar_only,muresk_anthesis,67,3003.0,Shotgun,11363.636363636362,9302.322502813458,common
lidar_only,muresk_anthesis,68,3004.0,Scepter,7500.0,9466.942807252055,common
lidar_only,muresk_anthesis,69,3005.0,Sunmaster,13609.090909090908,10516.890492114784,common
lidar_only,muresk_anthesis,70,3006.0,Calibre,10118.181818181818,9700.681848380136,common
lidar_only,muresk_anthesis,71,3007.0,Ironbark,6881.818181818182,8949.638302099827,common
lidar_only,muresk_anthesis,72,3008.0,Magenta,6554.545454545454,9297.512737678808,common
lidar_only,muresk_anthesis,73,3009.0,Shotgun,7095.454545454545,8658.616076926066,common
lidar_only,muresk_anthesis,74,3010.0,Ironbark,10213.636363636362,10288.352887480189,common
lidar_only,muresk_anthesis,75,3011.0,Scepter,7877.272727272726,8581.999449201949,common
lidar_only,muresk_anthesis,76,3012.0,Magenta,7095.454545454545,10351.716338060698,common
lidar_only,muresk_anthesis,77,3013.0,Calibre,9286.363636363636,10632.346078215267,common
lidar_only,muresk_anthesis,78,3014.0,Nyala,7081.818181818182,8050.043516962131,common
lidar_only,muresk_anthesis,79,3015.0,Bullaring,8450.0,8611.925812849391,common
lidar_only,muresk_anthesis,80,3016.0,Sunmaster,10895.454545454544,10032.343897124852,common
lidar_only,muresk_anthesis,81,3017.0,Magenta,10163.636363636364,8169.693321499159,common
lidar_only,muresk_anthesis,82,3018.0,Calibre,7618.181818181818,8863.737445008926,common
lidar_only,muresk_anthesis,83,3019.0,Nyala,8595.454545454544,7048.157352877911,common
lidar_only,muresk_anthesis,84,3020.0,Bullaring,8459.090909090908,9045.203450483488,common
lidar_only,muresk_anthesis,85,3021.0,Sunmaster,12390.909090909092,8689.628402887873,common
lidar_only,muresk_anthesis,86,3022.0,Shotgun,8963.636363636362,9861.180834307868,common
lidar_only,muresk_anthesis,87,3023.0,Ironbark,9372.727272727272,8237.733116321224,common
lidar_only,muresk_anthesis,88,3024.0,Scepter,7700.0,9221.513997037211,common
lidar_only,muresk_anthesis,89,3025.0,Shotgun,8322.727272727274,10636.799444795775,common
lidar_only,muresk_anthesis,90,3026.0,Ironbark,9822.727272727272,10205.422924572758,common
lidar_only,muresk_anthesis,91,3027.0,Bullaring,9631.818181818182,9457.318752830068,common
lidar_only,muresk_anthesis,92,3028.0,Scepter,13031.81818181818,9568.916745392731,common
lidar_only,muresk_anthesis,93,3029.0,Calibre,10090.909090909092,10452.363947865879,common
lidar_only,muresk_anthesis,94,3030.0,Magenta,12122.727272727272,10586.512778902137,common
lidar_only,muresk_anthesis,95,3031.0,Sunmaster,9831.818181818182,10340.925709929556,common
lidar_only,muresk_anthesis,96,3032.0,Nyala,9777.272727272728,8079.519586269965,common
lidar_only,muresk_anthesis,97,4001.0,Sunmaster,8336.363636363636,7773.834611961453,common
lidar_only,muresk_anthesis,98,4002.0,Calibre,5454.545454545455,7033.207209509167,common
lidar_only,muresk_anthesis,99,4003.0,Ironbark,4681.818181818182,6422.147203186776,common
lidar_only,muresk_anthesis,100,4004.0,Magenta,9281.818181818182,7823.701354204337,common
lidar_only,muresk_anthesis,101,4005.0,Scepter,8036.363636363638,9781.2284349936,common
lidar_only,muresk_anthesis,102,4006.0,Bullaring,7422.727272727274,7962.887176407219,common
lidar_only,muresk_anthesis,103,4007.0,Nyala,5863.636363636364,6500.442047466662,common
lidar_only,muresk_anthesis,104,4008.0,Shotgun,7095.454545454545,7586.7831287598,common
lidar_only,muresk_anthesis,105,4009.0,Sunmaster,9909.090909090908,8916.862103582207,common
lidar_only,muresk_anthesis,106,4010.0,Nyala,10045.454545454544,10731.396571796056,common
lidar_only,muresk_anthesis,107,4011.0,Bullaring,7750.0,8097.689993875985,common
lidar_only,muresk_anthesis,108,4012.0,Calibre,10386.363636363638,10405.540402260714,common
lidar_only,muresk_anthesis,109,4013.0,Magenta,9913.636363636364,10507.27573906619,common
lidar_only,muresk_anthesis,110,4014.0,Scepter,13109.090909090908,9495.540933344635,common
lidar_only,muresk_anthesis,111,4015.0,Shotgun,10163.636363636364,10410.337420749214,common
lidar_only,muresk_anthesis,112,4016.0,Ironbark,10304.545454545456,10206.001191476114,common
lidar_only,muresk_anthesis,113,4017.0,Sunmaster,11159.09090909091,10769.693932812652,common
lidar_only,muresk_anthesis,114,4018.0,Shotgun,9663.636363636364,10814.09237362599,common
lidar_only,muresk_anthesis,115,4019.0,Ironbark,11618.181818181818,10125.376760745457,common
lidar_only,muresk_anthesis,116,4020.0,Scepter,11386.363636363638,10963.841069272612,common
lidar_only,muresk_anthesis,117,4021.0,Calibre,12072.727272727276,10687.30682919962,common
lidar_only,muresk_anthesis,118,4022.0,Magenta,9795.454545454544,10951.762443105783,common
lidar_only,muresk_anthesis,119,4023.0,Nyala,12677.272727272724,10645.818244662629,common
lidar_only,muresk_anthesis,120,4024.0,Bullaring,9086.363636363636,10676.602976260221,common
lidar_only,muresk_anthesis,121,4025.0,Calibre,10995.454545454544,11277.461625541524,common
lidar_only,muresk_anthesis,122,4026.0,Magenta,9331.818181818182,10735.594956564857,common
lidar_only,muresk_anthesis,123,4027.0,Sunmaster,10927.272727272728,10029.933132056254,common
lidar_only,muresk_anthesis,124,4028.0,Nyala,14354.545454545456,10636.884390654366,common
lidar_only,muresk_anthesis,125,4029.0,Scepter,10854.545454545456,10604.203204307498,common
lidar_only,muresk_anthesis,126,4030.0,Ironbark,15663.636363636364,10007.663957717235,common
lidar_only,muresk_anthesis,127,4031.0,Bullaring,10786.363636363638,9916.026223530867,common
lidar_only,muresk_anthesis,128,4032.0,Shotgun,10454.545454545456,10217.245892617297,common
lidar_only,muresk_maturity,1,1001.0,Scepter,10348.484848484844,10162.887151492934,common
lidar_only,muresk_maturity,2,1002.0,Ironbark,8412.12121212121,8695.355380642986,common
lidar_only,muresk_maturity,3,1003.0,Calibre,9824.242424242424,9807.306131745834,common
lidar_only,muresk_maturity,4,1004.0,Nyala,9421.21212121212,10457.250383113193,common
lidar_only,muresk_maturity,5,1005.0,Magenta,10206.060606060606,9549.771775569185,common
lidar_only,muresk_maturity,6,1006.0,Shotgun,8293.939393939394,9800.833695174188,common
lidar_only,muresk_maturity,7,1007.0,Bullaring,7833.333333333332,8296.14317476194,common
lidar_only,muresk_maturity,8,1008.0,Sunmaster,8990.90909090909,8896.011736818245,common
lidar_only,muresk_maturity,9,1009.0,Scepter,10266.666666666668,9740.79426268446,common
lidar_only,muresk_maturity,10,1010.0,Magenta,8766.666666666666,10592.759864237496,common
lidar_only,muresk_maturity,11,1011.0,Shotgun,8812.121212121212,9586.266740632247,common
lidar_only,muresk_maturity,12,1012.0,Sunmaster,9430.30303030303,9486.47422851413,common
lidar_only,muresk_maturity,13,1013.0,Ironbark,10787.878787878784,9660.503888074469,common
lidar_only,muresk_maturity,14,1014.0,Bullaring,9699.999999999998,9357.386219515616,common
lidar_only,muresk_maturity,15,1015.0,Nyala,9848.484848484846,9542.155361107463,common
lidar_only,muresk_maturity,16,1016.0,Calibre,12727.272727272724,9959.365922781415,common
lidar_only,muresk_maturity,17,1017.0,Scepter,10163.636363636364,9009.405519403776,common
lidar_only,muresk_maturity,18,1018.0,Nyala,9609.090909090908,8634.709687752536,common
lidar_only,muresk_maturity,19,1019.0,Shotgun,8151.515151515151,9052.232432847133,common
lidar_only,muresk_maturity,20,1020.0,Magenta,9763.636363636362,9851.077695724629,common
lidar_only,muresk_maturity,21,1021.0,Bullaring,7539.39393939394,8320.799638393215,common
lidar_only,muresk_maturity,22,1022.0,Ironbark,9369.696969696968,9577.469835808583,common
lidar_only,muresk_maturity,23,1023.0,Sunmaster,8745.454545454544,9115.994411228083,common
lidar_only,muresk_maturity,24,1024.0,Calibre,10218.181818181818,10274.605775483964,common
lidar_only,muresk_maturity,25,1025.0,Nyala,7830.303030303029,9367.495654953127,common
lidar_only,muresk_maturity,26,1026.0,Sunmaster,10954.545454545452,9414.701383693022,common
lidar_only,muresk_maturity,27,1027.0,Ironbark,9924.242424242422,10268.032481702414,common
lidar_only,muresk_maturity,28,1028.0,Calibre,8969.696969696968,10029.276980744557,common
lidar_only,muresk_maturity,29,1029.0,Shotgun,10860.60606060606,9797.495574446493,common
lidar_only,muresk_maturity,30,1030.0,Bullaring,8609.090909090908,8907.550969923035,common
lidar_only,muresk_maturity,31,1031.0,Magenta,10863.63636363636,9948.868275129546,common
lidar_only,muresk_maturity,32,1032.0,Scepter,9003.030303030302,9882.714021359918,common
lidar_only,muresk_maturity,33,2001.0,Magenta,8303.030303030302,9975.499179556995,common
lidar_only,muresk_maturity,34,2002.0,Shotgun,9436.363636363636,9260.135929149648,common
lidar_only,muresk_maturity,35,2003.0,Bullaring,8615.151515151516,8129.934270835664,common
lidar_only,muresk_maturity,36,2004.0,Sunmaster,11139.393939393938,9091.653132609948,common
lidar_only,muresk_maturity,37,2005.0,Nyala,11315.151515151516,9839.088210741944,common
lidar_only,muresk_maturity,38,2006.0,Ironbark,10281.818181818182,8621.549734726756,common
lidar_only,muresk_maturity,39,2007.0,Calibre,9978.787878787878,9235.83519477264,common
lidar_only,muresk_maturity,40,2008.0,Scepter,9318.181818181818,9079.879101915609,common
lidar_only,muresk_maturity,41,2009.0,Calibre,9500.0,9178.40033298065,common
lidar_only,muresk_maturity,42,2010.0,Bullaring,7963.636363636364,9855.346190529037,common
lidar_only,muresk_maturity,43,2011.0,Nyala,9493.939393939394,8081.104257290005,common
lidar_only,muresk_maturity,44,2012.0,Ironbark,10093.939393939392,7880.5107240068755,common
lidar_only,muresk_maturity,45,2013.0,Sunmaster,8545.454545454544,9046.395621805199,common
lidar_only,muresk_maturity,46,2014.0,Shotgun,9124.242424242422,8779.836950991026,common
lidar_only,muresk_maturity,47,2015.0,Magenta,9557.575757575756,10401.89876502493,common
lidar_only,muresk_maturity,48,2016.0,Scepter,10233.333333333332,9352.272518721276,common
lidar_only,muresk_maturity,49,2017.0,Ironbark,8833.333333333332,9554.827500192228,common
lidar_only,muresk_maturity,50,2018.0,Bullaring,8718.181818181818,8104.552232510653,common
lidar_only,muresk_maturity,51,2019.0,Calibre,8669.696969696968,9720.175258592708,common
lidar_only,muresk_maturity,52,2020.0,Sunmaster,10863.63636363636,8728.005365043538,common
lidar_only,muresk_maturity,53,2021.0,Scepter,10693.939393939396,9908.949673014846,common
lidar_only,muresk_maturity,54,2022.0,Nyala,6521.21212121212,9368.545961506163,common
lidar_only,muresk_maturity,55,2023.0,Magenta,9800.000000000002,10062.530767241633,common
lidar_only,muresk_maturity,56,2024.0,Shotgun,9957.575757575756,9768.250529424247,common
lidar_only,muresk_maturity,57,2025.0,Scepter,10645.454545454544,9395.061598655004,common
lidar_only,muresk_maturity,58,2026.0,Bullaring,9100.0,9132.715215340804,common
lidar_only,muresk_maturity,59,2027.0,Magenta,11066.666666666664,10262.206279184695,common
lidar_only,muresk_maturity,60,2028.0,Shotgun,10221.212121212122,10061.879566461896,common
lidar_only,muresk_maturity,61,2029.0,Nyala,7896.969696969695,9715.46644646609,common
lidar_only,muresk_maturity,62,2030.0,Sunmaster,10778.787878787878,10199.37195342033,common
lidar_only,muresk_maturity,63,2031.0,Calibre,10757.575757575756,10408.208674506997,common
lidar_only,muresk_maturity,64,2032.0,Ironbark,9718.181818181818,10037.7288242466,common
lidar_only,muresk_maturity,65,3001.0,Nyala,8169.696969696969,8681.389057293809,common
lidar_only,muresk_maturity,66,3002.0,Bullaring,7503.030303030301,8706.478617339497,common
lidar_only,muresk_maturity,67,3003.0,Shotgun,8730.303030303028,9370.74948350984,common
lidar_only,muresk_maturity,68,3004.0,Scepter,9324.242424242424,9787.377861172115,common
lidar_only,muresk_maturity,69,3005.0,Sunmaster,8463.636363636364,9765.871900426622,common
lidar_only,muresk_maturity,70,3006.0,Calibre,7336.363636363635,9763.577618803683,common
lidar_only,muresk_maturity,71,3007.0,Ironbark,6712.121212121211,8807.273268193021,common
lidar_only,muresk_maturity,72,3008.0,Magenta,6866.666666666665,9581.823622259204,common
lidar_only,muresk_maturity,73,3009.0,Shotgun,9857.575757575758,9809.858689698409,common
lidar_only,muresk_maturity,74,3010.0,Ironbark,9627.272727272726,9546.024534577944,common
lidar_only,muresk_maturity,75,3011.0,Scepter,9357.575757575758,9360.0081660785,common
lidar_only,muresk_maturity,76,3012.0,Magenta,8057.575757575756,10340.2617853403,common
lidar_only,muresk_maturity,77,3013.0,Calibre,9309.090909090908,10055.085700959415,common
lidar_only,muresk_maturity,78,3014.0,Nyala,6409.090909090909,9074.151664287341,common
lidar_only,muresk_maturity,79,3015.0,Bullaring,8051.515151515151,9482.516790332465,common
lidar_only,muresk_maturity,80,3016.0,Sunmaster,10872.727272727272,9836.794348694331,common
lidar_only,muresk_maturity,81,3017.0,Magenta,9469.696969696968,10677.807163176123,common
lidar_only,muresk_maturity,82,3018.0,Calibre,11787.878787878784,10215.885784025142,common
lidar_only,muresk_maturity,83,3019.0,Nyala,7081.818181818181,8855.426263094474,common
lidar_only,muresk_maturity,84,3020.0,Bullaring,10675.757575757576,8698.842296217861,common
lidar_only,muresk_maturity,85,3021.0,Sunmaster,11227.272727272724,9133.325104367379,common
lidar_only,muresk_maturity,86,3022.0,Shotgun,12130.30303030303,9817.571875189067,common
lidar_only,muresk_maturity,87,3023.0,Ironbark,10536.363636363636,10157.262578799086,common
lidar_only,muresk_maturity,88,3024.0,Scepter,7996.969696969696,9649.940410537358,common
lidar_only,muresk_maturity,89,3025.0,Shotgun,11015.151515151512,10068.247859718247,common
lidar_only,muresk_maturity,90,3026.0,Ironbark,11330.30303030303,10274.608773174044,common
lidar_only,muresk_maturity,91,3027.0,Bullaring,8921.21212121212,9334.29177712708,common
lidar_only,muresk_maturity,92,3028.0,Scepter,11363.63636363636,10189.714111967323,common
lidar_only,muresk_maturity,93,3029.0,Calibre,10630.30303030303,10466.328336189172,common
lidar_only,muresk_maturity,94,3030.0,Magenta,12754.545454545456,10190.692509501681,common
lidar_only,muresk_maturity,95,3031.0,Sunmaster,11233.333333333332,9921.042362135575,common
lidar_only,muresk_maturity,96,3032.0,Nyala,7903.030303030302,9977.628550533438,common
lidar_only,muresk_maturity,97,4001.0,Sunmaster,7403.030303030302,9166.581505713682,common
lidar_only,muresk_maturity,98,4002.0,Calibre,5566.666666666666,8658.986791945856,common
lidar_only,muresk_maturity,99,4003.0,Ironbark,9281.818181818182,7063.48241743237,common
lidar_only,muresk_maturity,100,4004.0,Magenta,10490.90909090909,10588.28251314677,common
lidar_only,muresk_maturity,101,4005.0,Scepter,10827.272727272728,9745.058776293285,common
lidar_only,muresk_maturity,102,4006.0,Bullaring,6724.242424242424,8473.511193885899,common
lidar_only,muresk_maturity,103,4007.0,Nyala,7151.515151515151,8881.84027475691,common
lidar_only,muresk_maturity,104,4008.0,Shotgun,11384.848484848484,9023.615697749707,common
lidar_only,muresk_maturity,105,4009.0,Sunmaster,9636.363636363636,8424.550094316633,common
lidar_only,muresk_maturity,106,4010.0,Nyala,9393.939393939394,9993.524907734305,common
lidar_only,muresk_maturity,107,4011.0,Bullaring,8775.757575757574,9346.646711932744,common
lidar_only,muresk_maturity,108,4012.0,Calibre,8084.848484848485,10589.993802725478,common
lidar_only,muresk_maturity,109,4013.0,Magenta,9972.727272727272,10154.419404931143,common
lidar_only,muresk_maturity,110,4014.0,Scepter,8509.090909090908,9593.688125167562,common
lidar_only,muresk_maturity,111,4015.0,Shotgun,11778.787878787878,9940.815794975539,common
lidar_only,muresk_maturity,112,4016.0,Ironbark,9224.242424242422,9925.674530866463,common
lidar_only,muresk_maturity,113,4017.0,Sunmaster,8584.848484848484,10327.33449553855,common
lidar_only,muresk_maturity,114,4018.0,Shotgun,10218.181818181818,10101.689462771728,common
lidar_only,muresk_maturity,115,4019.0,Ironbark,11163.636363636364,9996.92045744681,common
lidar_only,muresk_maturity,116,4020.0,Scepter,8984.848484848484,9946.94319216407,common
lidar_only,muresk_maturity,117,4021.0,Calibre,10306.060606060604,10345.626359913345,common
lidar_only,muresk_maturity,118,4022.0,Magenta,11778.787878787878,10134.947182456584,common
lidar_only,muresk_maturity,119,4023.0,Nyala,8575.757575757576,9783.981888334018,common
lidar_only,muresk_maturity,120,4024.0,Bullaring,10509.09090909091,9213.165955945598,common
lidar_only,muresk_maturity,121,4025.0,Calibre,12303.0303030303,10342.027917549836,common
lidar_only,muresk_maturity,122,4026.0,Magenta,9693.939393939392,11002.893603052025,common
lidar_only,muresk_maturity,123,4027.0,Sunmaster,13081.81818181818,10275.084806996434,common
lidar_only,muresk_maturity,124,4028.0,Nyala,11063.636363636362,9803.61275588636,common
lidar_only,muresk_maturity,125,4029.0,Scepter,12042.424242424242,10096.825494753322,common
lidar_only,muresk_maturity,126,4030.0,Ironbark,10666.666666666664,10022.809923744408,common
lidar_only,muresk_maturity,127,4031.0,Bullaring,9109.090909090908,10192.951619569789,common
lidar_only,muresk_maturity,128,4032.0,Shotgun,11145.454545454544,10241.329317131725,common
lidar_only,agt_anthesis,1009,9034.0,St3B_H026,8821.212121,9198.6691992563,common
lidar_only,agt_anthesis,1013,13034.0,St3B_H120,9457.575758,8573.118722863142,common
lidar_only,agt_anthesis,1014,14034.0,SpB_H106,8457.575758,8630.305542440014,common
lidar_only,agt_anthesis,1015,15034.0,St3B_H049,7903.030303,7647.296015938511,common
lidar_only,agt_anthesis,1021,21034.0,SpB_H126,7100.0,9304.151552739346,common
lidar_only,agt_anthesis,1023,23034.0,SHOTGUN,9063.636364,9155.0705907954,common
lidar_only,agt_anthesis,2004,4033.0,SpB_H119,13975.75758,10088.657948980153,common
lidar_only,agt_anthesis,2005,5033.0,B3B,12021.21212,9303.324408490882,common
lidar_only,agt_anthesis,2008,8033.0,BETHLEHEM,12275.75758,9845.173879468877,common
lidar_only,agt_anthesis,2011,11033.0,St3B_H017,11393.93939,10555.012263422126,common
lidar_only,agt_anthesis,2013,13033.0,St3B_H119,9648.484848,9220.949271661402,common
lidar_only,agt_anthesis,2015,15033.0,St3B_H040,8266.666667,9452.752863484513,common
lidar_only,agt_anthesis,3004,4032.0,SpB_H156,8757.575758,9423.068038615964,common
lidar_only,agt_anthesis,3011,11032.0,SpB_H110,8766.666667,9353.141901329938,common
lidar_only,agt_anthesis,3019,19032.0,SpB_H085,9903.030303,10054.86898894023,common
lidar_only,agt_anthesis,3020,20032.0,St3B_H329,10475.75758,9252.609070474427,common
lidar_only,agt_anthesis,3021,21032.0,SpB_H087,7000.0,9110.777163909592,common
lidar_only,agt_anthesis,3024,24032.0,SHOTGUN,9363.636364,9877.212708558385,common
lidar_only,agt_anthesis,4002,2031.0,SpB_H008,8466.666667,10065.135718672609,common
lidar_only,agt_anthesis,4004,4031.0,SpB_H087,9084.848485,9559.801124088539,common
lidar_only,agt_anthesis,4007,7031.0,SpB_H053,7530.30303,10286.929957365941,common
lidar_only,agt_anthesis,4011,11031.0,St3B_H077,10375.75758,11461.455287665967,common
lidar_only,agt_anthesis,4013,13031.0,St3B_H136,8048.484848,9497.967977913044,common
lidar_only,agt_anthesis,4015,15031.0,SUNTOP,7603.030303,9858.01221748544,common
lidar_only,agt_anthesis,4019,19031.0,St3B_H017,11218.18182,10285.731029029466,common
lidar_only,agt_anthesis,4022,22031.0,SpB_H156,9009.090909,9429.119540016125,common
lidar_only,agt_anthesis,5001,1030.0,SpB_H173,9766.666667,10135.206244939964,common
lidar_only,agt_anthesis,5003,3030.0,St3B_H097,10557.57576,9223.039040956228,common
lidar_only,agt_anthesis,5004,4030.0,SpB_H102,11039.39394,9504.730450423318,common
lidar_only,agt_anthesis,5009,9030.0,SpB_H106,10012.12121,9954.23537834428,common
lidar_only,agt_anthesis,5013,13030.0,St3B_H342,7903.030303,9085.436930095555,common
lidar_only,agt_anthesis,5016,16030.0,SpB_H110,11457.57576,10181.437472890606,common
lidar_only,agt_anthesis,6002,2029.0,SpB_H022,11703.0303,10373.149586564115,common
lidar_only,agt_anthesis,6003,3029.0,St3B_H026,14039.39394,10180.147076574169,common
lidar_only,agt_anthesis,6006,6029.0,St3B_H164,9821.212121,10571.422342825892,common
lidar_only,agt_anthesis,6008,8029.0,SpB_H119,10993.93939,9943.43150506058,common
lidar_only,agt_anthesis,6011,11029.0,SUNDANCER,9648.484848,9725.738505573101,common
lidar_only,agt_anthesis,6016,16029.0,St3B_H136,11475.75758,9359.67405581208,common
lidar_only,agt_anthesis,6022,22029.0,St3B_H097,8900.0,8632.030922791206,common
lidar_only,agt_anthesis,6023,23029.0,LEVERAGE,8954.545455,9064.784534468996,common
lidar_only,agt_anthesis,7004,4028.0,SpB_H148,10993.93939,9416.566074950731,common
lidar_only,agt_anthesis,7005,5028.0,SpB_H065,11266.66667,9817.60827910506,common
lidar_only,agt_anthesis,7007,7028.0,SpB_H152,10484.84848,8477.070194983065,common
lidar_only,agt_anthesis,7013,13028.0,SpB_H048,10057.57576,9729.302597971839,common
lidar_only,agt_anthesis,7017,17028.0,SpB_H169,7981.818182,9162.885710978733,common
lidar_only,agt_anthesis,7020,20028.0,SUNMASTER,7193.939394,9897.250226129603,common
lidar_only,agt_anthesis,7022,22028.0,BETHLEHEM,6809.090909,10107.757441383526,common
lidar_only,agt_anthesis,7023,23028.0,SpB_H010,8100.0,9514.91727524319,common
lidar_only,agt_anthesis,8008,8027.0,SpB_H169,9803.030303,10408.59744604934,common
lidar_only,agt_anthesis,8014,14027.0,SpB_H152,10993.93939,9664.784137482453,common
lidar_only,agt_anthesis,8015,15027.0,SpB_H094,8848.484848,9177.579573268536,common
lidar_only,agt_anthesis,8018,18027.0,SpB_H085,9109.090909,10308.48229530089,common
lidar_only,agt_anthesis,8020,20027.0,SpB_H164,7075.757576,9978.31250016228,common
lidar_only,agt_anthesis,8021,21027.0,SHOTGUN,8336.363636,9216.833877547066,common
lidar_only,agt_anthesis,9004,4026.0,SpB_H116,10057.57576,9406.936108385733,common
lidar_only,agt_anthesis,9006,6026.0,LRPBSPITFIRE,8430.30303,9407.55326735217,common
lidar_only,agt_anthesis,9012,12026.0,SpB_H053,8130.30303,10152.465948757239,common
lidar_only,agt_anthesis,9015,15026.0,St3B_H028,11939.39394,9033.84091032085,common
lidar_only,agt_anthesis,9017,17026.0,St3B_H036,8845.454545,9571.64517720265,common
lidar_only,agt_anthesis,10001,1025.0,SpB_H102,12930.30303,9270.89737395363,common
lidar_only,agt_anthesis,10002,2025.0,SUNDANCER,8348.484848,9770.743333562543,common
lidar_only,agt_anthesis,10004,4025.0,St3B_H028,9784.848485,9893.123641144895,common
lidar_only,agt_anthesis,10006,6025.0,St3B_H029,10330.30303,9579.339856748566,common
lidar_only,agt_anthesis,10008,8025.0,SpB_H074,10057.57576,9962.167731272266,common
lidar_only,agt_anthesis,10009,9025.0,St3B_H041,9657.575758,9177.579573268536,common
lidar_only,agt_anthesis,10012,12025.0,IRONBARK,6175.757576,9686.30861867032,common
lidar_only,agt_anthesis,10016,16025.0,SpB_H010,8903.030303,9661.673841777021,common
lidar_only,agt_anthesis,10018,18025.0,B3B,9930.30303,10218.132019759054,common
lidar_only,agt_anthesis,10019,19025.0,LRPBSPITFIRE,10930.30303,9967.955576804345,common
lidar_only,agt_anthesis,10021,21025.0,St3B_H100,8400.0,7577.043610585855,common
lidar_only,agt_anthesis,11002,2024.0,B3B,9493.939394,9177.579573268536,common
lidar_only,agt_anthesis,11006,6024.0,SUNMASTER,8766.666667,9848.392261382043,common
lidar_only,agt_anthesis,11007,7024.0,St3B_H029,11648.48485,9468.874318287073,common
lidar_only,agt_anthesis,11009,9024.0,SpB_H166,9693.939394,8952.54416190895,common
lidar_only,agt_anthesis,11011,11024.0,SUNTOP,7975.757576,9809.062293797906,common
lidar_only,agt_anthesis,11014,14024.0,SpB_H032,7875.757576,9650.811402638106,common
lidar_only,agt_anthesis,11018,18024.0,SpB_H120,9230.30303,9346.56008407858,common
lidar_only,agt_anthesis,11020,20024.0,SpB_H050,9939.393939,10205.069300042876,common
lidar_only,agt_anthesis,12003,3023.0,SpB_H028,10093.93939,9389.266838709917,common
lidar_only,agt_anthesis,12007,7023.0,SpB_H120,10748.48485,9415.360512538111,common
lidar_only,agt_anthesis,12008,8023.0,IRONBARK,9930.30303,9015.086218344673,common
lidar_only,agt_anthesis,12011,11023.0,SpB_H001,7084.848485,9538.457382633462,common
lidar_only,agt_anthesis,12012,12023.0,SUNMASTER,8912.121212,9443.412085267964,common
lidar_only,agt_anthesis,12016,16023.0,B3B,10190.90909,9133.701270414786,common
lidar_only,agt_anthesis,12018,18023.0,BETHLEHEM,7939.393939,9892.509463376227,common
lidar_only,agt_anthesis,13001,1022.0,SpB_H028,9257.575758,9004.62171325648,common
lidar_only,agt_anthesis,13002,2022.0,St3B_H077,11212.12121,10248.667546806868,common
lidar_only,agt_anthesis,13007,7022.0,SpB_H116,9312.121212,9384.739662262475,common
lidar_only,agt_anthesis,13009,9022.0,SpB_H001,7175.757576,9350.46509617046,common
lidar_only,agt_anthesis,13011,11022.0,SpB_H074,9803.030303,9719.910663277013,common
lidar_only,agt_anthesis,13018,18022.0,SpB_H126,9121.212121,9971.723045101784,common
lidar_only,agt_anthesis,13020,20022.0,SpB_H049,8818.181818,9661.447417672234,common
lidar_only,agt_anthesis,13024,24022.0,BETHLEHEM,9390.909091,9531.972682271258,common
lidar_only,agt_anthesis,14001,1021.0,LRPBSPITFIRE,10784.84848,9836.72894063461,common
lidar_only,agt_anthesis,14004,4021.0,SpB_H049,11057.57576,9639.415757247523,common
lidar_only,agt_anthesis,14006,6021.0,SpB_H008,9366.666667,9439.730725281444,common
lidar_only,agt_anthesis,14007,7021.0,LEVERAGE,9312.121212,9416.22834858129,common
lidar_only,agt_anthesis,14012,12021.0,St3B_H329,10966.66667,9190.673147403071,common
lidar_only,agt_anthesis,14015,15021.0,SpB_H065,10566.66667,9569.270920970184,common
lidar_only,agt_anthesis,14016,16021.0,St3B_H119,7966.666667,9058.095626964709,common
lidar_only,agt_anthesis,14017,17021.0,St3B_H041,9272.727273,9045.827626847951,common
lidar_only,agt_anthesis,14022,22021.0,St3B_H036,10945.45455,9239.393030114277,common
lidar_only,agt_anthesis,15002,2020.0,SpB_H047,10493.93939,9160.856064527987,common
lidar_only,agt_anthesis,15004,4020.0,SpB_H173,11639.39394,10031.864832231235,common
lidar_only,agt_anthesis,15006,6020.0,SpB_H094,8403.030303,9610.400358124081,common
lidar_only,agt_anthesis,15007,7020.0,St3B_H059,10003.0303,9686.328335316437,common
lidar_only,agt_anthesis,15009,9020.0,St3B_H341,6393.939394,9048.79308353187,common
lidar_only,agt_anthesis,15010,10020.0,St3B_H164,8421.212121,8762.844880296776,common
lidar_only,agt_anthesis,15014,14020.0,St3B_H040,6866.666667,9162.896031310165,common
lidar_only,agt_anthesis,15021,21020.0,SpB_H048,7572.727273,9222.815324532356,common
lidar_only,agt_anthesis,15024,24020.0,LRPBSPITFIRE,9781.818182,10506.124875582662,common
lidar_only,agt_anthesis,16001,1019.0,SpB_H032,9257.575758,9854.193436130348,common
lidar_only,agt_anthesis,16004,4019.0,St3B_H049,8830.30303,8806.69005149193,common
lidar_only,agt_anthesis,16005,5019.0,SpB_H166,10393.93939,9198.6691992563,common
lidar_only,agt_anthesis,16009,9019.0,SpB_H148,11248.48485,10426.102605288554,common
lidar_only,agt_anthesis,16011,11019.0,St3B_H341,10175.75758,9748.60015054499,common
lidar_only,agt_anthesis,16013,13019.0,SpB_H164,10466.66667,9830.534266486511,common
lidar_only,agt_anthesis,17001,1018.0,SUNMASTER,8139.393939,9558.321761812149,common
lidar_only,agt_anthesis,17002,2018.0,St3B_H342,8893.939394,8209.90906514547,common
lidar_only,agt_anthesis,17003,3018.0,St3B_H100,9575.757576,8181.07651018809,common
lidar_only,agt_anthesis,17005,5018.0,SpB_H022,9603.030303,8887.343575357472,common
lidar_only,agt_anthesis,17006,6018.0,St3B_H059,11048.48485,9707.900204860143,common
lidar_only,agt_anthesis,17009,9018.0,SHOTGUN,11757.57576,9360.18675262115,common
lidar_only,agt_anthesis,17010,10018.0,St3B_H120,8139.393939,8740.838159691268,common
lidar_only,agt_anthesis,17014,14018.0,SpB_H050,11003.0303,9644.667879373706,common
lidar_only,agt_anthesis,17017,17018.0,SpB_H047,7672.727273,9465.545699370903,common
lidar_only,agt_anthesis,18001,1017.0,SpB_H050,10321.21212,9652.27580513916,common
lidar_only,agt_anthesis,18002,2017.0,SpB_H164,11703.0303,9501.370209040548,common
lidar_only,agt_anthesis,18009,9017.0,SpB_H049,10121.21212,9124.654033527579,common
lidar_only,agt_anthesis,18011,11017.0,SHOTGUN,9212.121212,10429.778669738267,common
lidar_only,agt_anthesis,18016,16017.0,LRPBSPITFIRE,10493.93939,9360.18675262115,common
lidar_only,agt_anthesis,18021,21017.0,SpB_H119,10536.36364,9577.72840908414,common
lidar_only,agt_anthesis,18023,23017.0,SpB_H173,10618.18182,9198.6691992563,common
lidar_only,agt_anthesis,18024,24017.0,St3B_H017,11854.54545,10398.03760992109,common
lidar_only,agt_anthesis,19003,3016.0,St3B_H120,8166.666667,9640.533902044228,common
lidar_only,agt_anthesis,19004,4016.0,LRPBSPITFIRE,9912.121212,9348.64965001971,common
lidar_only,agt_anthesis,19005,5016.0,SpB_H164,9430.30303,9753.08013748103,common
lidar_only,agt_anthesis,19008,8016.0,St3B_H329,10230.30303,9383.092319618005,common
lidar_only,agt_anthesis,19010,10016.0,SHOTGUN,8193.939394,8525.652516408254,common
lidar_only,agt_anthesis,19013,13016.0,SpB_H053,9348.484848,9741.454409697848,common
lidar_only,agt_anthesis,19017,17016.0,St3B_H341,9572.727273,8522.692190791831,common
lidar_only,agt_anthesis,19019,19016.0,SUNMASTER,9875.757576,9640.154588200294,common
lidar_only,agt_anthesis,19020,20016.0,SpB_H022,7618.181818,9278.737960529434,common
lidar_only,agt_anthesis,19021,21016.0,SpB_H152,8563.636364,8273.341644887061,common
lidar_only,agt_anthesis,19022,22016.0,SpB_H169,8754.545455,9546.093903770203,common
lidar_only,agt_anthesis,20010,10015.0,SpB_H010,8093.939394,8396.007655340192,common
lidar_only,agt_anthesis,20012,12015.0,SpB_H152,7775.757576,8173.494386338468,common
lidar_only,agt_anthesis,20016,16015.0,SpB_H001,8512.121212,8736.392094432367,common
lidar_only,agt_anthesis,20018,18015.0,LRPBSPITFIRE,8766.666667,10039.70480502592,common
lidar_only,agt_anthesis,20021,21015.0,St3B_H120,9918.181818,9623.97789623496,common
lidar_only,agt_anthesis,20024,24015.0,St3B_H329,7490.909091,9833.134635622813,common
lidar_only,agt_anthesis,21001,1014.0,SUNTOP,9312.121212,9799.749486586616,common
lidar_only,agt_anthesis,21009,9014.0,SpB_H156,8603.030303,9117.389415004203,common
lidar_only,agt_anthesis,21010,10014.0,SUNMASTER,10257.57576,8661.414633210208,common
lidar_only,agt_anthesis,21013,13014.0,St3B_H164,10230.30303,9576.031531605991,common
lidar_only,agt_anthesis,21016,16014.0,St3B_H026,8921.212121,9127.930964228864,common
lidar_only,agt_anthesis,21017,17014.0,St3B_H029,9372.727273,9628.639883875014,common
lidar_only,agt_anthesis,21018,18014.0,SpB_H074,9630.30303,9613.871499418126,common
lidar_only,agt_anthesis,21019,19014.0,SpB_H120,7703.030303,8664.461003458384,common
lidar_only,agt_anthesis,21021,21014.0,SpB_H047,11754.54545,8949.498881474201,common
lidar_only,agt_anthesis,21023,23014.0,SpB_H087,7927.272727,8980.40172239188,common
lidar_only,agt_anthesis,22004,4013.0,SpB_H120,10857.57576,9276.674343515098,common
lidar_only,agt_anthesis,22006,6013.0,SpB_H010,10966.66667,9360.18675262115,common
lidar_only,agt_anthesis,22009,9013.0,St3B_H017,14093.93939,10421.597655595508,common
lidar_only,agt_anthesis,22014,14013.0,SpB_H116,8657.575758,7800.7288778351085,common
lidar_only,agt_anthesis,22016,16013.0,St3B_H029,9275.757576,9787.010964696392,common
lidar_only,agt_anthesis,22017,17013.0,SUNDANCER,10600.0,8978.896938252885,common
lidar_only,agt_anthesis,22018,18013.0,SpB_H156,12057.57576,8831.525952928083,common
lidar_only,agt_anthesis,23001,1012.0,St3B_H040,10112.12121,9869.290981173275,common
lidar_only,agt_anthesis,23004,4012.0,SpB_H106,12121.21212,9452.33001506838,common
lidar_only,agt_anthesis,23013,13012.0,IRONBARK,8566.666667,9515.416911916824,common
lidar_only,agt_anthesis,23014,14012.0,SpB_H166,8303.030303,7994.563002338443,common
lidar_only,agt_anthesis,23018,18012.0,SpB_H102,10212.12121,9062.462033652144,common
lidar_only,agt_anthesis,24005,5011.0,St3B_H136,8584.848485,9360.18675262115,common
lidar_only,agt_anthesis,24006,6011.0,SpB_H085,10557.57576,10141.109141290619,common
lidar_only,agt_anthesis,24007,7011.0,B3B,9366.666667,9505.569954735374,common
lidar_only,agt_anthesis,24013,13011.0,St3B_H028,9066.666667,9327.729490350644,common
lidar_only,agt_anthesis,24017,17011.0,SpB_H008,11190.90909,9694.750090679137,common
lidar_only,agt_anthesis,24020,20011.0,St3B_H041,5518.181818,7447.019360401384,common
lidar_only,agt_anthesis,24021,21011.0,LEVERAGE,7327.272727,9007.504722046719,common
lidar_only,agt_anthesis,24024,24011.0,SpB_H119,8318.181818,9447.658904954767,common
lidar_only,agt_anthesis,25007,7010.0,SpB_H048,9557.575758,9450.770712592941,common
lidar_only,agt_anthesis,25010,10010.0,SpB_H065,7475.757576,8593.350948109295,common
lidar_only,agt_anthesis,25014,14010.0,SpB_H094,8784.848485,9111.667373309345,common
lidar_only,agt_anthesis,25017,17010.0,St3B_H097,7854.545455,8953.135579753947,common
lidar_only,agt_anthesis,25018,18010.0,SpB_H049,8503.030303,9536.899596280713,common
lidar_only,agt_anthesis,25020,20010.0,SpB_H116,6754.545455,8530.501818781258,common
lidar_only,agt_anthesis,25021,21010.0,SpB_H008,7954.545455,9160.856064527987,common
lidar_only,agt_anthesis,26006,6009.0,St3B_H041,9148.484848,9649.953832988658,common
lidar_only,agt_anthesis,26009,9009.0,SpB_H094,5257.575758,9410.394418557531,common
lidar_only,agt_anthesis,26011,11009.0,SpB_H050,10166.66667,9899.843456841169,common
lidar_only,agt_anthesis,26013,13009.0,St3B_H026,8893.939394,9545.291557774328,common
lidar_only,agt_anthesis,26016,16009.0,SpB_H074,12630.30303,9826.528207267498,common
lidar_only,agt_anthesis,27005,5008.0,LEVERAGE,7684.848485,9611.547157643565,common
lidar_only,agt_anthesis,27006,6008.0,SpB_H169,8993.939394,9461.398944939627,common
lidar_only,agt_anthesis,27009,9008.0,St3B_H119,8003.030303,8559.701376188994,common
lidar_only,agt_anthesis,27015,15008.0,St3B_H059,9148.484848,9407.879830972566,common
lidar_only,agt_anthesis,27023,23008.0,St3B_H049,10145.45455,7811.367946685246,common
lidar_only,agt_anthesis,28003,3007.0,St3B_H040,9203.030303,8971.863782034789,common
lidar_only,agt_anthesis,28005,5007.0,St3B_H036,9284.848485,9956.556930704885,common
lidar_only,agt_anthesis,28008,8007.0,St3B_H100,9266.666667,7809.81200637586,common
lidar_only,agt_anthesis,28010,10007.0,SpB_H126,9639.393939,8987.847831142602,common
lidar_only,agt_anthesis,28015,15007.0,SpB_H173,8348.484848,9624.237006828524,common
lidar_only,agt_anthesis,28016,16007.0,SpB_H148,9257.575758,10332.544599029074,common
lidar_only,agt_anthesis,28018,18007.0,SUNTOP,9121.212121,9685.118859085274,common
lidar_only,agt_anthesis,29005,5006.0,SpB_H048,8939.393939,9732.065799970896,common
lidar_only,agt_anthesis,29007,7006.0,St3B_H028,9193.939394,9693.219262667384,common
lidar_only,agt_anthesis,29010,10006.0,St3B_H036,9830.30303,8931.196824988801,common
lidar_only,agt_anthesis,29014,14006.0,SpB_H001,6348.484848,7496.462918698131,common
lidar_only,agt_anthesis,29016,16006.0,St3B_H164,9603.030303,9197.019011400447,common
lidar_only,agt_anthesis,29017,17006.0,SpB_H022,8781.818182,8865.517313211096,common
lidar_only,agt_anthesis,29019,19006.0,St3B_H077,11054.54545,10264.625467648548,common
lidar_only,agt_anthesis,29022,22006.0,SpB_H028,8227.272727,7657.8436662667145,common
lidar_only,agt_anthesis,30003,3005.0,St3B_H119,9339.393939,9036.252702490528,common
lidar_only,agt_anthesis,30004,4005.0,SpB_H126,10021.21212,8905.587308264074,common
lidar_only,agt_anthesis,30015,15005.0,B3B,11193.93939,9317.40667707329,common
lidar_only,agt_anthesis,30017,17005.0,SpB_H065,8290.909091,9201.750566923103,common
lidar_only,agt_anthesis,30021,21005.0,SpB_H166,8981.818182,9318.464012767428,common
lidar_only,agt_anthesis,30023,23005.0,St3B_H077,11563.63636,10719.068106971486,common
lidar_only,agt_anthesis,31003,3004.0,SpB_H032,12339.39394,9441.341183693234,common
lidar_only,agt_anthesis,31004,4004.0,B3B,8321.212121,9426.006227296977,common
lidar_only,agt_anthesis,31007,7004.0,BETHLEHEM,10084.84848,9921.924797000309,common
lidar_only,agt_anthesis,31009,9004.0,SpB_H087,9684.848485,8771.697046339343,common
lidar_only,agt_anthesis,31010,10004.0,SpB_H110,8412.121212,9691.312741805548,common
lidar_only,agt_anthesis,31011,11004.0,SpB_H047,10066.66667,8968.176760026829,common
lidar_only,agt_anthesis,31019,19004.0,SUNDANCER,6527.272727,9863.65713150139,common
lidar_only,agt_anthesis,31021,21004.0,BETHLEHEM,10390.90909,9801.859365155076,common
lidar_only,agt_anthesis,31022,22004.0,SHOTGUN,7518.181818,9711.749142239483,common
lidar_only,agt_anthesis,32006,6003.0,SHOTGUN,10403.0303,9594.788531367401,common
lidar_only,agt_anthesis,32007,7003.0,St3B_H136,5384.848485,9142.18442504382,common
lidar_only,agt_anthesis,32008,8003.0,St3B_H097,7303.030303,8536.727334054322,common
lidar_only,agt_anthesis,32018,18003.0,St3B_H059,9366.666667,9621.895926839474,common
lidar_only,agt_anthesis,32020,20003.0,SpB_H053,7709.090909,9800.272125982372,common
lidar_only,agt_anthesis,32021,21003.0,SpB_H032,9845.454545,9325.423457009405,common
lidar_only,agt_anthesis,32023,23003.0,SpB_H148,7800.0,10151.271536117634,common
lidar_only,agt_anthesis,33005,5002.0,BETHLEHEM,10503.0303,9759.636424773928,common
lidar_only,agt_anthesis,33009,9002.0,St3B_H049,11266.66667,8063.294285757478,common
lidar_only,agt_anthesis,33014,14002.0,SpB_H028,8548.484848,7793.3162954571335,common
lidar_only,agt_anthesis,33017,17002.0,SUNMASTER,7100.0,9699.559688941401,common
lidar_only,agt_anthesis,33019,19002.0,IRONBARK,6372.727273,8449.5125119416,common
lidar_only,agt_anthesis,33021,21002.0,St3B_H341,11045.45455,9360.18675262115,common
lidar_only,agt_anthesis,33022,22002.0,St3B_H342,6436.363636,7706.899428841433,common
lidar_only,agt_anthesis,34002,2001.0,SpB_H085,10066.66667,10280.716593686797,common
lidar_only,agt_anthesis,34003,3001.0,St3B_H342,8012.121212,7271.625714787979,common
lidar_only,agt_anthesis,34004,4001.0,BETHLEHEM,10439.39394,9312.227124924422,common
lidar_only,agt_anthesis,34009,9001.0,LRPBSPITFIRE,9748.484848,9752.400542523916,common
lidar_only,agt_anthesis,34014,14001.0,SUNMASTER,11157.57576,9579.117052028701,common
lidar_only,agt_anthesis,34018,18001.0,SpB_H110,9884.848485,9917.004264484278,common
lidar_only,agt_anthesis,34020,20001.0,SpB_H102,9409.090909,8500.033867379321,common
lidar_only,agt_anthesis,34021,21001.0,SpB_H106,11927.27273,9635.346988306532,common
lidar_only,agt_anthesis,34023,23001.0,St3B_H100,7800.0,6885.382975420267,common
lidar_only,agt_anthesis,34024,24001.0,B3B,11900.0,9047.024300120744,common
lidar_only,agt_maturity,1009,9034.0,St3B_H026,13218.181818181818,12778.340527148177,common
lidar_only,agt_maturity,1013,13034.0,St3B_H120,14518.18181818182,13206.092972237417,common
lidar_only,agt_maturity,1014,14034.0,SpB_H106,13454.545454545452,12978.012908069853,common
lidar_only,agt_maturity,1015,15034.0,St3B_H049,11363.63636363636,12736.084523715603,common
lidar_only,agt_maturity,1021,21034.0,SpB_H126,11745.454545454548,12976.233232844217,common
lidar_only,agt_maturity,1023,23034.0,SHOTGUN,16263.636363636364,13210.893034564802,common
lidar_only,agt_maturity,2004,4033.0,SpB_H119,14799.999999999998,13368.89120844558,common
lidar_only,agt_maturity,2005,5033.0,B3B,12100.0,12829.284887346663,common
lidar_only,agt_maturity,2008,8033.0,BETHLEHEM,13327.272727272728,12994.164757288101,common
lidar_only,agt_maturity,2011,11033.0,St3B_H017,16536.363636363636,13734.28258829162,common
lidar_only,agt_maturity,2013,13033.0,St3B_H119,13036.363636363638,12625.707633545157,common
lidar_only,agt_maturity,2015,15033.0,St3B_H040,11490.909090909092,13509.654690510188,common
lidar_only,agt_maturity,3004,4032.0,SpB_H156,13299.999999999998,12679.081632836373,common
lidar_only,agt_maturity,3011,11032.0,SpB_H110,14336.363636363638,13627.440067138641,common
lidar_only,agt_maturity,3019,19032.0,SpB_H085,13827.272727272728,13532.346187474272,common
lidar_only,agt_maturity,3020,20032.0,St3B_H329,12654.545454545456,12425.562946994087,common
lidar_only,agt_maturity,3021,21032.0,SpB_H087,12672.727272727272,13058.125316083311,common
lidar_only,agt_maturity,3024,24032.0,SHOTGUN,18227.272727272724,12772.249279137652,common
lidar_only,agt_maturity,4002,2031.0,SpB_H008,16390.90909090909,13451.368292436391,common
lidar_only,agt_maturity,4004,4031.0,SpB_H087,11163.636363636362,12658.224579793336,common
lidar_only,agt_maturity,4007,7031.0,SpB_H053,11390.90909090909,13513.315500507902,common
lidar_only,agt_maturity,4011,11031.0,St3B_H077,15981.81818181818,13044.084449340662,common
lidar_only,agt_maturity,4013,13031.0,St3B_H136,15609.09090909091,12370.758136773058,common
lidar_only,agt_maturity,4015,15031.0,SUNTOP,12081.818181818182,14201.593476593554,common
lidar_only,agt_maturity,4019,19031.0,St3B_H017,14045.454545454542,12879.472097610862,common
lidar_only,agt_maturity,4022,22031.0,SpB_H156,13554.545454545456,12606.58347837257,common
lidar_only,agt_maturity,5001,1030.0,SpB_H173,15863.63636363636,12998.230553728332,common
lidar_only,agt_maturity,5003,3030.0,St3B_H097,13854.545454545456,10942.38415206501,common
lidar_only,agt_maturity,5004,4030.0,SpB_H102,10990.909090909092,12306.547126670244,common
lidar_only,agt_maturity,5009,9030.0,SpB_H106,15809.09090909091,13527.351127975506,common
lidar_only,agt_maturity,5013,13030.0,St3B_H342,11499.999999999998,10396.262023023288,common
lidar_only,agt_maturity,5016,16030.0,SpB_H110,10309.09090909091,12739.12410080522,common
lidar_only,agt_maturity,6002,2029.0,SpB_H022,11700.000000000002,13505.568575045163,common
lidar_only,agt_maturity,6003,3029.0,St3B_H026,10718.181818181818,12952.517810956368,common
lidar_only,agt_maturity,6006,6029.0,St3B_H164,14900.0,12829.189483819555,common
lidar_only,agt_maturity,6008,8029.0,SpB_H119,16445.454545454544,13176.036055433846,common
lidar_only,agt_maturity,6011,11029.0,SUNDANCER,13018.18181818182,13226.674904118765,common
lidar_only,agt_maturity,6016,16029.0,St3B_H136,12127.272727272728,12277.135363852633,common
lidar_only,agt_maturity,6022,22029.0,St3B_H097,10063.636363636364,11653.15201586008,common
lidar_only,agt_maturity,6023,23029.0,LEVERAGE,17636.363636363632,13208.810403451875,common
lidar_only,agt_maturity,7004,4028.0,SpB_H148,12018.18181818182,13466.80621708084,common
lidar_only,agt_maturity,7005,5028.0,SpB_H065,13172.727272727272,12838.85983566808,common
lidar_only,agt_maturity,7007,7028.0,SpB_H152,12145.454545454544,11810.78210473965,common
lidar_only,agt_maturity,7013,13028.0,SpB_H048,12645.454545454544,13484.977926618585,common
lidar_only,agt_maturity,7017,17028.0,SpB_H169,12972.727272727276,13269.905992842934,common
lidar_only,agt_maturity,7020,20028.0,SUNMASTER,14299.999999999998,12551.783836229304,common
lidar_only,agt_maturity,7022,22028.0,BETHLEHEM,14372.727272727272,12676.438433830739,common
lidar_only,agt_maturity,7023,23028.0,SpB_H010,11990.909090909092,13164.748235138783,common
lidar_only,agt_maturity,8008,8027.0,SpB_H169,14109.09090909091,12652.179429356094,common
lidar_only,agt_maturity,8014,14027.0,SpB_H152,13054.545454545456,12633.690977525945,common
lidar_only,agt_maturity,8015,15027.0,SpB_H094,13627.272727272728,12881.325727500815,common
lidar_only,agt_maturity,8018,18027.0,SpB_H085,14436.363636363636,13388.408151149026,common
lidar_only,agt_maturity,8020,20027.0,SpB_H164,14900.0,13280.747269141755,common
lidar_only,agt_maturity,8021,21027.0,SHOTGUN,12345.454545454542,12741.750630562672,common
lidar_only,agt_maturity,9004,4026.0,SpB_H116,12745.454545454548,12713.614872601718,common
lidar_only,agt_maturity,9006,6026.0,LRPBSPITFIRE,12790.909090909092,12980.104946038979,common
lidar_only,agt_maturity,9012,12026.0,SpB_H053,9436.363636363636,13911.773473382043,common
lidar_only,agt_maturity,9015,15026.0,St3B_H028,12763.636363636364,12742.112010954295,common
lidar_only,agt_maturity,9017,17026.0,St3B_H036,13990.909090909092,13301.865405222497,common
lidar_only,agt_maturity,10001,1025.0,SpB_H102,15072.72727272727,12691.07240401234,common
lidar_only,agt_maturity,10002,2025.0,SUNDANCER,13927.27272727273,12883.633305708237,common
lidar_only,agt_maturity,10004,4025.0,St3B_H028,15109.09090909091,12832.671475679435,common
lidar_only,agt_maturity,10006,6025.0,St3B_H029,9409.090909090906,12851.519483635928,common
lidar_only,agt_maturity,10008,8025.0,SpB_H074,11627.272727272728,13183.834405239355,common
lidar_only,agt_maturity,10009,9025.0,St3B_H041,13672.727272727272,12689.81750534796,common
lidar_only,agt_maturity,10012,12025.0,IRONBARK,15327.272727272728,12957.253838446162,common
lidar_only,agt_maturity,10016,16025.0,SpB_H010,13036.363636363638,12864.858657548599,common
lidar_only,agt_maturity,10018,18025.0,B3B,13218.181818181818,12577.12981413756,common
lidar_only,agt_maturity,10019,19025.0,LRPBSPITFIRE,15981.81818181818,13513.976040743968,common
lidar_only,agt_maturity,10021,21025.0,St3B_H100,10527.272727272724,12130.589607675372,common
lidar_only,agt_maturity,11002,2024.0,B3B,14472.727272727276,12231.957440370366,common
lidar_only,agt_maturity,11006,6024.0,SUNMASTER,14236.363636363636,12673.860108281557,common
lidar_only,agt_maturity,11007,7024.0,St3B_H029,12636.363636363632,12395.732006923992,common
lidar_only,agt_maturity,11009,9024.0,SpB_H166,13027.272727272724,11891.713519349183,common
lidar_only,agt_maturity,11011,11024.0,SUNTOP,16772.727272727272,13077.452994885376,common
lidar_only,agt_maturity,11014,14024.0,SpB_H032,11327.272727272728,12823.231651239943,common
lidar_only,agt_maturity,11018,18024.0,SpB_H120,14445.454545454544,12735.37421248415,common
lidar_only,agt_maturity,11020,20024.0,SpB_H050,12654.545454545456,13493.527116954634,common
lidar_only,agt_maturity,12003,3023.0,SpB_H028,15118.181818181818,12541.893155658423,common
lidar_only,agt_maturity,12007,7023.0,SpB_H120,11200.000000000002,13159.696354478712,common
lidar_only,agt_maturity,12008,8023.0,IRONBARK,10763.636363636364,12215.956627413063,common
lidar_only,agt_maturity,12011,11023.0,SpB_H001,12218.181818181818,12947.535776084505,common
lidar_only,agt_maturity,12012,12023.0,SUNMASTER,11936.363636363636,12743.48500405911,common
lidar_only,agt_maturity,12016,16023.0,B3B,11590.909090909088,12078.578599037804,common
lidar_only,agt_maturity,12018,18023.0,BETHLEHEM,12799.999999999998,13254.038367421937,common
lidar_only,agt_maturity,13001,1022.0,SpB_H028,17909.090909090904,12527.607492503925,common
lidar_only,agt_maturity,13002,2022.0,St3B_H077,13063.636363636364,12966.44920458841,common
lidar_only,agt_maturity,13007,7022.0,SpB_H116,13309.09090909091,12713.614872601718,common
lidar_only,agt_maturity,13009,9022.0,SpB_H001,13472.727272727276,12412.451197793896,common
lidar_only,agt_maturity,13011,11022.0,SpB_H074,12990.909090909092,13467.205340047187,common
lidar_only,agt_maturity,13018,18022.0,SpB_H126,13545.454545454542,12825.134445424152,common
lidar_only,agt_maturity,13020,20022.0,SpB_H049,10290.909090909092,12972.858402071326,common
lidar_only,agt_maturity,13024,24022.0,BETHLEHEM,9963.636363636362,12551.783836229304,common
lidar_only,agt_maturity,14001,1021.0,LRPBSPITFIRE,14981.81818181818,13479.121974707916,common
lidar_only,agt_maturity,14004,4021.0,SpB_H049,13281.81818181818,13005.519155182994,common
lidar_only,agt_maturity,14006,6021.0,SpB_H008,9299.999999999998,13308.84168815109,common
lidar_only,agt_maturity,14007,7021.0,LEVERAGE,13436.363636363636,12734.559736466683,common
lidar_only,agt_maturity,14012,12021.0,St3B_H329,13272.72727272727,12462.801696944853,common
lidar_only,agt_maturity,14015,15021.0,SpB_H065,11809.09090909091,12818.849198615708,common
lidar_only,agt_maturity,14016,16021.0,St3B_H119,10463.636363636362,12451.012745507656,common
lidar_only,agt_maturity,14017,17021.0,St3B_H041,12518.18181818182,12773.3542463691,common
lidar_only,agt_maturity,14022,22021.0,St3B_H036,10909.090909090904,12943.376235138105,common
lidar_only,agt_maturity,15002,2020.0,SpB_H047,13663.636363636362,12535.085682432098,common
lidar_only,agt_maturity,15004,4020.0,SpB_H173,15227.272727272724,12839.227454853755,common
lidar_only,agt_maturity,15006,6020.0,SpB_H094,13254.545454545452,12531.917075967232,common
lidar_only,agt_maturity,15007,7020.0,St3B_H059,16190.90909090909,13041.499658349869,common
lidar_only,agt_maturity,15009,9020.0,St3B_H341,13499.999999999998,12514.960374994806,common
lidar_only,agt_maturity,15010,10020.0,St3B_H164,12772.72727272727,11339.996807164687,common
lidar_only,agt_maturity,15014,14020.0,St3B_H040,12418.181818181818,12822.718672556752,common
lidar_only,agt_maturity,15021,21020.0,SpB_H048,12445.454545454544,12999.273397185214,common
lidar_only,agt_maturity,15024,24020.0,LRPBSPITFIRE,16981.81818181818,13997.918894163968,common
lidar_only,agt_maturity,16001,1019.0,SpB_H032,13327.272727272728,12850.766985198828,common
lidar_only,agt_maturity,16004,4019.0,St3B_H049,15054.545454545456,12818.849198615708,common
lidar_only,agt_maturity,16005,5019.0,SpB_H166,14572.72727272727,12551.783836229304,common
lidar_only,agt_maturity,16009,9019.0,SpB_H148,12454.545454545452,12679.323718504746,common
lidar_only,agt_maturity,16011,11019.0,St3B_H341,14745.454545454548,13095.106786192253,common
lidar_only,agt_maturity,16013,13019.0,SpB_H164,11490.909090909092,13685.831947528326,common
lidar_only,agt_maturity,17001,1018.0,SUNMASTER,11972.727272727276,12672.084309961845,common
lidar_only,agt_maturity,17002,2018.0,St3B_H342,12018.18181818182,11948.202471660901,common
lidar_only,agt_maturity,17003,3018.0,St3B_H100,13272.72727272727,12441.767903541071,common
lidar_only,agt_maturity,17005,5018.0,SpB_H022,12218.181818181818,13179.740957162134,common
lidar_only,agt_maturity,17006,6018.0,St3B_H059,12145.454545454544,13261.518279338412,common
lidar_only,agt_maturity,17009,9018.0,SHOTGUN,13999.999999999998,12467.231944382893,common
lidar_only,agt_maturity,17010,10018.0,St3B_H120,12309.09090909091,12055.549283729797,common
lidar_only,agt_maturity,17014,14018.0,SpB_H050,13981.81818181818,13662.475933422305,common
lidar_only,agt_maturity,17017,17018.0,SpB_H047,12390.90909090909,12679.568217677177,common
lidar_only,agt_maturity,18001,1017.0,SpB_H050,11054.545454545456,13079.435754452068,common
lidar_only,agt_maturity,18002,2017.0,SpB_H164,13700.000000000002,13378.909551858993,common
lidar_only,agt_maturity,18009,9017.0,SpB_H049,9818.181818181816,13007.332500719043,common
lidar_only,agt_maturity,18011,11017.0,SHOTGUN,12372.727272727272,13240.660045206872,common
lidar_only,agt_maturity,18016,16017.0,LRPBSPITFIRE,13327.272727272728,12986.140598147651,common
lidar_only,agt_maturity,18021,21017.0,SpB_H119,11672.727272727272,13621.350344833301,common
lidar_only,agt_maturity,18023,23017.0,SpB_H173,13600.0,13294.924171052959,common
lidar_only,agt_maturity,18024,24017.0,St3B_H017,11499.999999999998,13359.621828179314,common
lidar_only,agt_maturity,19003,3016.0,St3B_H120,13809.09090909091,13345.886280757697,common
lidar_only,agt_maturity,19004,4016.0,LRPBSPITFIRE,15345.454545454542,13199.833287210358,common
lidar_only,agt_maturity,19005,5016.0,SpB_H164,13954.545454545452,13679.520473514247,common
lidar_only,agt_maturity,19008,8016.0,St3B_H329,15009.090909090908,12503.289209744009,common
lidar_only,agt_maturity,19010,10016.0,SHOTGUN,10590.909090909088,12375.565257943364,common
lidar_only,agt_maturity,19013,13016.0,SpB_H053,13718.181818181818,13497.426792929318,common
lidar_only,agt_maturity,19017,17016.0,St3B_H341,12454.545454545452,13023.152892125714,common
lidar_only,agt_maturity,19019,19016.0,SUNMASTER,12299.999999999998,12571.692497669163,common
lidar_only,agt_maturity,19020,20016.0,SpB_H022,10427.27272727273,12564.094262735758,common
lidar_only,agt_maturity,19021,21016.0,SpB_H152,15454.545454545452,12210.3735507049,common
lidar_only,agt_maturity,19022,22016.0,SpB_H169,11527.272727272724,12678.19488515169,common
lidar_only,agt_maturity,20010,10015.0,SpB_H010,9900.0,12214.251949694335,common
lidar_only,agt_maturity,20012,12015.0,SpB_H152,12799.999999999998,12632.351070058749,common
lidar_only,agt_maturity,20016,16015.0,SpB_H001,11454.545454545452,12656.966402394943,common
lidar_only,agt_maturity,20018,18015.0,LRPBSPITFIRE,13809.09090909091,13444.215132912552,common
lidar_only,agt_maturity,20021,21015.0,St3B_H120,11936.363636363636,12223.816072444439,common
lidar_only,agt_maturity,20024,24015.0,St3B_H329,12327.272727272728,11843.679252502943,common
lidar_only,agt_maturity,21001,1014.0,SUNTOP,14445.454545454544,12900.820973811435,common
lidar_only,agt_maturity,21009,9014.0,SpB_H156,11618.181818181818,12713.614872601718,common
lidar_only,agt_maturity,21010,10014.0,SUNMASTER,13663.636363636362,12382.050693659074,common
lidar_only,agt_maturity,21013,13014.0,St3B_H164,14609.09090909091,13000.437345966107,common
lidar_only,agt_maturity,21016,16014.0,St3B_H026,10809.09090909091,12810.161101304786,common
lidar_only,agt_maturity,21017,17014.0,St3B_H029,14827.272727272728,13279.570838141322,common
lidar_only,agt_maturity,21018,18014.0,SpB_H074,11900.0,12885.421263719123,common
lidar_only,agt_maturity,21019,19014.0,SpB_H120,11154.545454545456,12696.080145940072,common
lidar_only,agt_maturity,21021,21014.0,SpB_H047,12036.363636363638,12307.880702475235,common
lidar_only,agt_maturity,21023,23014.0,SpB_H087,7499.999999999998,12564.094262735758,common
lidar_only,agt_maturity,22004,4013.0,SpB_H120,14854.545454545456,12829.884831623765,common
lidar_only,agt_maturity,22006,6013.0,SpB_H010,9190.90909090909,12717.918029659431,common
lidar_only,agt_maturity,22009,9013.0,St3B_H017,9499.999999999998,12858.832784006643,common
lidar_only,agt_maturity,22014,14013.0,SpB_H116,12727.272727272724,12589.377458478933,common
lidar_only,agt_maturity,22016,16013.0,St3B_H029,14281.81818181818,13138.056892687955,common
lidar_only,agt_maturity,22017,17013.0,SUNDANCER,12063.636363636364,13136.053125009214,common
lidar_only,agt_maturity,22018,18013.0,SpB_H156,10954.545454545452,12622.621805387163,common
lidar_only,agt_maturity,23001,1012.0,St3B_H040,15472.727272727272,13366.615704935737,common
lidar_only,agt_maturity,23004,4012.0,SpB_H106,16509.090909090908,13275.062511572092,common
lidar_only,agt_maturity,23013,13012.0,IRONBARK,12836.363636363638,12714.785681303229,common
lidar_only,agt_maturity,23014,14012.0,SpB_H166,14772.72727272727,11959.224038639602,common
lidar_only,agt_maturity,23018,18012.0,SpB_H102,13900.0,11995.346310125002,common
lidar_only,agt_maturity,24005,5011.0,St3B_H136,15590.909090909088,12606.758657926557,common
lidar_only,agt_maturity,24006,6011.0,SpB_H085,11654.545454545456,13857.044520433734,common
lidar_only,agt_maturity,24007,7011.0,B3B,8772.72727272727,12440.987736704097,common
lidar_only,agt_maturity,24013,13011.0,St3B_H028,13890.90909090909,12838.981967699125,common
lidar_only,agt_maturity,24017,17011.0,SpB_H008,13709.090909090908,13284.546512061877,common
lidar_only,agt_maturity,24020,20011.0,St3B_H041,15472.727272727276,12730.396578358559,common
lidar_only,agt_maturity,24021,21011.0,LEVERAGE,13872.727272727272,13094.177438210389,common
lidar_only,agt_maturity,24024,24011.0,SpB_H119,16581.818181818184,13366.193807042526,common
lidar_only,agt_maturity,25007,7010.0,SpB_H048,11418.181818181818,12986.248799657065,common
lidar_only,agt_maturity,25010,10010.0,SpB_H065,10309.09090909091,12618.836858744899,common
lidar_only,agt_maturity,25014,14010.0,SpB_H094,11372.727272727272,12538.44633491277,common
lidar_only,agt_maturity,25017,17010.0,St3B_H097,11472.727272727276,11170.830534056935,common
lidar_only,agt_maturity,25018,18010.0,SpB_H049,12945.454545454544,12606.887306961746,common
lidar_only,agt_maturity,25020,20010.0,SpB_H116,12454.545454545452,12387.406997740314,common
lidar_only,agt_maturity,25021,21010.0,SpB_H008,12036.363636363638,13207.16539644028,common
lidar_only,agt_maturity,26006,6009.0,St3B_H041,10563.636363636364,12767.290323711277,common
lidar_only,agt_maturity,26009,9009.0,SpB_H094,11872.727272727272,12848.820633965974,common
lidar_only,agt_maturity,26011,11009.0,SpB_H050,10672.727272727272,13248.032450615485,common
lidar_only,agt_maturity,26013,13009.0,St3B_H026,14045.454545454542,12839.327637262613,common
lidar_only,agt_maturity,26016,16009.0,SpB_H074,13072.72727272727,13369.33278517,common
lidar_only,agt_maturity,27005,5008.0,LEVERAGE,14763.636363636364,13586.378641836522,common
lidar_only,agt_maturity,27006,6008.0,SpB_H169,11845.454545454542,12439.277483696656,common
lidar_only,agt_maturity,27009,9008.0,St3B_H119,11936.363636363636,12386.917000747628,common
lidar_only,agt_maturity,27015,15008.0,St3B_H059,14672.727272727272,13234.382538659986,common
lidar_only,agt_maturity,27023,23008.0,St3B_H049,14736.363636363636,12364.336837197352,common
lidar_only,agt_maturity,28003,3007.0,St3B_H040,16145.454545454544,13421.255795062008,common
lidar_only,agt_maturity,28005,5007.0,St3B_H036,13427.27272727273,13513.137625951227,common
lidar_only,agt_maturity,28008,8007.0,St3B_H100,12145.454545454544,12108.53191379053,common
lidar_only,agt_maturity,28010,10007.0,SpB_H126,11936.363636363636,12372.606718107216,common
lidar_only,agt_maturity,28015,15007.0,SpB_H173,10254.545454545452,13028.150940719406,common
lidar_only,agt_maturity,28016,16007.0,SpB_H148,12609.09090909091,13210.89088328735,common
lidar_only,agt_maturity,28018,18007.0,SUNTOP,11981.81818181818,12796.142886856242,common
lidar_only,agt_maturity,29005,5006.0,SpB_H048,12072.72727272727,12965.317856813608,common
lidar_only,agt_maturity,29007,7006.0,St3B_H028,12509.090909090908,13323.015675561748,common
lidar_only,agt_maturity,29010,10006.0,St3B_H036,13763.636363636364,12551.783836229304,common
lidar_only,agt_maturity,29014,14006.0,SpB_H001,7681.818181818179,12629.485214947274,common
lidar_only,agt_maturity,29016,16006.0,St3B_H164,10763.636363636364,12783.033857024775,common
lidar_only,agt_maturity,29017,17006.0,SpB_H022,14072.72727272727,12564.310112540674,common
lidar_only,agt_maturity,29019,19006.0,St3B_H077,11672.727272727272,13370.728002211385,common
lidar_only,agt_maturity,29022,22006.0,SpB_H028,10518.18181818182,11987.001955612459,common
lidar_only,agt_maturity,30003,3005.0,St3B_H119,11718.181818181818,12435.211533690603,common
lidar_only,agt_maturity,30004,4005.0,SpB_H126,11799.999999999998,12656.847032332182,common
lidar_only,agt_maturity,30015,15005.0,B3B,10418.181818181818,12817.362508016,common
lidar_only,agt_maturity,30017,17005.0,SpB_H065,11890.90909090909,12578.046190349016,common
lidar_only,agt_maturity,30021,21005.0,SpB_H166,13127.272727272728,12094.030200956864,common
lidar_only,agt_maturity,30023,23005.0,St3B_H077,14036.363636363638,13607.656294086166,common
lidar_only,agt_maturity,31003,3004.0,SpB_H032,11700.000000000002,12791.866900356135,common
lidar_only,agt_maturity,31004,4004.0,B3B,15190.90909090909,12214.143219085772,common
lidar_only,agt_maturity,31007,7004.0,BETHLEHEM,12718.181818181818,13039.147526091574,common
lidar_only,agt_maturity,31009,9004.0,SpB_H087,12709.090909090908,12446.40686275501,common
lidar_only,agt_maturity,31010,10004.0,SpB_H110,11836.363636363638,13341.35181966385,common
lidar_only,agt_maturity,31011,11004.0,SpB_H047,12972.727272727276,12079.399475769305,common
lidar_only,agt_maturity,31019,19004.0,SUNDANCER,12809.09090909091,12663.53125589809,common
lidar_only,agt_maturity,31021,21004.0,BETHLEHEM,14754.545454545452,12564.094262735758,common
lidar_only,agt_maturity,31022,22004.0,SHOTGUN,18200.000000000004,12782.41927806277,common
lidar_only,agt_maturity,32006,6003.0,SHOTGUN,16999.999999999996,12551.783836229304,common
lidar_only,agt_maturity,32007,7003.0,St3B_H136,15354.545454545456,12375.316544776584,common
lidar_only,agt_maturity,32008,8003.0,St3B_H097,10100.0,11504.214218490488,common
lidar_only,agt_maturity,32018,18003.0,St3B_H059,14672.727272727272,12572.997136834036,common
lidar_only,agt_maturity,32020,20003.0,SpB_H053,14418.181818181818,13518.184671155237,common
lidar_only,agt_maturity,32021,21003.0,SpB_H032,10127.272727272728,12822.914082301617,common
lidar_only,agt_maturity,32023,23003.0,SpB_H148,8627.272727272728,12911.671187348602,common
lidar_only,agt_maturity,33005,5002.0,BETHLEHEM,12400.0,12810.584570761617,common
lidar_only,agt_maturity,33009,9002.0,St3B_H049,11236.363636363636,12551.783836229304,common
lidar_only,agt_maturity,33014,14002.0,SpB_H028,11272.72727272727,12563.408546489718,common
lidar_only,agt_maturity,33017,17002.0,SUNMASTER,14872.727272727272,12627.974732227653,common
lidar_only,agt_maturity,33019,19002.0,IRONBARK,11409.090909090904,12768.816084334778,common
lidar_only,agt_maturity,33021,21002.0,St3B_H341,10809.09090909091,12759.814030438018,common
lidar_only,agt_maturity,33022,22002.0,St3B_H342,11781.81818181818,12175.072445473874,common
lidar_only,agt_maturity,34002,2001.0,SpB_H085,15036.363636363638,13238.158098648062,common
lidar_only,agt_maturity,34003,3001.0,St3B_H342,14018.18181818182,12009.122307187898,common
lidar_only,agt_maturity,34004,4001.0,BETHLEHEM,11518.18181818182,12739.94077045475,common
lidar_only,agt_maturity,34009,9001.0,LRPBSPITFIRE,13954.545454545452,12976.656557172906,common
lidar_only,agt_maturity,34014,14001.0,SUNMASTER,11536.363636363638,12337.417853140729,common
lidar_only,agt_maturity,34018,18001.0,SpB_H110,10463.636363636362,13227.420874360478,common
lidar_only,agt_maturity,34020,20001.0,SpB_H102,10872.727272727272,12333.457499371805,common
lidar_only,agt_maturity,34021,21001.0,SpB_H106,14672.727272727272,13314.819883218739,common
lidar_only,agt_maturity,34023,23001.0,St3B_H100,11454.545454545452,11415.441902576878,common
lidar_only,agt_maturity,34024,24001.0,B3B,11881.818181818182,11886.30056849414,common
vnir_only,muresk_anthesis,1,1001.0,Scepter,6613.636363636364,9176.359778477163,common
vnir_only,muresk_anthesis,2,1002.0,Ironbark,6140.90909090909,9411.145069038586,common
vnir_only,muresk_anthesis,3,1003.0,Calibre,6859.090909090909,9291.461726326974,common
vnir_only,muresk_anthesis,4,1004.0,Nyala,8554.545454545454,9176.430508448224,common
vnir_only,muresk_anthesis,5,1005.0,Magenta,9804.545454545454,9214.98948028129,common
vnir_only,muresk_anthesis,6,1006.0,Shotgun,6654.545454545455,9274.551151670152,common
vnir_only,muresk_anthesis,7,1007.0,Bullaring,6950.0,9134.5794646335,common
vnir_only,muresk_anthesis,8,1008.0,Sunmaster,9413.636363636364,9260.8669906855,common
vnir_only,muresk_anthesis,9,1009.0,Scepter,9822.727272727272,9190.547182731932,common
vnir_only,muresk_anthesis,10,1010.0,Magenta,10427.272727272728,9214.921204148288,common
vnir_only,muresk_anthesis,11,1011.0,Shotgun,10404.545454545456,9233.930670187981,common
vnir_only,muresk_anthesis,12,1012.0,Sunmaster,8504.545454545454,9214.886190942978,common
vnir_only,muresk_anthesis,13,1013.0,Ironbark,8986.363636363636,9291.892446297523,common
vnir_only,muresk_anthesis,14,1014.0,Bullaring,7545.454545454545,9259.203383237014,common
vnir_only,muresk_anthesis,15,1015.0,Nyala,7590.909090909091,9319.104516618674,common
vnir_only,muresk_anthesis,16,1016.0,Calibre,10836.363636363638,9319.204421484277,common
vnir_only,muresk_anthesis,17,1017.0,Scepter,10909.09090909091,9214.855304404438,common
vnir_only,muresk_anthesis,18,1018.0,Nyala,8118.181818181818,9233.923465132622,common
vnir_only,muresk_anthesis,19,1019.0,Shotgun,8881.818181818182,9176.304988029262,common
vnir_only,muresk_anthesis,20,1020.0,Magenta,9454.545454545456,9319.228196470818,common
vnir_only,muresk_anthesis,21,1021.0,Bullaring,8822.727272727272,9414.258327861178,common
vnir_only,muresk_anthesis,22,1022.0,Ironbark,9904.545454545456,9260.78442527995,common
vnir_only,muresk_anthesis,23,1023.0,Sunmaster,10109.090909090908,9176.321798700072,common
vnir_only,muresk_anthesis,24,1024.0,Calibre,9231.818181818182,9190.960690058946,common
vnir_only,muresk_anthesis,25,1025.0,Nyala,10204.545454545456,9134.311969011913,common
vnir_only,muresk_anthesis,26,1026.0,Sunmaster,6595.454545454545,9134.39786920798,common
vnir_only,muresk_anthesis,27,1027.0,Ironbark,10686.363636363636,9260.69099027888,common
vnir_only,muresk_anthesis,28,1028.0,Calibre,10227.272727272728,9277.812794998827,common
vnir_only,muresk_anthesis,29,1029.0,Shotgun,8836.363636363636,9291.879837115395,common
vnir_only,muresk_anthesis,30,1030.0,Bullaring,9677.272727272728,9134.425511145617,common
vnir_only,muresk_anthesis,31,1031.0,Magenta,10650.0,8694.862993773839,common
vnir_only,muresk_anthesis,32,1032.0,Scepter,11245.454545454544,9260.222321467947,common
vnir_only,muresk_anthesis,33,2001.0,Magenta,9604.545454545456,9190.570380056524,common
vnir_only,muresk_anthesis,34,2002.0,Shotgun,6631.818181818182,9176.274604376422,common
vnir_only,muresk_anthesis,35,2003.0,Bullaring,8150.0,8843.166462105706,common
vnir_only,muresk_anthesis,36,2004.0,Sunmaster,6350.0,9260.013724664892,common
vnir_only,muresk_anthesis,37,2005.0,Nyala,8109.090909090909,9259.465552153575,common
vnir_only,muresk_anthesis,38,2006.0,Ironbark,7150.0,9176.333877497378,common
vnir_only,muresk_anthesis,39,2007.0,Calibre,7900.0,9214.80972506604,common
vnir_only,muresk_anthesis,40,2008.0,Scepter,6895.454545454545,9260.698467557646,common
vnir_only,muresk_anthesis,41,2009.0,Calibre,6945.454545454546,9214.718066887015,common
vnir_only,muresk_anthesis,42,2010.0,Bullaring,9504.545454545454,9259.749592563649,common
vnir_only,muresk_anthesis,43,2011.0,Nyala,7990.909090909091,9233.843270113191,common
vnir_only,muresk_anthesis,44,2012.0,Ironbark,6281.818181818181,9259.977409195688,common
vnir_only,muresk_anthesis,45,2013.0,Sunmaster,5740.909090909091,9233.868644243226,common
vnir_only,muresk_anthesis,46,2014.0,Shotgun,7290.909090909091,9274.522330557253,common
vnir_only,muresk_anthesis,47,2015.0,Magenta,8636.363636363636,9233.85179080093,common
vnir_only,muresk_anthesis,48,2016.0,Scepter,9427.272727272728,9291.503713080463,common
vnir_only,muresk_anthesis,49,2017.0,Ironbark,10895.454545454544,9134.513767578133,common
vnir_only,muresk_anthesis,50,2018.0,Bullaring,8613.636363636364,9319.173311753064,common
vnir_only,muresk_anthesis,51,2019.0,Calibre,9559.09090909091,9418.905063411094,common
vnir_only,muresk_anthesis,52,2020.0,Sunmaster,8309.09090909091,9274.565499331797,common
vnir_only,muresk_anthesis,53,2021.0,Scepter,9859.090909090908,9214.843362470945,common
vnir_only,muresk_anthesis,54,2022.0,Nyala,6422.727272727274,9190.705511872105,common
vnir_only,muresk_anthesis,55,2023.0,Magenta,10272.727272727272,9190.716300053766,common
vnir_only,muresk_anthesis,56,2024.0,Shotgun,8822.727272727272,9233.932863032049,common
vnir_only,muresk_anthesis,57,2025.0,Scepter,8404.545454545456,9291.91867345116,common
vnir_only,muresk_anthesis,58,2026.0,Bullaring,8263.636363636364,9233.841390550775,common
vnir_only,muresk_anthesis,59,2027.0,Magenta,9109.090909090908,9214.948839665,common
vnir_only,muresk_anthesis,60,2028.0,Shotgun,10418.181818181818,9233.916823956117,common
vnir_only,muresk_anthesis,61,2029.0,Nyala,6877.272727272728,9291.743154679176,common
vnir_only,muresk_anthesis,62,2030.0,Sunmaster,9954.545454545456,9274.561346059034,common
vnir_only,muresk_anthesis,63,2031.0,Calibre,10545.454545454544,9176.324911790643,common
vnir_only,muresk_anthesis,64,2032.0,Ironbark,11895.454545454544,9176.355544658172,common
vnir_only,muresk_anthesis,65,3001.0,Nyala,10195.454545454544,9214.852365812041,common
vnir_only,muresk_anthesis,66,3002.0,Bullaring,6545.454545454545,9418.426726121075,common
vnir_only,muresk_anthesis,67,3003.0,Shotgun,11363.636363636362,9319.133223350149,common
vnir_only,muresk_anthesis,68,3004.0,Scepter,7500.0,9214.872998501902,common
vnir_only,muresk_anthesis,69,3005.0,Sunmaster,13609.090909090908,9233.938063207177,common
vnir_only,muresk_anthesis,70,3006.0,Calibre,10118.181818181818,9134.462449829622,common
vnir_only,muresk_anthesis,71,3007.0,Ironbark,6881.818181818182,9190.869082020781,common
vnir_only,muresk_anthesis,72,3008.0,Magenta,6554.545454545454,9214.930770279312,common
vnir_only,muresk_anthesis,73,3009.0,Shotgun,7095.454545454545,9319.236543023024,common
vnir_only,muresk_anthesis,74,3010.0,Ironbark,10213.636363636362,9319.283713829836,common
vnir_only,muresk_anthesis,75,3011.0,Scepter,7877.272727272726,9233.925282059094,common
vnir_only,muresk_anthesis,76,3012.0,Magenta,7095.454545454545,9319.287760666193,common
vnir_only,muresk_anthesis,77,3013.0,Calibre,9286.363636363636,9420.00753644883,common
vnir_only,muresk_anthesis,78,3014.0,Nyala,7081.818181818182,9190.864966228393,common
vnir_only,muresk_anthesis,79,3015.0,Bullaring,8450.0,9319.254121392294,common
vnir_only,muresk_anthesis,80,3016.0,Sunmaster,10895.454545454544,9134.521081000541,common
vnir_only,muresk_anthesis,81,3017.0,Magenta,10163.636363636364,9233.903792227438,common
vnir_only,muresk_anthesis,82,3018.0,Calibre,7618.181818181818,9260.748420961434,common
vnir_only,muresk_anthesis,83,3019.0,Nyala,8595.454545454544,9274.525980387562,common
vnir_only,muresk_anthesis,84,3020.0,Bullaring,8459.090909090908,9319.0453329756,common
vnir_only,muresk_anthesis,85,3021.0,Sunmaster,12390.909090909092,9274.531014638605,common
vnir_only,muresk_anthesis,86,3022.0,Shotgun,8963.636363636362,9410.871390109101,common
vnir_only,muresk_anthesis,87,3023.0,Ironbark,9372.727272727272,9274.563989050577,common
vnir_only,muresk_anthesis,88,3024.0,Scepter,7700.0,9408.026009526164,common
vnir_only,muresk_anthesis,89,3025.0,Shotgun,8322.727272727274,9319.151813219014,common
vnir_only,muresk_anthesis,90,3026.0,Ironbark,9822.727272727272,9176.392901952082,common
vnir_only,muresk_anthesis,91,3027.0,Bullaring,9631.818181818182,9274.588531150845,common
vnir_only,muresk_anthesis,92,3028.0,Scepter,13031.81818181818,9291.025857034707,common
vnir_only,muresk_anthesis,93,3029.0,Calibre,10090.909090909092,9134.439765989197,common
vnir_only,muresk_anthesis,94,3030.0,Magenta,12122.727272727272,9134.526163212791,common
vnir_only,muresk_anthesis,95,3031.0,Sunmaster,9831.818181818182,9291.186862777635,common
vnir_only,muresk_anthesis,96,3032.0,Nyala,9777.272727272728,9190.86003975202,common
vnir_only,muresk_anthesis,97,4001.0,Sunmaster,8336.363636363636,9291.771398855419,common
vnir_only,muresk_anthesis,98,4002.0,Calibre,5454.545454545455,9342.764340332154,common
vnir_only,muresk_anthesis,99,4003.0,Ironbark,4681.818181818182,9134.208096549364,common
vnir_only,muresk_anthesis,100,4004.0,Magenta,9281.818181818182,9190.863781379398,common
vnir_only,muresk_anthesis,101,4005.0,Scepter,8036.363636363638,9190.91273447785,common
vnir_only,muresk_anthesis,102,4006.0,Bullaring,7422.727272727274,9411.959128911469,common
vnir_only,muresk_anthesis,103,4007.0,Nyala,5863.636363636364,9318.910274274645,common
vnir_only,muresk_anthesis,104,4008.0,Shotgun,7095.454545454545,9291.505730466775,common
vnir_only,muresk_anthesis,105,4009.0,Sunmaster,9909.090909090908,9274.57808501818,common
vnir_only,muresk_anthesis,106,4010.0,Nyala,10045.454545454544,9176.29029428295,common
vnir_only,muresk_anthesis,107,4011.0,Bullaring,7750.0,9274.597718723033,common
vnir_only,muresk_anthesis,108,4012.0,Calibre,10386.363636363638,9176.351061793117,common
vnir_only,muresk_anthesis,109,4013.0,Magenta,9913.636363636364,9260.551373627879,common
vnir_only,muresk_anthesis,110,4014.0,Scepter,13109.090909090908,9190.958320336462,common
vnir_only,muresk_anthesis,111,4015.0,Shotgun,10163.636363636364,9233.920645764647,common
vnir_only,muresk_anthesis,112,4016.0,Ironbark,10304.545454545456,9214.955654771225,common
vnir_only,muresk_anthesis,113,4017.0,Sunmaster,11159.09090909091,9274.565625188576,common
vnir_only,muresk_anthesis,114,4018.0,Shotgun,9663.636363636364,9291.815908825298,common
vnir_only,muresk_anthesis,115,4019.0,Ironbark,11618.181818181818,9190.71517758342,common
vnir_only,muresk_anthesis,116,4020.0,Scepter,11386.363636363638,9291.764337803312,common
vnir_only,muresk_anthesis,117,4021.0,Calibre,12072.727272727276,9319.24413080426,common
vnir_only,muresk_anthesis,118,4022.0,Magenta,9795.454545454544,9274.590544864523,common
vnir_only,muresk_anthesis,119,4023.0,Nyala,12677.272727272724,9406.31075682779,common
vnir_only,muresk_anthesis,120,4024.0,Bullaring,9086.363636363636,9290.018657336313,common
vnir_only,muresk_anthesis,121,4025.0,Calibre,10995.454545454544,9214.9530912903,common
vnir_only,muresk_anthesis,122,4026.0,Magenta,9331.818181818182,9260.872457370753,common
vnir_only,muresk_anthesis,123,4027.0,Sunmaster,10927.272727272728,9134.577977147772,common
vnir_only,muresk_anthesis,124,4028.0,Nyala,14354.545454545456,9190.88984809236,common
vnir_only,muresk_anthesis,125,4029.0,Scepter,10854.545454545456,9233.925470017019,common
vnir_only,muresk_anthesis,126,4030.0,Ironbark,15663.636363636364,9134.544632739628,common
vnir_only,muresk_anthesis,127,4031.0,Bullaring,10786.363636363638,9176.363140628942,common
vnir_only,muresk_anthesis,128,4032.0,Shotgun,10454.545454545456,9176.313704669541,common
vnir_only,muresk_maturity,1,1001.0,Scepter,10348.484848484844,9618.858040587236,common
vnir_only,muresk_maturity,2,1002.0,Ironbark,8412.12121212121,9697.727721810033,common
vnir_only,muresk_maturity,3,1003.0,Calibre,9824.242424242424,9586.925196547409,common
vnir_only,muresk_maturity,4,1004.0,Nyala,9421.21212121212,9698.174247944537,common
vnir_only,muresk_maturity,5,1005.0,Magenta,10206.060606060606,9586.944580801082,common
vnir_only,muresk_maturity,6,1006.0,Shotgun,8293.939393939394,9643.631699728046,common
vnir_only,muresk_maturity,7,1007.0,Bullaring,7833.333333333332,9698.16023200179,common
vnir_only,muresk_maturity,8,1008.0,Sunmaster,8990.90909090909,9557.731806005126,common
vnir_only,muresk_maturity,9,1009.0,Scepter,10266.666666666668,9593.474425087714,common
vnir_only,muresk_maturity,10,1010.0,Magenta,8766.666666666666,9698.168325712742,common
vnir_only,muresk_maturity,11,1011.0,Shotgun,8812.121212121212,9586.893778528236,common
vnir_only,muresk_maturity,12,1012.0,Sunmaster,9430.30303030303,9612.19756711439,common
vnir_only,muresk_maturity,13,1013.0,Ironbark,10787.878787878784,9643.599114387243,common
vnir_only,muresk_maturity,14,1014.0,Bullaring,9699.999999999998,9557.788938749885,common
vnir_only,muresk_maturity,15,1015.0,Nyala,9848.484848484846,9585.82543201575,common
vnir_only,muresk_maturity,16,1016.0,Calibre,12727.272727272724,9603.431731049872,common
vnir_only,muresk_maturity,17,1017.0,Scepter,10163.636363636364,9130.34507833638,common
vnir_only,muresk_maturity,18,1018.0,Nyala,9609.090909090908,9600.949139224893,common
vnir_only,muresk_maturity,19,1019.0,Shotgun,8151.515151515151,9586.948483675676,common
vnir_only,muresk_maturity,20,1020.0,Magenta,9763.636363636362,9603.457078231133,common
vnir_only,muresk_maturity,21,1021.0,Bullaring,7539.39393939394,9616.912639380536,common
vnir_only,muresk_maturity,22,1022.0,Ironbark,9369.696969696968,9601.153364446382,common
vnir_only,muresk_maturity,23,1023.0,Sunmaster,8745.454545454544,9557.739458271231,common
vnir_only,muresk_maturity,24,1024.0,Calibre,10218.181818181818,9643.664416044425,common
vnir_only,muresk_maturity,25,1025.0,Nyala,7830.303030303029,9557.769159497668,common
vnir_only,muresk_maturity,26,1026.0,Sunmaster,10954.545454545452,9601.045942089777,common
vnir_only,muresk_maturity,27,1027.0,Ironbark,9924.242424242422,9698.12140860415,common
vnir_only,muresk_maturity,28,1028.0,Calibre,8969.696969696968,9643.68895335456,common
vnir_only,muresk_maturity,29,1029.0,Shotgun,10860.60606060606,9585.787903834174,common
vnir_only,muresk_maturity,30,1030.0,Bullaring,8609.090909090908,9592.368507229534,common
vnir_only,muresk_maturity,31,1031.0,Magenta,10863.63636363636,9592.577952075733,common
vnir_only,muresk_maturity,32,1032.0,Scepter,9003.030303030302,9643.576082244908,common
vnir_only,muresk_maturity,33,2001.0,Magenta,8303.030303030302,9643.67979275148,common
vnir_only,muresk_maturity,34,2002.0,Shotgun,9436.363636363636,9585.922927926315,common
vnir_only,muresk_maturity,35,2003.0,Bullaring,8615.151515151516,9601.874799573794,common
vnir_only,muresk_maturity,36,2004.0,Sunmaster,11139.393939393938,9643.582821758138,common
vnir_only,muresk_maturity,37,2005.0,Nyala,11315.151515151516,9585.85073272716,common
vnir_only,muresk_maturity,38,2006.0,Ironbark,10281.818181818182,9557.805021581864,common
vnir_only,muresk_maturity,39,2007.0,Calibre,9978.787878787878,9557.860598350699,common
vnir_only,muresk_maturity,40,2008.0,Scepter,9318.181818181818,9698.062778988051,common
vnir_only,muresk_maturity,41,2009.0,Calibre,9500.0,9698.160363606792,common
vnir_only,muresk_maturity,42,2010.0,Bullaring,7963.636363636364,9613.014864150371,common
vnir_only,muresk_maturity,43,2011.0,Nyala,9493.939393939394,9603.536378199395,common
vnir_only,muresk_maturity,44,2012.0,Ironbark,10093.939393939392,9585.792586718817,common
vnir_only,muresk_maturity,45,2013.0,Sunmaster,8545.454545454544,9586.948028340232,common
vnir_only,muresk_maturity,46,2014.0,Shotgun,9124.242424242422,9593.676994159514,common
vnir_only,muresk_maturity,47,2015.0,Magenta,9557.575757575756,9698.186355629718,common
vnir_only,muresk_maturity,48,2016.0,Scepter,10233.333333333332,9593.889657231332,common
vnir_only,muresk_maturity,49,2017.0,Ironbark,8833.333333333332,9603.570261705154,common
vnir_only,muresk_maturity,50,2018.0,Bullaring,8718.181818181818,9251.171847431237,common
vnir_only,muresk_maturity,51,2019.0,Calibre,8669.696969696968,9698.193067505172,common
vnir_only,muresk_maturity,52,2020.0,Sunmaster,10863.63636363636,9676.501016783017,common
vnir_only,muresk_maturity,53,2021.0,Scepter,10693.939393939396,9586.974567928428,common
vnir_only,muresk_maturity,54,2022.0,Nyala,6521.21212121212,9585.866992859716,common
vnir_only,muresk_maturity,55,2023.0,Magenta,9800.000000000002,9618.899353060942,common
vnir_only,muresk_maturity,56,2024.0,Shotgun,9957.575757575756,9601.11466880769,common
vnir_only,muresk_maturity,57,2025.0,Scepter,10645.454545454544,9586.964615574241,common
vnir_only,muresk_maturity,58,2026.0,Bullaring,9100.0,9585.86061888446,common
vnir_only,muresk_maturity,59,2027.0,Magenta,11066.666666666664,9603.487442808824,common
vnir_only,muresk_maturity,60,2028.0,Shotgun,10221.212121212122,9698.163061509724,common
vnir_only,muresk_maturity,61,2029.0,Nyala,7896.969696969695,9643.637457791674,common
vnir_only,muresk_maturity,62,2030.0,Sunmaster,10778.787878787878,9618.512275845027,common
vnir_only,muresk_maturity,63,2031.0,Calibre,10757.575757575756,9601.226782357879,common
vnir_only,muresk_maturity,64,2032.0,Ironbark,9718.181818181818,9643.627904642526,common
vnir_only,muresk_maturity,65,3001.0,Nyala,8169.696969696969,9586.897876524894,common
vnir_only,muresk_maturity,66,3002.0,Bullaring,7503.030303030301,9593.351076157585,common
vnir_only,muresk_maturity,67,3003.0,Shotgun,8730.303030303028,9653.260973628092,common
vnir_only,muresk_maturity,68,3004.0,Scepter,9324.242424242424,9401.11999122181,common
vnir_only,muresk_maturity,69,3005.0,Sunmaster,8463.636363636364,9601.164373840104,common
vnir_only,muresk_maturity,70,3006.0,Calibre,7336.363636363635,9617.844406852757,common
vnir_only,muresk_maturity,71,3007.0,Ironbark,6712.121212121211,9477.787676690088,common
vnir_only,muresk_maturity,72,3008.0,Magenta,6866.666666666665,9593.184964431635,common
vnir_only,muresk_maturity,73,3009.0,Shotgun,9857.575757575758,9697.886234259966,common
vnir_only,muresk_maturity,74,3010.0,Ironbark,9627.272727272726,9593.836930410389,common
vnir_only,muresk_maturity,75,3011.0,Scepter,9357.575757575758,9585.849366877288,common
vnir_only,muresk_maturity,76,3012.0,Magenta,8057.575757575756,9698.159771384304,common
vnir_only,muresk_maturity,77,3013.0,Calibre,9309.090909090908,9603.577950671171,common
vnir_only,muresk_maturity,78,3014.0,Nyala,6409.090909090909,9643.59113164987,common
vnir_only,muresk_maturity,79,3015.0,Bullaring,8051.515151515151,9603.39830414963,common
vnir_only,muresk_maturity,80,3016.0,Sunmaster,10872.727272727272,9586.892607672367,common
vnir_only,muresk_maturity,81,3017.0,Magenta,9469.696969696968,9601.229779019255,common
vnir_only,muresk_maturity,82,3018.0,Calibre,11787.878787878784,9614.310707062272,common
vnir_only,muresk_maturity,83,3019.0,Nyala,7081.818181818181,9593.21373436005,common
vnir_only,muresk_maturity,84,3020.0,Bullaring,10675.757575757576,9586.951020545035,common
vnir_only,muresk_maturity,85,3021.0,Sunmaster,11227.272727272724,9557.753854924054,common
vnir_only,muresk_maturity,86,3022.0,Shotgun,12130.30303030303,9644.383352397243,common
vnir_only,muresk_maturity,87,3023.0,Ironbark,10536.363636363636,9585.82972467674,common
vnir_only,muresk_maturity,88,3024.0,Scepter,7996.969696969696,9698.134898072143,common
vnir_only,muresk_maturity,89,3025.0,Shotgun,11015.151515151512,9296.488182387153,common
vnir_only,muresk_maturity,90,3026.0,Ironbark,11330.30303030303,9601.150563241717,common
vnir_only,muresk_maturity,91,3027.0,Bullaring,8921.21212121212,9586.94165364616,common
vnir_only,muresk_maturity,92,3028.0,Scepter,11363.63636363636,9603.33060363017,common
vnir_only,muresk_maturity,93,3029.0,Calibre,10630.30303030303,9603.194161492544,common
vnir_only,muresk_maturity,94,3030.0,Magenta,12754.545454545456,9557.855669709375,common
vnir_only,muresk_maturity,95,3031.0,Sunmaster,11233.333333333332,9643.55821928603,common
vnir_only,muresk_maturity,96,3032.0,Nyala,7903.030303030302,9633.282625624595,common
vnir_only,muresk_maturity,97,4001.0,Sunmaster,7403.030303030302,9601.034281396873,common
vnir_only,muresk_maturity,98,4002.0,Calibre,5566.666666666666,9585.624004312536,common
vnir_only,muresk_maturity,99,4003.0,Ironbark,9281.818181818182,9603.313401649286,common
vnir_only,muresk_maturity,100,4004.0,Magenta,10490.90909090909,9601.239225023188,common
vnir_only,muresk_maturity,101,4005.0,Scepter,10827.272727272728,9618.980216378477,common
vnir_only,muresk_maturity,102,4006.0,Bullaring,6724.242424242424,9557.781870094392,common
vnir_only,muresk_maturity,103,4007.0,Nyala,7151.515151515151,9643.505350356194,common
vnir_only,muresk_maturity,104,4008.0,Shotgun,11384.848484848484,9585.849431917746,common
vnir_only,muresk_maturity,105,4009.0,Sunmaster,9636.363636363636,9557.725061640094,common
vnir_only,muresk_maturity,106,4010.0,Nyala,9393.939393939394,9618.971405572394,common
vnir_only,muresk_maturity,107,4011.0,Bullaring,8775.757575757574,9585.864131074384,common
vnir_only,muresk_maturity,108,4012.0,Calibre,8084.848484848485,9601.228736702149,common
vnir_only,muresk_maturity,109,4013.0,Magenta,9972.727272727272,9586.931831421778,common
vnir_only,muresk_maturity,110,4014.0,Scepter,8509.090909090908,9603.212340633898,common
vnir_only,muresk_maturity,111,4015.0,Shotgun,11778.787878787878,9557.771818345596,common
vnir_only,muresk_maturity,112,4016.0,Ironbark,9224.242424242422,9689.468789108307,common
vnir_only,muresk_maturity,113,4017.0,Sunmaster,8584.848484848484,9601.110760166,common
vnir_only,muresk_maturity,114,4018.0,Shotgun,10218.181818181818,9557.770261946724,common
vnir_only,muresk_maturity,115,4019.0,Ironbark,11163.636363636364,9614.547638334714,common
vnir_only,muresk_maturity,116,4020.0,Scepter,8984.848484848484,9244.540727224907,common
vnir_only,muresk_maturity,117,4021.0,Calibre,10306.060606060604,9594.380421135478,common
vnir_only,muresk_maturity,118,4022.0,Magenta,11778.787878787878,9557.795099508936,common
vnir_only,muresk_maturity,119,4023.0,Nyala,8575.757575757576,9618.379598940815,common
vnir_only,muresk_maturity,120,4024.0,Bullaring,10509.09090909091,9586.92643245504,common
vnir_only,muresk_maturity,121,4025.0,Calibre,12303.0303030303,9594.33888847845,common
vnir_only,muresk_maturity,122,4026.0,Magenta,9693.939393939392,9601.242482268064,common
vnir_only,muresk_maturity,123,4027.0,Sunmaster,13081.81818181818,9603.605448549191,common
vnir_only,muresk_maturity,124,4028.0,Nyala,11063.636363636362,9593.074441843883,common
vnir_only,muresk_maturity,125,4029.0,Scepter,12042.424242424242,9643.64504797173,common
vnir_only,muresk_maturity,126,4030.0,Ironbark,10666.666666666664,9585.532429927114,common
vnir_only,muresk_maturity,127,4031.0,Bullaring,9109.090909090908,9603.584857713688,common
vnir_only,muresk_maturity,128,4032.0,Shotgun,11145.454545454544,9593.57486288143,common
vnir_only,agt_anthesis,1009,9034.0,St3B_H026,8821.212121,9353.060036309316,common
vnir_only,agt_anthesis,1013,13034.0,St3B_H120,9457.575758,9412.414976997448,common
vnir_only,agt_anthesis,1014,14034.0,SpB_H106,8457.575758,9289.546487337539,common
vnir_only,agt_anthesis,1015,15034.0,St3B_H049,7903.030303,9360.778678326626,common
vnir_only,agt_anthesis,1021,21034.0,SpB_H126,7100.0,9412.32876139084,common
vnir_only,agt_anthesis,1023,23034.0,SHOTGUN,9063.636364,9360.790936411197,common
vnir_only,agt_anthesis,2004,4033.0,SpB_H119,13975.75758,9417.422201035413,common
vnir_only,agt_anthesis,2005,5033.0,B3B,12021.21212,9289.554807306005,common
vnir_only,agt_anthesis,2008,8033.0,BETHLEHEM,12275.75758,9289.554113975022,common
vnir_only,agt_anthesis,2011,11033.0,St3B_H017,11393.93939,9289.023856981448,common
vnir_only,agt_anthesis,2013,13033.0,St3B_H119,9648.484848,9367.02831783586,common
vnir_only,agt_anthesis,2015,15033.0,St3B_H040,8266.666667,9409.706396162119,common
vnir_only,agt_anthesis,3004,4032.0,SpB_H156,8757.575758,9414.045047605206,common
vnir_only,agt_anthesis,3011,11032.0,SpB_H110,8766.666667,9350.241397517511,common
vnir_only,agt_anthesis,3019,19032.0,SpB_H085,9903.030303,9414.051562833472,common
vnir_only,agt_anthesis,3020,20032.0,St3B_H329,10475.75758,9366.899109879034,common
vnir_only,agt_anthesis,3021,21032.0,SpB_H087,7000.0,9345.484722561512,common
vnir_only,agt_anthesis,3024,24032.0,SHOTGUN,9363.636364,9353.123116734723,common
vnir_only,agt_anthesis,4002,2031.0,SpB_H008,8466.666667,9644.469534130189,common
vnir_only,agt_anthesis,4004,4031.0,SpB_H087,9084.848485,9359.344720242201,common
vnir_only,agt_anthesis,4007,7031.0,SpB_H053,7530.30303,9289.545478857017,common
vnir_only,agt_anthesis,4011,11031.0,St3B_H077,10375.75758,9366.980079142759,common
vnir_only,agt_anthesis,4013,13031.0,St3B_H136,8048.484848,9359.769759624876,common
vnir_only,agt_anthesis,4015,15031.0,SUNTOP,7603.030303,9636.349390023592,common
vnir_only,agt_anthesis,4019,19031.0,St3B_H017,11218.18182,9360.805036403966,common
vnir_only,agt_anthesis,4022,22031.0,SpB_H156,9009.090909,9417.411849617081,common
vnir_only,agt_anthesis,5001,1030.0,SpB_H173,9766.666667,9367.083547948967,common
vnir_only,agt_anthesis,5003,3030.0,St3B_H097,10557.57576,9414.074493917877,common
vnir_only,agt_anthesis,5004,4030.0,SpB_H102,11039.39394,9345.580598337778,common
vnir_only,agt_anthesis,5009,9030.0,SpB_H106,10012.12121,9347.407245099554,common
vnir_only,agt_anthesis,5013,13030.0,St3B_H342,7903.030303,9413.168854357727,common
vnir_only,agt_anthesis,5016,16030.0,SpB_H110,11457.57576,9366.96463518678,common
vnir_only,agt_anthesis,6002,2029.0,SpB_H022,11703.0303,9412.51038985601,common
vnir_only,agt_anthesis,6003,3029.0,St3B_H026,14039.39394,9408.477134692808,common
vnir_only,agt_anthesis,6006,6029.0,St3B_H164,9821.212121,9412.492124669003,common
vnir_only,agt_anthesis,6008,8029.0,SpB_H119,10993.93939,9289.403095112419,common
vnir_only,agt_anthesis,6011,11029.0,SUNDANCER,9648.484848,9417.423734579837,common
vnir_only,agt_anthesis,6016,16029.0,St3B_H136,11475.75758,9289.566341820086,common
vnir_only,agt_anthesis,6022,22029.0,St3B_H097,8900.0,9407.099441894996,common
vnir_only,agt_anthesis,6023,23029.0,LEVERAGE,8954.545455,9289.04137836217,common
vnir_only,agt_anthesis,7004,4028.0,SpB_H148,10993.93939,9412.444226619697,common
vnir_only,agt_anthesis,7005,5028.0,SpB_H065,11266.66667,9360.818945877096,common
vnir_only,agt_anthesis,7007,7028.0,SpB_H152,10484.84848,9367.005247125562,common
vnir_only,agt_anthesis,7013,13028.0,SpB_H048,10057.57576,9347.446059826087,common
vnir_only,agt_anthesis,7017,17028.0,SpB_H169,7981.818182,9408.204810050327,common
vnir_only,agt_anthesis,7020,20028.0,SUNMASTER,7193.939394,9411.773104787546,common
vnir_only,agt_anthesis,7022,22028.0,BETHLEHEM,6809.090909,9417.45900617047,common
vnir_only,agt_anthesis,7023,23028.0,SpB_H010,8100.0,9417.4607314147,common
vnir_only,agt_anthesis,8008,8027.0,SpB_H169,9803.030303,9394.504539215033,common
vnir_only,agt_anthesis,8014,14027.0,SpB_H152,10993.93939,9417.395491843441,common
vnir_only,agt_anthesis,8015,15027.0,SpB_H094,8848.484848,9360.802051268594,common
vnir_only,agt_anthesis,8018,18027.0,SpB_H085,9109.090909,9360.593538742458,common
vnir_only,agt_anthesis,8020,20027.0,SpB_H164,7075.757576,9345.500701789257,common
vnir_only,agt_anthesis,8021,21027.0,SHOTGUN,8336.363636,9389.855761391354,common
vnir_only,agt_anthesis,9004,4026.0,SpB_H116,10057.57576,9366.972579605395,common
vnir_only,agt_anthesis,9006,6026.0,LRPBSPITFIRE,8430.30303,9367.000798234787,common
vnir_only,agt_anthesis,9012,12026.0,SpB_H053,8130.30303,9345.55979980542,common
vnir_only,agt_anthesis,9015,15026.0,St3B_H028,11939.39394,9288.834149184073,common
vnir_only,agt_anthesis,9017,17026.0,St3B_H036,8845.454545,9010.85977973,common
vnir_only,agt_anthesis,10001,1025.0,SpB_H102,12930.30303,9359.719081571588,common
vnir_only,agt_anthesis,10002,2025.0,SUNDANCER,8348.484848,9414.088929670968,common
vnir_only,agt_anthesis,10004,4025.0,St3B_H028,9784.848485,9345.571720909771,common
vnir_only,agt_anthesis,10006,6025.0,St3B_H029,10330.30303,9582.71167803785,common
vnir_only,agt_anthesis,10008,8025.0,SpB_H074,10057.57576,9653.450460787793,common
vnir_only,agt_anthesis,10009,9025.0,St3B_H041,9657.575758,9360.789983709754,common
vnir_only,agt_anthesis,10012,12025.0,IRONBARK,6175.757576,9429.433992440876,common
vnir_only,agt_anthesis,10016,16025.0,SpB_H010,8903.030303,9341.370536933786,common
vnir_only,agt_anthesis,10018,18025.0,B3B,9930.30303,9413.907590114677,common
vnir_only,agt_anthesis,10019,19025.0,LRPBSPITFIRE,10930.30303,9346.302995598862,common
vnir_only,agt_anthesis,10021,21025.0,St3B_H100,8400.0,8619.703044891969,common
vnir_only,agt_anthesis,11002,2024.0,B3B,9493.939394,9360.773089153508,common
vnir_only,agt_anthesis,11006,6024.0,SUNMASTER,8766.666667,9367.006772460029,common
vnir_only,agt_anthesis,11007,7024.0,St3B_H029,11648.48485,9289.509488780097,common
vnir_only,agt_anthesis,11009,9024.0,SpB_H166,9693.939394,9289.534322548554,common
vnir_only,agt_anthesis,11011,11024.0,SUNTOP,7975.757576,9367.034927636621,common
vnir_only,agt_anthesis,11014,14024.0,SpB_H032,7875.757576,9360.218824889611,common
vnir_only,agt_anthesis,11018,18024.0,SpB_H120,9230.30303,9413.837520781472,common
vnir_only,agt_anthesis,11020,20024.0,SpB_H050,9939.393939,9345.604060152416,common
vnir_only,agt_anthesis,12003,3023.0,SpB_H028,10093.93939,9345.658529835637,common
vnir_only,agt_anthesis,12007,7023.0,SpB_H120,10748.48485,9289.534385578516,common
vnir_only,agt_anthesis,12008,8023.0,IRONBARK,9930.30303,9289.546046127289,common
vnir_only,agt_anthesis,12011,11023.0,SpB_H001,7084.848485,9564.636964688101,common
vnir_only,agt_anthesis,12012,12023.0,SUNMASTER,8912.121212,9417.410955050616,common
vnir_only,agt_anthesis,12016,16023.0,B3B,10190.90909,9347.42671586543,common
vnir_only,agt_anthesis,12018,18023.0,BETHLEHEM,7939.393939,9412.366376843565,common
vnir_only,agt_anthesis,13001,1022.0,SpB_H028,9257.575758,9412.443460252887,common
vnir_only,agt_anthesis,13002,2022.0,St3B_H077,11212.12121,9345.995690922788,common
vnir_only,agt_anthesis,13007,7022.0,SpB_H116,9312.121212,9288.602030262728,common
vnir_only,agt_anthesis,13009,9022.0,SpB_H001,7175.757576,9345.543376606782,common
vnir_only,agt_anthesis,13011,11022.0,SpB_H074,9803.030303,9413.979192952937,common
vnir_only,agt_anthesis,13018,18022.0,SpB_H126,9121.212121,9417.446290491218,common
vnir_only,agt_anthesis,13020,20022.0,SpB_H049,8818.181818,9359.358310026846,common
vnir_only,agt_anthesis,13024,24022.0,BETHLEHEM,9390.909091,9360.773914826594,common
vnir_only,agt_anthesis,14001,1021.0,LRPBSPITFIRE,10784.84848,9346.220366047512,common
vnir_only,agt_anthesis,14004,4021.0,SpB_H049,11057.57576,9345.599621426207,common
vnir_only,agt_anthesis,14006,6021.0,SpB_H008,9366.666667,9345.893533062992,common
vnir_only,agt_anthesis,14007,7021.0,LEVERAGE,9312.121212,9289.527578345984,common
vnir_only,agt_anthesis,14012,12021.0,St3B_H329,10966.66667,9410.304135097404,common
vnir_only,agt_anthesis,14015,15021.0,SpB_H065,10566.66667,9289.469023746302,common
vnir_only,agt_anthesis,14016,16021.0,St3B_H119,7966.666667,9346.790099918333,common
vnir_only,agt_anthesis,14017,17021.0,St3B_H041,9272.727273,9376.74397308874,common
vnir_only,agt_anthesis,14022,22021.0,St3B_H036,10945.45455,9360.79227019338,common
vnir_only,agt_anthesis,15002,2020.0,SpB_H047,10493.93939,9367.021263149816,common
vnir_only,agt_anthesis,15004,4020.0,SpB_H173,11639.39394,9414.037893634262,common
vnir_only,agt_anthesis,15006,6020.0,SpB_H094,8403.030303,9359.732989431066,common
vnir_only,agt_anthesis,15007,7020.0,St3B_H059,10003.0303,9367.034864080815,common
vnir_only,agt_anthesis,15009,9020.0,St3B_H341,6393.939394,9412.400799265659,common
vnir_only,agt_anthesis,15010,10020.0,St3B_H164,8421.212121,9412.504578201759,common
vnir_only,agt_anthesis,15014,14020.0,St3B_H040,6866.666667,9359.643954085202,common
vnir_only,agt_anthesis,15021,21020.0,SpB_H048,7572.727273,9289.529091063894,common
vnir_only,agt_anthesis,15024,24020.0,LRPBSPITFIRE,9781.818182,9360.286589826143,common
vnir_only,agt_anthesis,16001,1019.0,SpB_H032,9257.575758,9349.54806720246,common
vnir_only,agt_anthesis,16004,4019.0,St3B_H049,8830.30303,9639.65742774805,common
vnir_only,agt_anthesis,16005,5019.0,SpB_H166,10393.93939,9359.63169750262,common
vnir_only,agt_anthesis,16009,9019.0,SpB_H148,11248.48485,9411.617416980767,common
vnir_only,agt_anthesis,16011,11019.0,St3B_H341,10175.75758,9289.565459397738,common
vnir_only,agt_anthesis,16013,13019.0,SpB_H164,10466.66667,9356.803650365267,common
vnir_only,agt_anthesis,17001,1018.0,SUNMASTER,8139.393939,9417.302138061797,common
vnir_only,agt_anthesis,17002,2018.0,St3B_H342,8893.939394,9656.6662837167,common
vnir_only,agt_anthesis,17003,3018.0,St3B_H100,9575.757576,9417.46507647566,common
vnir_only,agt_anthesis,17005,5018.0,SpB_H022,9603.030303,9289.535835267561,common
vnir_only,agt_anthesis,17006,6018.0,St3B_H059,11048.48485,9417.438111570935,common
vnir_only,agt_anthesis,17009,9018.0,SHOTGUN,11757.57576,9345.577237596184,common
vnir_only,agt_anthesis,17010,10018.0,St3B_H120,8139.393939,9347.364054392332,common
vnir_only,agt_anthesis,17014,14018.0,SpB_H050,11003.0303,9359.720415201047,common
vnir_only,agt_anthesis,17017,17018.0,SpB_H047,7672.727273,9656.317849526633,common
vnir_only,agt_anthesis,18001,1017.0,SpB_H050,10321.21212,9347.447391706812,common
vnir_only,agt_anthesis,18002,2017.0,SpB_H164,11703.0303,9349.87502798881,common
vnir_only,agt_anthesis,18009,9017.0,SpB_H049,10121.21212,9347.391516302008,common
vnir_only,agt_anthesis,18011,11017.0,SHOTGUN,9212.121212,9399.867615571862,common
vnir_only,agt_anthesis,18016,16017.0,LRPBSPITFIRE,10493.93939,9345.54851281638,common
vnir_only,agt_anthesis,18021,21017.0,SpB_H119,10536.36364,9345.328799705825,common
vnir_only,agt_anthesis,18023,23017.0,SpB_H173,10618.18182,9359.20888698375,common
vnir_only,agt_anthesis,18024,24017.0,St3B_H017,11854.54545,9417.463095638788,common
vnir_only,agt_anthesis,19003,3016.0,St3B_H120,8166.666667,9345.588588030208,common
vnir_only,agt_anthesis,19004,4016.0,LRPBSPITFIRE,9912.121212,9289.4689607168,common
vnir_only,agt_anthesis,19005,5016.0,SpB_H164,9430.30303,9349.349891647194,common
vnir_only,agt_anthesis,19008,8016.0,St3B_H329,10230.30303,9349.577946147698,common
vnir_only,agt_anthesis,19010,10016.0,SHOTGUN,8193.939394,9412.322758259485,common
vnir_only,agt_anthesis,19013,13016.0,SpB_H053,9348.484848,9346.75997620943,common
vnir_only,agt_anthesis,19017,17016.0,St3B_H341,9572.727273,9347.373631169228,common
vnir_only,agt_anthesis,19019,19016.0,SUNMASTER,9875.757576,8709.895767187236,common
vnir_only,agt_anthesis,19020,20016.0,SpB_H022,7618.181818,9359.670753508199,common
vnir_only,agt_anthesis,19021,21016.0,SpB_H152,8563.636364,9359.840696659072,common
vnir_only,agt_anthesis,19022,22016.0,SpB_H169,8754.545455,9417.46577935335,common
vnir_only,agt_anthesis,20010,10015.0,SpB_H010,8093.939394,9345.549273736562,common
vnir_only,agt_anthesis,20012,12015.0,SpB_H152,7775.757576,9345.576983955358,common
vnir_only,agt_anthesis,20016,16015.0,SpB_H001,8512.121212,9360.169668625982,common
vnir_only,agt_anthesis,20018,18015.0,LRPBSPITFIRE,8766.666667,9417.434469397784,common
vnir_only,agt_anthesis,20021,21015.0,St3B_H120,9918.181818,9347.270189813673,common
vnir_only,agt_anthesis,20024,24015.0,St3B_H329,7490.909091,9417.473127623312,common
vnir_only,agt_anthesis,21001,1014.0,SUNTOP,9312.121212,9352.301264168203,common
vnir_only,agt_anthesis,21009,9014.0,SpB_H156,8603.030303,9414.083244792111,common
vnir_only,agt_anthesis,21010,10014.0,SUNMASTER,10257.57576,9360.739808237167,common
vnir_only,agt_anthesis,21013,13014.0,St3B_H164,10230.30303,9347.423608150895,common
vnir_only,agt_anthesis,21016,16014.0,St3B_H026,8921.212121,9360.117019632507,common
vnir_only,agt_anthesis,21017,17014.0,St3B_H029,9372.727273,9345.50456978103,common
vnir_only,agt_anthesis,21018,18014.0,SpB_H074,9630.30303,9360.81138775899,common
vnir_only,agt_anthesis,21019,19014.0,SpB_H120,7703.030303,9659.973430764265,common
vnir_only,agt_anthesis,21021,21014.0,SpB_H047,11754.54545,9289.550773380963,common
vnir_only,agt_anthesis,21023,23014.0,SpB_H087,7927.272727,9347.340207626281,common
vnir_only,agt_anthesis,22004,4013.0,SpB_H120,10857.57576,9289.524363821254,common
vnir_only,agt_anthesis,22006,6013.0,SpB_H010,10966.66667,9345.566901738106,common
vnir_only,agt_anthesis,22009,9013.0,St3B_H017,14093.93939,9367.050498820288,common
vnir_only,agt_anthesis,22014,14013.0,SpB_H116,8657.575758,9347.004964051592,common
vnir_only,agt_anthesis,22016,16013.0,St3B_H029,9275.757576,9359.941355772626,common
vnir_only,agt_anthesis,22017,17013.0,SUNDANCER,10600.0,9404.686811280004,common
vnir_only,agt_anthesis,22018,18013.0,SpB_H156,12057.57576,9347.394941118577,common
vnir_only,agt_anthesis,23001,1012.0,St3B_H040,10112.12121,9417.449613179619,common
vnir_only,agt_anthesis,23004,4012.0,SpB_H106,12121.21212,9412.3873240539,common
vnir_only,agt_anthesis,23013,13012.0,IRONBARK,8566.666667,9367.080370143061,common
vnir_only,agt_anthesis,23014,14012.0,SpB_H166,8303.030303,9414.067595424225,common
vnir_only,agt_anthesis,23018,18012.0,SpB_H102,10212.12121,9345.569438143928,common
vnir_only,agt_anthesis,24005,5011.0,St3B_H136,8584.848485,9345.622449183424,common
vnir_only,agt_anthesis,24006,6011.0,SpB_H085,10557.57576,9345.62143461525,common
vnir_only,agt_anthesis,24007,7011.0,B3B,9366.666667,9347.318327003499,common
vnir_only,agt_anthesis,24013,13011.0,St3B_H028,9066.666667,9289.535709207634,common
vnir_only,agt_anthesis,24017,17011.0,SpB_H008,11190.90909,9360.77651887299,common
vnir_only,agt_anthesis,24020,20011.0,St3B_H041,5518.181818,9366.930506041077,common
vnir_only,agt_anthesis,24021,21011.0,LEVERAGE,7327.272727,9395.44229724859,common
vnir_only,agt_anthesis,24024,24011.0,SpB_H119,8318.181818,9412.668647051103,common
vnir_only,agt_anthesis,25007,7010.0,SpB_H048,9557.575758,9360.81367424786,common
vnir_only,agt_anthesis,25010,10010.0,SpB_H065,7475.757576,9347.347437756363,common
vnir_only,agt_anthesis,25014,14010.0,SpB_H094,8784.848485,9417.466034945252,common
vnir_only,agt_anthesis,25017,17010.0,St3B_H097,7854.545455,9413.98813536171,common
vnir_only,agt_anthesis,25018,18010.0,SpB_H049,8503.030303,9651.21719839142,common
vnir_only,agt_anthesis,25020,20010.0,SpB_H116,6754.545455,9345.508818232853,common
vnir_only,agt_anthesis,25021,21010.0,SpB_H008,7954.545455,9366.956309443318,common
vnir_only,agt_anthesis,26006,6009.0,St3B_H041,9148.484848,9417.457472620303,common
vnir_only,agt_anthesis,26009,9009.0,SpB_H094,5257.575758,9412.371230461327,common
vnir_only,agt_anthesis,26011,11009.0,SpB_H050,10166.66667,9367.08253105096,common
vnir_only,agt_anthesis,26013,13009.0,St3B_H026,8893.939394,8881.675515250012,common
vnir_only,agt_anthesis,26016,16009.0,SpB_H074,12630.30303,9359.793701607636,common
vnir_only,agt_anthesis,27005,5008.0,LEVERAGE,7684.848485,9367.050371708481,common
vnir_only,agt_anthesis,27006,6008.0,SpB_H169,8993.939394,8831.523316345345,common
vnir_only,agt_anthesis,27009,9008.0,St3B_H119,8003.030303,9367.042490779746,common
vnir_only,agt_anthesis,27015,15008.0,St3B_H059,9148.484848,9359.851175317563,common
vnir_only,agt_anthesis,27023,23008.0,St3B_H049,10145.45455,9417.464820883784,common
vnir_only,agt_anthesis,28003,3007.0,St3B_H040,9203.030303,9411.183701446373,common
vnir_only,agt_anthesis,28005,5007.0,St3B_H036,9284.848485,9412.317968529773,common
vnir_only,agt_anthesis,28008,8007.0,St3B_H100,9266.666667,9660.360668940177,common
vnir_only,agt_anthesis,28010,10007.0,SpB_H126,9639.393939,9412.247272402703,common
vnir_only,agt_anthesis,28015,15007.0,SpB_H173,8348.484848,9367.020055591483,common
vnir_only,agt_anthesis,28016,16007.0,SpB_H148,9257.575758,9345.536528331695,common
vnir_only,agt_anthesis,28018,18007.0,SUNTOP,9121.212121,9413.485840647945,common
vnir_only,agt_anthesis,29005,5006.0,SpB_H048,8939.393939,9347.4476453984,common
vnir_only,agt_anthesis,29007,7006.0,St3B_H028,9193.939394,9409.292559853388,common
vnir_only,agt_anthesis,29010,10006.0,St3B_H036,9830.30303,9345.566267636754,common
vnir_only,agt_anthesis,29014,14006.0,SpB_H001,6348.484848,9417.504182114475,common
vnir_only,agt_anthesis,29016,16006.0,St3B_H164,9603.030303,9410.80179034415,common
vnir_only,agt_anthesis,29017,17006.0,SpB_H022,8781.818182,9347.358853762626,common
vnir_only,agt_anthesis,29019,19006.0,St3B_H077,11054.54545,9359.926050436998,common
vnir_only,agt_anthesis,29022,22006.0,SpB_H028,8227.272727,9366.960504091767,common
vnir_only,agt_anthesis,30003,3005.0,St3B_H119,9339.393939,9360.687473600454,common
vnir_only,agt_anthesis,30004,4005.0,SpB_H126,10021.21212,9417.451402320014,common
vnir_only,agt_anthesis,30015,15005.0,B3B,11193.93939,9345.593216982115,common
vnir_only,agt_anthesis,30017,17005.0,SpB_H065,8290.909091,9657.415676036357,common
vnir_only,agt_anthesis,30021,21005.0,SpB_H166,8981.818182,9658.544886886315,common
vnir_only,agt_anthesis,30023,23005.0,St3B_H077,11563.63636,9413.545943423207,common
vnir_only,agt_anthesis,31003,3004.0,SpB_H032,12339.39394,9345.598416629466,common
vnir_only,agt_anthesis,31004,4004.0,B3B,8321.212121,9414.046005726721,common
vnir_only,agt_anthesis,31007,7004.0,BETHLEHEM,10084.84848,9346.16881014343,common
vnir_only,agt_anthesis,31009,9004.0,SpB_H087,9684.848485,9654.540690075512,common
vnir_only,agt_anthesis,31010,10004.0,SpB_H110,8412.121212,9359.572319985264,common
vnir_only,agt_anthesis,31011,11004.0,SpB_H047,10066.66667,9345.619278658249,common
vnir_only,agt_anthesis,31019,19004.0,SUNDANCER,6527.272727,9413.038818338615,common
vnir_only,agt_anthesis,31021,21004.0,BETHLEHEM,10390.90909,9412.486121433472,common
vnir_only,agt_anthesis,31022,22004.0,SHOTGUN,7518.181818,9366.983828913684,common
vnir_only,agt_anthesis,32006,6003.0,SHOTGUN,10403.0303,9414.08777991991,common
vnir_only,agt_anthesis,32007,7003.0,St3B_H136,5384.848485,9658.89123874562,common
vnir_only,agt_anthesis,32008,8003.0,St3B_H097,7303.030303,9414.087971545085,common
vnir_only,agt_anthesis,32018,18003.0,St3B_H059,9366.666667,9289.075664900616,common
vnir_only,agt_anthesis,32020,20003.0,SpB_H053,7709.090909,9417.46181767976,common
vnir_only,agt_anthesis,32021,21003.0,SpB_H032,9845.454545,9343.066403910241,common
vnir_only,agt_anthesis,32023,23003.0,SpB_H148,7800.0,9417.462073271556,common
vnir_only,agt_anthesis,33005,5002.0,BETHLEHEM,10503.0303,9359.299950296856,common
vnir_only,agt_anthesis,33009,9002.0,St3B_H049,11266.66667,9367.02647471918,common
vnir_only,agt_anthesis,33014,14002.0,SpB_H028,8548.484848,9359.101885547885,common
vnir_only,agt_anthesis,33017,17002.0,SUNMASTER,7100.0,9417.393191533798,common
vnir_only,agt_anthesis,33019,19002.0,IRONBARK,6372.727273,9358.035557669045,common
vnir_only,agt_anthesis,33021,21002.0,St3B_H341,11045.45455,9345.51617376595,common
vnir_only,agt_anthesis,33022,22002.0,St3B_H342,6436.363636,9289.531675290884,common
vnir_only,agt_anthesis,34002,2001.0,SpB_H085,10066.66667,9360.808847216473,common
vnir_only,agt_anthesis,34003,3001.0,St3B_H342,8012.121212,9597.861340391497,common
vnir_only,agt_anthesis,34004,4001.0,BETHLEHEM,10439.39394,9345.614586282982,common
vnir_only,agt_anthesis,34009,9001.0,LRPBSPITFIRE,9748.484848,9417.43804767314,common
vnir_only,agt_anthesis,34014,14001.0,SUNMASTER,11157.57576,9650.069463269203,common
vnir_only,agt_anthesis,34018,18001.0,SpB_H110,9884.848485,9366.969910279986,common
vnir_only,agt_anthesis,34020,20001.0,SpB_H102,9409.090909,9412.55266815209,common
vnir_only,agt_anthesis,34021,21001.0,SpB_H106,11927.27273,9555.409107651212,common
vnir_only,agt_anthesis,34023,23001.0,St3B_H100,7800.0,9637.833112407825,common
vnir_only,agt_anthesis,34024,24001.0,B3B,11900.0,9366.978108924726,common
vnir_only,agt_maturity,1009,9034.0,St3B_H026,13218.181818181818,12786.605001389897,common
vnir_only,agt_maturity,1013,13034.0,St3B_H120,14518.18181818182,12838.450762805787,common
vnir_only,agt_maturity,1014,14034.0,SpB_H106,13454.545454545452,12838.450762805787,common
vnir_only,agt_maturity,1015,15034.0,St3B_H049,11363.63636363636,12843.778441376755,common
vnir_only,agt_maturity,1021,21034.0,SpB_H126,11745.454545454548,12838.450762805787,common
vnir_only,agt_maturity,1023,23034.0,SHOTGUN,16263.636363636364,12843.778441376755,common
vnir_only,agt_maturity,2004,4033.0,SpB_H119,14799.999999999998,12780.993700475958,common
vnir_only,agt_maturity,2005,5033.0,B3B,12100.0,12843.778441376755,common
vnir_only,agt_maturity,2008,8033.0,BETHLEHEM,13327.272727272728,12838.450762805787,common
vnir_only,agt_maturity,2011,11033.0,St3B_H017,16536.363636363636,12779.924491555103,common
vnir_only,agt_maturity,2013,13033.0,St3B_H119,13036.363636363638,12786.605001389897,common
vnir_only,agt_maturity,2015,15033.0,St3B_H040,11490.909090909092,12773.461714949326,common
vnir_only,agt_maturity,3004,4032.0,SpB_H156,13299.999999999998,12741.64827013265,common
vnir_only,agt_maturity,3011,11032.0,SpB_H110,14336.363636363638,12786.605001389897,common
vnir_only,agt_maturity,3019,19032.0,SpB_H085,13827.272727272728,12838.450762805787,common
vnir_only,agt_maturity,3020,20032.0,St3B_H329,12654.545454545456,12773.461714949326,common
vnir_only,agt_maturity,3021,21032.0,SpB_H087,12672.727272727272,12773.461714949326,common
vnir_only,agt_maturity,3024,24032.0,SHOTGUN,18227.272727272724,12786.605001389897,common
vnir_only,agt_maturity,4002,2031.0,SpB_H008,16390.90909090909,12786.605001389897,common
vnir_only,agt_maturity,4004,4031.0,SpB_H087,11163.636363636362,12786.605001389897,common
vnir_only,agt_maturity,4007,7031.0,SpB_H053,11390.90909090909,12779.924491555103,common
vnir_only,agt_maturity,4011,11031.0,St3B_H077,15981.81818181818,12783.017898066708,common
vnir_only,agt_maturity,4013,13031.0,St3B_H136,15609.09090909091,12779.924491555103,common
vnir_only,agt_maturity,4015,15031.0,SUNTOP,12081.818181818182,12783.017898066708,common
vnir_only,agt_maturity,4019,19031.0,St3B_H017,14045.454545454542,12802.675165962122,common
vnir_only,agt_maturity,4022,22031.0,SpB_H156,13554.545454545456,12783.017898066708,common
vnir_only,agt_maturity,5001,1030.0,SpB_H173,15863.63636363636,12802.675165962122,common
vnir_only,agt_maturity,5003,3030.0,St3B_H097,13854.545454545456,12780.993700475958,common
vnir_only,agt_maturity,5004,4030.0,SpB_H102,10990.909090909092,12786.605001389897,common
vnir_only,agt_maturity,5009,9030.0,SpB_H106,15809.09090909091,12780.993700475958,common
vnir_only,agt_maturity,5013,13030.0,St3B_H342,11499.999999999998,12779.924491555103,common
vnir_only,agt_maturity,5016,16030.0,SpB_H110,10309.09090909091,12783.017898066708,common
vnir_only,agt_maturity,6002,2029.0,SpB_H022,11700.000000000002,12773.461714949326,common
vnir_only,agt_maturity,6003,3029.0,St3B_H026,10718.181818181818,12793.26521933065,common
vnir_only,agt_maturity,6006,6029.0,St3B_H164,14900.0,12780.993700475958,common
vnir_only,agt_maturity,6008,8029.0,SpB_H119,16445.454545454544,12773.461714949326,common
vnir_only,agt_maturity,6011,11029.0,SUNDANCER,13018.18181818182,12843.778441376755,common
vnir_only,agt_maturity,6016,16029.0,St3B_H136,12127.272727272728,12773.461714949326,common
vnir_only,agt_maturity,6022,22029.0,St3B_H097,10063.636363636364,12802.675165962122,common
vnir_only,agt_maturity,6023,23029.0,LEVERAGE,17636.363636363632,12779.924491555103,common
vnir_only,agt_maturity,7004,4028.0,SpB_H148,12018.18181818182,12741.64827013265,common
vnir_only,agt_maturity,7005,5028.0,SpB_H065,13172.727272727272,12793.26521933065,common
vnir_only,agt_maturity,7007,7028.0,SpB_H152,12145.454545454544,12838.450762805787,common
vnir_only,agt_maturity,7013,13028.0,SpB_H048,12645.454545454544,12838.450762805787,common
vnir_only,agt_maturity,7017,17028.0,SpB_H169,12972.727272727276,12783.017898066708,common
vnir_only,agt_maturity,7020,20028.0,SUNMASTER,14299.999999999998,12741.64827013265,common
vnir_only,agt_maturity,7022,22028.0,BETHLEHEM,14372.727272727272,12802.675165962122,common
vnir_only,agt_maturity,7023,23028.0,SpB_H010,11990.909090909092,12773.461714949326,common
vnir_only,agt_maturity,8008,8027.0,SpB_H169,14109.09090909091,12773.461714949326,common
vnir_only,agt_maturity,8014,14027.0,SpB_H152,13054.545454545456,12793.26521933065,common
vnir_only,agt_maturity,8015,15027.0,SpB_H094,13627.272727272728,12779.924491555103,common
vnir_only,agt_maturity,8018,18027.0,SpB_H085,14436.363636363636,12779.924491555103,common
vnir_only,agt_maturity,8020,20027.0,SpB_H164,14900.0,12838.450762805787,common
vnir_only,agt_maturity,8021,21027.0,SHOTGUN,12345.454545454542,12786.605001389897,common
vnir_only,agt_maturity,9004,4026.0,SpB_H116,12745.454545454548,12793.26521933065,common
vnir_only,agt_maturity,9006,6026.0,LRPBSPITFIRE,12790.909090909092,12786.605001389897,common
vnir_only,agt_maturity,9012,12026.0,SpB_H053,9436.363636363636,12741.64827013265,common
vnir_only,agt_maturity,9015,15026.0,St3B_H028,12763.636363636364,12843.778441376755,common
vnir_only,agt_maturity,9017,17026.0,St3B_H036,13990.909090909092,12786.605001389897,common
vnir_only,agt_maturity,10001,1025.0,SpB_H102,15072.72727272727,12793.26521933065,common
vnir_only,agt_maturity,10002,2025.0,SUNDANCER,13927.27272727273,12783.017898066708,common
vnir_only,agt_maturity,10004,4025.0,St3B_H028,15109.09090909091,12780.993700475958,common
vnir_only,agt_maturity,10006,6025.0,St3B_H029,9409.090909090906,12843.778441376755,common
vnir_only,agt_maturity,10008,8025.0,SpB_H074,11627.272727272728,12786.605001389897,common
vnir_only,agt_maturity,10009,9025.0,St3B_H041,13672.727272727272,12786.605001389897,common
vnir_only,agt_maturity,10012,12025.0,IRONBARK,15327.272727272728,12783.017898066708,common
vnir_only,agt_maturity,10016,16025.0,SpB_H010,13036.363636363638,12773.461714949326,common
vnir_only,agt_maturity,10018,18025.0,B3B,13218.181818181818,12783.017898066708,common
vnir_only,agt_maturity,10019,19025.0,LRPBSPITFIRE,15981.81818181818,12843.778441376755,common
vnir_only,agt_maturity,10021,21025.0,St3B_H100,10527.272727272724,12802.675165962122,common
vnir_only,agt_maturity,11002,2024.0,B3B,14472.727272727276,12838.450762805787,common
vnir_only,agt_maturity,11006,6024.0,SUNMASTER,14236.363636363636,12843.778441376755,common
vnir_only,agt_maturity,11007,7024.0,St3B_H029,12636.363636363632,12779.924491555103,common
vnir_only,agt_maturity,11009,9024.0,SpB_H166,13027.272727272724,12779.924491555103,common
vnir_only,agt_maturity,11011,11024.0,SUNTOP,16772.727272727272,12741.64827013265,common
vnir_only,agt_maturity,11014,14024.0,SpB_H032,11327.272727272728,12793.26521933065,common
vnir_only,agt_maturity,11018,18024.0,SpB_H120,14445.454545454544,12843.778441376755,common
vnir_only,agt_maturity,11020,20024.0,SpB_H050,12654.545454545456,12802.675165962122,common
vnir_only,agt_maturity,12003,3023.0,SpB_H028,15118.181818181818,12773.461714949326,common
vnir_only,agt_maturity,12007,7023.0,SpB_H120,11200.000000000002,12802.675165962122,common
vnir_only,agt_maturity,12008,8023.0,IRONBARK,10763.636363636364,12780.993700475958,common
vnir_only,agt_maturity,12011,11023.0,SpB_H001,12218.181818181818,12780.993700475958,common
vnir_only,agt_maturity,12012,12023.0,SUNMASTER,11936.363636363636,12802.675165962122,common
vnir_only,agt_maturity,12016,16023.0,B3B,11590.909090909088,12783.017898066708,common
vnir_only,agt_maturity,12018,18023.0,BETHLEHEM,12799.999999999998,12741.64827013265,common
vnir_only,agt_maturity,13001,1022.0,SpB_H028,17909.090909090904,12793.26521933065,common
vnir_only,agt_maturity,13002,2022.0,St3B_H077,13063.636363636364,12843.778441376755,common
vnir_only,agt_maturity,13007,7022.0,SpB_H116,13309.09090909091,12793.26521933065,common
vnir_only,agt_maturity,13009,9022.0,SpB_H001,13472.727272727276,12779.924491555103,common
vnir_only,agt_maturity,13011,11022.0,SpB_H074,12990.909090909092,12741.64827013265,common
vnir_only,agt_maturity,13018,18022.0,SpB_H126,13545.454545454542,12793.26521933065,common
vnir_only,agt_maturity,13020,20022.0,SpB_H049,10290.909090909092,12838.450762805787,common
vnir_only,agt_maturity,13024,24022.0,BETHLEHEM,9963.636363636362,12741.64827013265,common
vnir_only,agt_maturity,14001,1021.0,LRPBSPITFIRE,14981.81818181818,12786.605001389897,common
vnir_only,agt_maturity,14004,4021.0,SpB_H049,13281.81818181818,12773.461714949326,common
vnir_only,agt_maturity,14006,6021.0,SpB_H008,9299.999999999998,12786.605001389897,common
vnir_only,agt_maturity,14007,7021.0,LEVERAGE,13436.363636363636,12779.924491555103,common
vnir_only,agt_maturity,14012,12021.0,St3B_H329,13272.72727272727,12838.450762805787,common
vnir_only,agt_maturity,14015,15021.0,SpB_H065,11809.09090909091,12780.993700475958,common
vnir_only,agt_maturity,14016,16021.0,St3B_H119,10463.636363636362,12779.924491555103,common
vnir_only,agt_maturity,14017,17021.0,St3B_H041,12518.18181818182,12843.778441376755,common
vnir_only,agt_maturity,14022,22021.0,St3B_H036,10909.090909090904,12779.924491555103,common
vnir_only,agt_maturity,15002,2020.0,SpB_H047,13663.636363636362,12779.924491555103,common
vnir_only,agt_maturity,15004,4020.0,SpB_H173,15227.272727272724,12843.778441376755,common
vnir_only,agt_maturity,15006,6020.0,SpB_H094,13254.545454545452,12783.017898066708,common
vnir_only,agt_maturity,15007,7020.0,St3B_H059,16190.90909090909,12786.605001389897,common
vnir_only,agt_maturity,15009,9020.0,St3B_H341,13499.999999999998,12741.64827013265,common
vnir_only,agt_maturity,15010,10020.0,St3B_H164,12772.72727272727,12780.993700475958,common
vnir_only,agt_maturity,15014,14020.0,St3B_H040,12418.181818181818,12838.450762805787,common
vnir_only,agt_maturity,15021,21020.0,SpB_H048,12445.454545454544,12786.605001389897,common
vnir_only,agt_maturity,15024,24020.0,LRPBSPITFIRE,16981.81818181818,12838.450762805787,common
vnir_only,agt_maturity,16001,1019.0,SpB_H032,13327.272727272728,12780.993700475958,common
vnir_only,agt_maturity,16004,4019.0,St3B_H049,15054.545454545456,12780.993700475958,common
vnir_only,agt_maturity,16005,5019.0,SpB_H166,14572.72727272727,12741.64827013265,common
vnir_only,agt_maturity,16009,9019.0,SpB_H148,12454.545454545452,12773.461714949326,common
vnir_only,agt_maturity,16011,11019.0,St3B_H341,14745.454545454548,12793.26521933065,common
vnir_only,agt_maturity,16013,13019.0,SpB_H164,11490.909090909092,12793.26521933065,common
vnir_only,agt_maturity,17001,1018.0,SUNMASTER,11972.727272727276,12793.26521933065,common
vnir_only,agt_maturity,17002,2018.0,St3B_H342,12018.18181818182,12793.26521933065,common
vnir_only,agt_maturity,17003,3018.0,St3B_H100,13272.72727272727,12838.450762805787,common
vnir_only,agt_maturity,17005,5018.0,SpB_H022,12218.181818181818,12786.605001389897,common
vnir_only,agt_maturity,17006,6018.0,St3B_H059,12145.454545454544,12780.993700475958,common
vnir_only,agt_maturity,17009,9018.0,SHOTGUN,13999.999999999998,12779.924491555103,common
vnir_only,agt_maturity,17010,10018.0,St3B_H120,12309.09090909091,12793.26521933065,common
vnir_only,agt_maturity,17014,14018.0,SpB_H050,13981.81818181818,12741.64827013265,common
vnir_only,agt_maturity,17017,17018.0,SpB_H047,12390.90909090909,12786.605001389897,common
vnir_only,agt_maturity,18001,1017.0,SpB_H050,11054.545454545456,12779.924491555103,common
vnir_only,agt_maturity,18002,2017.0,SpB_H164,13700.000000000002,12741.64827013265,common
vnir_only,agt_maturity,18009,9017.0,SpB_H049,9818.181818181816,12780.993700475958,common
vnir_only,agt_maturity,18011,11017.0,SHOTGUN,12372.727272727272,12780.993700475958,common
vnir_only,agt_maturity,18016,16017.0,LRPBSPITFIRE,13327.272727272728,12741.64827013265,common
vnir_only,agt_maturity,18021,21017.0,SpB_H119,11672.727272727272,12793.26521933065,common
vnir_only,agt_maturity,18023,23017.0,SpB_H173,13600.0,12838.450762805787,common
vnir_only,agt_maturity,18024,24017.0,St3B_H017,11499.999999999998,12773.461714949326,common
vnir_only,agt_maturity,19003,3016.0,St3B_H120,13809.09090909091,12773.461714949326,common
vnir_only,agt_maturity,19004,4016.0,LRPBSPITFIRE,15345.454545454542,12773.461714949326,common
vnir_only,agt_maturity,19005,5016.0,SpB_H164,13954.545454545452,12838.450762805787,common
vnir_only,agt_maturity,19008,8016.0,St3B_H329,15009.090909090908,12786.605001389897,common
vnir_only,agt_maturity,19010,10016.0,SHOTGUN,10590.909090909088,12779.924491555103,common
vnir_only,agt_maturity,19013,13016.0,SpB_H053,13718.181818181818,12773.461714949326,common
vnir_only,agt_maturity,19017,17016.0,St3B_H341,12454.545454545452,12779.924491555103,common
vnir_only,agt_maturity,19019,19016.0,SUNMASTER,12299.999999999998,12802.675165962122,common
vnir_only,agt_maturity,19020,20016.0,SpB_H022,10427.27272727273,12802.675165962122,common
vnir_only,agt_maturity,19021,21016.0,SpB_H152,15454.545454545452,12783.017898066708,common
vnir_only,agt_maturity,19022,22016.0,SpB_H169,11527.272727272724,12838.450762805787,common
vnir_only,agt_maturity,20010,10015.0,SpB_H010,9900.0,12838.450762805787,common
vnir_only,agt_maturity,20012,12015.0,SpB_H152,12799.999999999998,12793.26521933065,common
vnir_only,agt_maturity,20016,16015.0,SpB_H001,11454.545454545452,12843.778441376755,common
vnir_only,agt_maturity,20018,18015.0,LRPBSPITFIRE,13809.09090909091,12843.778441376755,common
vnir_only,agt_maturity,20021,21015.0,St3B_H120,11936.363636363636,12741.64827013265,common
vnir_only,agt_maturity,20024,24015.0,St3B_H329,12327.272727272728,12783.017898066708,common
vnir_only,agt_maturity,21001,1014.0,SUNTOP,14445.454545454544,12783.017898066708,common
vnir_only,agt_maturity,21009,9014.0,SpB_H156,11618.181818181818,12793.26521933065,common
vnir_only,agt_maturity,21010,10014.0,SUNMASTER,13663.636363636362,12779.924491555103,common
vnir_only,agt_maturity,21013,13014.0,St3B_H164,14609.09090909091,12773.461714949326,common
vnir_only,agt_maturity,21016,16014.0,St3B_H026,10809.09090909091,12838.450762805787,common
vnir_only,agt_maturity,21017,17014.0,St3B_H029,14827.272727272728,12780.993700475958,common
vnir_only,agt_maturity,21018,18014.0,SpB_H074,11900.0,12783.017898066708,common
vnir_only,agt_maturity,21019,19014.0,SpB_H120,11154.545454545456,12786.605001389897,common
vnir_only,agt_maturity,21021,21014.0,SpB_H047,12036.363636363638,12779.924491555103,common
vnir_only,agt_maturity,21023,23014.0,SpB_H087,7499.999999999998,12802.675165962122,common
vnir_only,agt_maturity,22004,4013.0,SpB_H120,14854.545454545456,12741.64827013265,common
vnir_only,agt_maturity,22006,6013.0,SpB_H010,9190.90909090909,12843.778441376755,common
vnir_only,agt_maturity,22009,9013.0,St3B_H017,9499.999999999998,12783.017898066708,common
vnir_only,agt_maturity,22014,14013.0,SpB_H116,12727.272727272724,12843.778441376755,common
vnir_only,agt_maturity,22016,16013.0,St3B_H029,14281.81818181818,12838.450762805787,common
vnir_only,agt_maturity,22017,17013.0,SUNDANCER,12063.636363636364,12773.461714949326,common
vnir_only,agt_maturity,22018,18013.0,SpB_H156,10954.545454545452,12793.26521933065,common
vnir_only,agt_maturity,23001,1012.0,St3B_H040,15472.727272727272,12802.675165962122,common
vnir_only,agt_maturity,23004,4012.0,SpB_H106,16509.090909090908,12786.605001389897,common
vnir_only,agt_maturity,23013,13012.0,IRONBARK,12836.363636363638,12783.017898066708,common
vnir_only,agt_maturity,23014,14012.0,SpB_H166,14772.72727272727,12741.64827013265,common
vnir_only,agt_maturity,23018,18012.0,SpB_H102,13900.0,12793.26521933065,common
vnir_only,agt_maturity,24005,5011.0,St3B_H136,15590.909090909088,12783.017898066708,common
vnir_only,agt_maturity,24006,6011.0,SpB_H085,11654.545454545456,12843.778441376755,common
vnir_only,agt_maturity,24007,7011.0,B3B,8772.72727272727,12802.675165962122,common
vnir_only,agt_maturity,24013,13011.0,St3B_H028,13890.90909090909,12802.675165962122,common
vnir_only,agt_maturity,24017,17011.0,SpB_H008,13709.090909090908,12843.778441376755,common
vnir_only,agt_maturity,24020,20011.0,St3B_H041,15472.727272727276,12780.993700475958,common
vnir_only,agt_maturity,24021,21011.0,LEVERAGE,13872.727272727272,12741.64827013265,common
vnir_only,agt_maturity,24024,24011.0,SpB_H119,16581.818181818184,12780.993700475958,common
vnir_only,agt_maturity,25007,7010.0,SpB_H048,11418.181818181818,12773.461714949326,common
vnir_only,agt_maturity,25010,10010.0,SpB_H065,10309.09090909091,12802.675165962122,common
vnir_only,agt_maturity,25014,14010.0,SpB_H094,11372.727272727272,12783.017898066708,common
vnir_only,agt_maturity,25017,17010.0,St3B_H097,11472.727272727276,12780.993700475958,common
vnir_only,agt_maturity,25018,18010.0,SpB_H049,12945.454545454544,12783.017898066708,common
vnir_only,agt_maturity,25020,20010.0,SpB_H116,12454.545454545452,12783.017898066708,common
vnir_only,agt_maturity,25021,21010.0,SpB_H008,12036.363636363638,12786.605001389897,common
vnir_only,agt_maturity,26006,6009.0,St3B_H041,10563.636363636364,12838.450762805787,common
vnir_only,agt_maturity,26009,9009.0,SpB_H094,11872.727272727272,12838.450762805787,common
vnir_only,agt_maturity,26011,11009.0,SpB_H050,10672.727272727272,12786.605001389897,common
vnir_only,agt_maturity,26013,13009.0,St3B_H026,14045.454545454542,12802.675165962122,common
vnir_only,agt_maturity,26016,16009.0,SpB_H074,13072.72727272727,12780.993700475958,common
vnir_only,agt_maturity,27005,5008.0,LEVERAGE,14763.636363636364,12773.461714949326,common
vnir_only,agt_maturity,27006,6008.0,SpB_H169,11845.454545454542,12773.461714949326,common
vnir_only,agt_maturity,27009,9008.0,St3B_H119,11936.363636363636,12773.461714949326,common
vnir_only,agt_maturity,27015,15008.0,St3B_H059,14672.727272727272,12793.26521933065,common
vnir_only,agt_maturity,27023,23008.0,St3B_H049,14736.363636363636,12779.924491555103,common
vnir_only,agt_maturity,28003,3007.0,St3B_H040,16145.454545454544,12741.64827013265,common
vnir_only,agt_maturity,28005,5007.0,St3B_H036,13427.27272727273,12780.993700475958,common
vnir_only,agt_maturity,28008,8007.0,St3B_H100,12145.454545454544,12779.924491555103,common
vnir_only,agt_maturity,28010,10007.0,SpB_H126,11936.363636363636,12780.993700475958,common
vnir_only,agt_maturity,28015,15007.0,SpB_H173,10254.545454545452,12802.675165962122,common
vnir_only,agt_maturity,28016,16007.0,SpB_H148,12609.09090909091,12802.675165962122,common
vnir_only,agt_maturity,28018,18007.0,SUNTOP,11981.81818181818,12786.605001389897,common
vnir_only,agt_maturity,29005,5006.0,SpB_H048,12072.72727272727,12843.778441376755,common
vnir_only,agt_maturity,29007,7006.0,St3B_H028,12509.090909090908,12793.26521933065,common
vnir_only,agt_maturity,29010,10006.0,St3B_H036,13763.636363636364,12741.64827013265,common
vnir_only,agt_maturity,29014,14006.0,SpB_H001,7681.818181818179,12780.993700475958,common
vnir_only,agt_maturity,29016,16006.0,St3B_H164,10763.636363636364,12838.450762805787,common
vnir_only,agt_maturity,29017,17006.0,SpB_H022,14072.72727272727,12793.26521933065,common
vnir_only,agt_maturity,29019,19006.0,St3B_H077,11672.727272727272,12843.778441376755,common
vnir_only,agt_maturity,29022,22006.0,SpB_H028,10518.18181818182,12783.017898066708,common
vnir_only,agt_maturity,30003,3005.0,St3B_H119,11718.181818181818,12838.450762805787,common
vnir_only,agt_maturity,30004,4005.0,SpB_H126,11799.999999999998,12786.605001389897,common
vnir_only,agt_maturity,30015,15005.0,B3B,10418.181818181818,12741.64827013265,common
vnir_only,agt_maturity,30017,17005.0,SpB_H065,11890.90909090909,12843.778441376755,common
vnir_only,agt_maturity,30021,21005.0,SpB_H166,13127.272727272728,12783.017898066708,common
vnir_only,agt_maturity,30023,23005.0,St3B_H077,14036.363636363638,12843.778441376755,common
vnir_only,agt_maturity,31003,3004.0,SpB_H032,11700.000000000002,12838.450762805787,common
vnir_only,agt_maturity,31004,4004.0,B3B,15190.90909090909,12793.26521933065,common
vnir_only,agt_maturity,31007,7004.0,BETHLEHEM,12718.181818181818,12793.26521933065,common
vnir_only,agt_maturity,31009,9004.0,SpB_H087,12709.090909090908,12773.461714949326,common
vnir_only,agt_maturity,31010,10004.0,SpB_H110,11836.363636363638,12741.64827013265,common
vnir_only,agt_maturity,31011,11004.0,SpB_H047,12972.727272727276,12783.017898066708,common
vnir_only,agt_maturity,31019,19004.0,SUNDANCER,12809.09090909091,12773.461714949326,common
vnir_only,agt_maturity,31021,21004.0,BETHLEHEM,14754.545454545452,12802.675165962122,common
vnir_only,agt_maturity,31022,22004.0,SHOTGUN,18200.000000000004,12802.675165962122,common
vnir_only,agt_maturity,32006,6003.0,SHOTGUN,16999.999999999996,12741.64827013265,common
vnir_only,agt_maturity,32007,7003.0,St3B_H136,15354.545454545456,12773.461714949326,common
vnir_only,agt_maturity,32008,8003.0,St3B_H097,10100.0,12783.017898066708,common
vnir_only,agt_maturity,32018,18003.0,St3B_H059,14672.727272727272,12741.64827013265,common
vnir_only,agt_maturity,32020,20003.0,SpB_H053,14418.181818181818,12780.993700475958,common
vnir_only,agt_maturity,32021,21003.0,SpB_H032,10127.272727272728,12780.993700475958,common
vnir_only,agt_maturity,32023,23003.0,SpB_H148,8627.272727272728,12783.017898066708,common
vnir_only,agt_maturity,33005,5002.0,BETHLEHEM,12400.0,12802.675165962122,common
vnir_only,agt_maturity,33009,9002.0,St3B_H049,11236.363636363636,12741.64827013265,common
vnir_only,agt_maturity,33014,14002.0,SpB_H028,11272.72727272727,12843.778441376755,common
vnir_only,agt_maturity,33017,17002.0,SUNMASTER,14872.727272727272,12779.924491555103,common
vnir_only,agt_maturity,33019,19002.0,IRONBARK,11409.090909090904,12838.450762805787,common
vnir_only,agt_maturity,33021,21002.0,St3B_H341,10809.09090909091,12779.924491555103,common
vnir_only,agt_maturity,33022,22002.0,St3B_H342,11781.81818181818,12802.675165962122,common
vnir_only,agt_maturity,34002,2001.0,SpB_H085,15036.363636363638,12802.675165962122,common
vnir_only,agt_maturity,34003,3001.0,St3B_H342,14018.18181818182,12802.675165962122,common
vnir_only,agt_maturity,34004,4001.0,BETHLEHEM,11518.18181818182,12843.778441376755,common
vnir_only,agt_maturity,34009,9001.0,LRPBSPITFIRE,13954.545454545452,12793.26521933065,common
vnir_only,agt_maturity,34014,14001.0,SUNMASTER,11536.363636363638,12793.26521933065,common
vnir_only,agt_maturity,34018,18001.0,SpB_H110,10463.636363636362,12780.993700475958,common
vnir_only,agt_maturity,34020,20001.0,SpB_H102,10872.727272727272,12802.675165962122,common
vnir_only,agt_maturity,34021,21001.0,SpB_H106,14672.727272727272,12779.924491555103,common
vnir_only,agt_maturity,34023,23001.0,St3B_H100,11454.545454545452,12741.64827013265,common
vnir_only,agt_maturity,34024,24001.0,B3B,11881.818181818182,12843.778441376755,common
