variant,dataset,Plot_ID,Plot,Variety,measured,predicted
two_stream,muresk_anthesis,1,1001.0,Scepter,6613.636363636364,8516.615479709393
two_stream,muresk_anthesis,2,1002.0,Ironbark,6140.90909090909,6926.295295083674
two_stream,muresk_anthesis,3,1003.0,Calibre,6859.090909090909,8257.719885618724
two_stream,muresk_anthesis,4,1004.0,Nyala,8554.545454545454,8272.05063980881
two_stream,muresk_anthesis,5,1005.0,Magenta,9804.545454545454,9974.894235992002
two_stream,muresk_anthesis,6,1006.0,Shotgun,6654.545454545455,9862.234199254424
two_stream,muresk_anthesis,7,1007.0,Bullaring,6950.0,7522.714658941193
two_stream,muresk_anthesis,8,1008.0,Sunmaster,9413.636363636364,9930.447863418281
two_stream,muresk_anthesis,9,1009.0,Scepter,9822.727272727272,7983.264043596612
two_stream,muresk_anthesis,10,1010.0,Magenta,10427.272727272728,9773.010487116353
two_stream,muresk_anthesis,11,1011.0,Shotgun,10404.545454545456,9645.831464798865
two_stream,muresk_anthesis,12,1012.0,Sunmaster,8504.545454545454,8854.571421968878
two_stream,muresk_anthesis,13,1013.0,Ironbark,8986.363636363636,7313.808929616468
two_stream,muresk_anthesis,14,1014.0,Bullaring,7545.454545454545,8224.07760917527
two_stream,muresk_anthesis,15,1015.0,Nyala,7590.909090909091,8845.895383343537
two_stream,muresk_anthesis,16,1016.0,Calibre,10836.363636363638,10463.01480661378
two_stream,muresk_anthesis,17,1017.0,Scepter,10909.09090909091,9461.081051373942
two_stream,muresk_anthesis,18,1018.0,Nyala,8118.181818181818,8823.872034886392
two_stream,muresk_anthesis,19,1019.0,Shotgun,8881.818181818182,8212.533507408167
two_stream,muresk_anthesis,20,1020.0,Magenta,9454.545454545456,9637.873460083165
two_stream,muresk_anthesis,21,1021.0,Bullaring,8822.727272727272,8277.337403151225
two_stream,muresk_anthesis,22,1022.0,Ironbark,9904.545454545456,8841.091859667116
two_stream,muresk_anthesis,23,1023.0,Sunmaster,10109.090909090908,10127.802254600743
two_stream,muresk_anthesis,24,1024.0,Calibre,9231.818181818182,9925.023482865077
two_stream,muresk_anthesis,25,1025.0,Nyala,10204.545454545456,7934.4795999533935
two_stream,muresk_anthesis,26,1026.0,Sunmaster,6595.454545454545,9305.274182687996
two_stream,muresk_anthesis,27,1027.0,Ironbark,10686.363636363636,8615.358462186785
two_stream,muresk_anthesis,28,1028.0,Calibre,10227.272727272728,9045.920182919608
two_stream,muresk_anthesis,29,1029.0,Shotgun,8836.363636363636,6925.3266965412095
two_stream,muresk_anthesis,30,1030.0,Bullaring,9677.272727272728,7950.618964690643
two_stream,muresk_anthesis,31,1031.0,Magenta,10650.0,9487.0041702444
two_stream,muresk_anthesis,32,1032.0,Scepter,11245.454545454544,8981.017405206565
two_stream,muresk_anthesis,33,2001.0,Magenta,9604.545454545456,9321.347828484873
two_stream,muresk_anthesis,34,2002.0,Shotgun,6631.818181818182,7230.160063876854
two_stream,muresk_anthesis,35,2003.0,Bullaring,8150.0,6825.347744881163
two_stream,muresk_anthesis,36,2004.0,Sunmaster,6350.0,8638.32303120018
two_stream,muresk_anthesis,37,2005.0,Nyala,8109.090909090909,9136.821876830281
two_stream,muresk_anthesis,38,2006.0,Ironbark,7150.0,7130.9073275500405
two_stream,muresk_anthesis,39,2007.0,Calibre,7900.0,9403.325496393752
two_stream,muresk_anthesis,40,2008.0,Scepter,6895.454545454545,8403.483500299837
two_stream,muresk_anthesis,41,2009.0,Calibre,6945.454545454546,8713.09847189096
two_stream,muresk_anthesis,42,2010.0,Bullaring,9504.545454545454,8858.706763732476
two_stream,muresk_anthesis,43,2011.0,Nyala,7990.909090909091,7199.539153640328
two_stream,muresk_anthesis,44,2012.0,Ironbark,6281.818181818181,6643.908556977533
two_stream,muresk_anthesis,45,2013.0,Sunmaster,5740.909090909091,6881.227292026645
two_stream,muresk_anthesis,46,2014.0,Shotgun,7290.909090909091,7916.8041224466715
two_stream,muresk_anthesis,47,2015.0,Magenta,8636.363636363636,9273.882625592782
two_stream,muresk_anthesis,48,2016.0,Scepter,9427.272727272728,8905.785383137552
two_stream,muresk_anthesis,49,2017.0,Ironbark,10895.454545454544,7422.680682611434
two_stream,muresk_anthesis,50,2018.0,Bullaring,8613.636363636364,6951.62060796719
two_stream,muresk_anthesis,51,2019.0,Calibre,9559.09090909091,8121.749262581761
two_stream,muresk_anthesis,52,2020.0,Sunmaster,8309.09090909091,8310.67041503981
two_stream,muresk_anthesis,53,2021.0,Scepter,9859.090909090908,7628.011039243379
two_stream,muresk_anthesis,54,2022.0,Nyala,6422.727272727274,9272.488339985091
two_stream,muresk_anthesis,55,2023.0,Magenta,10272.727272727272,10256.852369442373
two_stream,muresk_anthesis,56,2024.0,Shotgun,8822.727272727272,7468.722959524434
two_stream,muresk_anthesis,57,2025.0,Scepter,8404.545454545456,8579.504919482026
two_stream,muresk_anthesis,58,2026.0,Bullaring,8263.636363636364,8754.3978301636
two_stream,muresk_anthesis,59,2027.0,Magenta,9109.090909090908,10557.85223109329
two_stream,muresk_anthesis,60,2028.0,Shotgun,10418.181818181818,8405.943048850151
two_stream,muresk_anthesis,61,2029.0,Nyala,6877.272727272728,7557.190002996563
two_stream,muresk_anthesis,62,2030.0,Sunmaster,9954.545454545456,10128.967583892407
two_stream,muresk_anthesis,63,2031.0,Calibre,10545.454545454544,9406.653871702378
two_stream,muresk_anthesis,64,2032.0,Ironbark,11895.454545454544,8471.81853331269
two_stream,muresk_anthesis,65,3001.0,Nyala,10195.454545454544,8377.419200741775
two_stream,muresk_anthesis,66,3002.0,Bullaring,6545.454545454545,8252.76157204315
two_stream,muresk_anthesis,67,3003.0,Shotgun,11363.636363636362,10066.068978232717
two_stream,muresk_anthesis,68,3004.0,Scepter,7500.0,9293.221865318212
two_stream,muresk_anthesis,69,3005.0,Sunmaster,13609.090909090908,10144.246167118225
two_stream,muresk_anthesis,70,3006.0,Calibre,10118.181818181818,9916.815592498446
two_stream,muresk_anthesis,71,3007.0,Ironbark,6881.818181818182,8010.3286723879355
two_stream,muresk_anthesis,72,3008.0,Magenta,6554.545454545454,9785.176788202903
two_stream,muresk_anthesis,73,3009.0,Shotgun,7095.454545454545,9149.327507829123
two_stream,muresk_anthesis,74,3010.0,Ironbark,10213.636363636362,9500.817031496423
two_stream,muresk_anthesis,75,3011.0,Scepter,7877.272727272726,8826.854803853897
two_stream,muresk_anthesis,76,3012.0,Magenta,7095.454545454545,10039.046362658797
two_stream,muresk_anthesis,77,3013.0,Calibre,9286.363636363636,10260.052435816055
two_stream,muresk_anthesis,78,3014.0,Nyala,7081.818181818182,9153.505360833558
two_stream,muresk_anthesis,79,3015.0,Bullaring,8450.0,8420.892356444943
two_stream,muresk_anthesis,80,3016.0,Sunmaster,10895.454545454544,10199.15931135944
two_stream,muresk_anthesis,81,3017.0,Magenta,10163.636363636364,8524.531978407422
two_stream,muresk_anthesis,82,3018.0,Calibre,7618.181818181818,8960.524426054391
two_stream,muresk_anthesis,83,3019.0,Nyala,8595.454545454544,8077.481857074471
two_stream,muresk_anthesis,84,3020.0,Bullaring,8459.090909090908,8536.802401452529
two_stream,muresk_anthesis,85,3021.0,Sunmaster,12390.909090909092,9671.896442079522
two_stream,muresk_anthesis,86,3022.0,Shotgun,8963.636363636362,9682.266633794081
two_stream,muresk_anthesis,87,3023.0,Ironbark,9372.727272727272,9250.353430010147
two_stream,muresk_anthesis,88,3024.0,Scepter,7700.0,10168.601029757516
two_stream,muresk_anthesis,89,3025.0,Shotgun,8322.727272727274,10365.806567045916
two_stream,muresk_anthesis,90,3026.0,Ironbark,9822.727272727272,9299.76934003794
two_stream,muresk_anthesis,91,3027.0,Bullaring,9631.818181818182,10721.69912535345
two_stream,muresk_anthesis,92,3028.0,Scepter,13031.81818181818,10586.602297439189
two_stream,muresk_anthesis,93,3029.0,Calibre,10090.909090909092,10187.65942517697
two_stream,muresk_anthesis,94,3030.0,Magenta,12122.727272727272,10414.169120041353
two_stream,muresk_anthesis,95,3031.0,Sunmaster,9831.818181818182,10412.617898532122
two_stream,muresk_anthesis,96,3032.0,Nyala,9777.272727272728,8768.344414103367
two_stream,muresk_anthesis,97,4001.0,Sunmaster,8336.363636363636,7554.492346166565
two_stream,muresk_anthesis,98,4002.0,Calibre,5454.545454545455,8116.310532493879
two_stream,muresk_anthesis,99,4003.0,Ironbark,4681.818181818182,6930.308160369887
two_stream,muresk_anthesis,100,4004.0,Magenta,9281.818181818182,8774.85007765529
two_stream,muresk_anthesis,101,4005.0,Scepter,8036.363636363638,8568.38507050586
two_stream,muresk_anthesis,102,4006.0,Bullaring,7422.727272727274,8448.552626860715
two_stream,muresk_anthesis,103,4007.0,Nyala,5863.636363636364,8338.053724308633
two_stream,muresk_anthesis,104,4008.0,Shotgun,7095.454545454545,7423.2899015849125
two_stream,muresk_anthesis,105,4009.0,Sunmaster,9909.090909090908,10203.017643657591
two_stream,muresk_anthesis,106,4010.0,Nyala,10045.454545454544,10076.40484713746
two_stream,muresk_anthesis,107,4011.0,Bullaring,7750.0,10420.95104953246
two_stream,muresk_anthesis,108,4012.0,Calibre,10386.363636363638,10247.968673087904
two_stream,muresk_anthesis,109,4013.0,Magenta,9913.636363636364,10677.536857685205
two_stream,muresk_anthesis,110,4014.0,Scepter,13109.090909090908,8086.303879273212
two_stream,muresk_anthesis,111,4015.0,Shotgun,10163.636363636364,10231.274718566383
two_stream,muresk_anthesis,112,4016.0,Ironbark,10304.545454545456,10355.143140687213
two_stream,muresk_anthesis,113,4017.0,Sunmaster,11159.09090909091,10579.779043572586
two_stream,muresk_anthesis,114,4018.0,Shotgun,9663.636363636364,10622.828594459044
two_stream,muresk_anthesis,115,4019.0,Ironbark,11618.181818181818,10192.087566447493
two_stream,muresk_anthesis,116,4020.0,Scepter,11386.363636363638,10776.104590003439
two_stream,muresk_anthesis,117,4021.0,Calibre,12072.727272727276,10823.744756607053
two_stream,muresk_anthesis,118,4022.0,Magenta,9795.454545454544,10937.809561003007
two_stream,muresk_anthesis,119,4023.0,Nyala,12677.272727272724,10331.837403055879
two_stream,muresk_anthesis,120,4024.0,Bullaring,9086.363636363636,10876.068417641123
two_stream,muresk_anthesis,121,4025.0,Calibre,10995.454545454544,10589.135024929132
two_stream,muresk_anthesis,122,4026.0,Magenta,9331.818181818182,10768.98872924616
two_stream,muresk_anthesis,123,4027.0,Sunmaster,10927.272727272728,10050.868825378853
two_stream,muresk_anthesis,124,4028.0,Nyala,14354.545454545456,10330.070168076578
two_stream,muresk_anthesis,125,4029.0,Scepter,10854.545454545456,10312.375732997634
two_stream,muresk_anthesis,126,4030.0,Ironbark,15663.636363636364,9204.974241646341
two_stream,muresk_anthesis,127,4031.0,Bullaring,10786.363636363638,9205.192341312153
two_stream,muresk_anthesis,128,4032.0,Shotgun,10454.545454545456,9095.578527055202
two_stream,muresk_maturity,1,1001.0,Scepter,10348.484848484844,9771.081543259197
two_stream,muresk_maturity,2,1002.0,Ironbark,8412.12121212121,8894.26062753949
two_stream,muresk_maturity,3,1003.0,Calibre,9824.242424242424,10077.511834763263
two_stream,muresk_maturity,4,1004.0,Nyala,9421.21212121212,10408.681937807445
two_stream,muresk_maturity,5,1005.0,Magenta,10206.060606060606,10441.265760847951
two_stream,muresk_maturity,6,1006.0,Shotgun,8293.939393939394,10013.715237070734
two_stream,muresk_maturity,7,1007.0,Bullaring,7833.333333333332,8840.960008677077
two_stream,muresk_maturity,8,1008.0,Sunmaster,8990.90909090909,9235.034488418969
two_stream,muresk_maturity,9,1009.0,Scepter,10266.666666666668,9598.930507280033
two_stream,muresk_maturity,10,1010.0,Magenta,8766.666666666666,10817.281317664192
two_stream,muresk_maturity,11,1011.0,Shotgun,8812.121212121212,9704.094932162454
two_stream,muresk_maturity,12,1012.0,Sunmaster,9430.30303030303,9743.70686686698
two_stream,muresk_maturity,13,1013.0,Ironbark,10787.878787878784,9193.80018123171
two_stream,muresk_maturity,14,1014.0,Bullaring,9699.999999999998,8758.451563937288
two_stream,muresk_maturity,15,1015.0,Nyala,9848.484848484846,9286.710820725822
two_stream,muresk_maturity,16,1016.0,Calibre,12727.272727272724,10382.93550573494
two_stream,muresk_maturity,17,1017.0,Scepter,10163.636363636364,9301.679428763362
two_stream,muresk_maturity,18,1018.0,Nyala,9609.090909090908,9425.98863943481
two_stream,muresk_maturity,19,1019.0,Shotgun,8151.515151515151,9934.520150164557
two_stream,muresk_maturity,20,1020.0,Magenta,9763.636363636362,10067.861348994511
two_stream,muresk_maturity,21,1021.0,Bullaring,7539.39393939394,8850.194088196302
two_stream,muresk_maturity,22,1022.0,Ironbark,9369.696969696968,9935.90301748455
two_stream,muresk_maturity,23,1023.0,Sunmaster,8745.454545454544,9560.336654019233
two_stream,muresk_maturity,24,1024.0,Calibre,10218.181818181818,10081.856451484718
two_stream,muresk_maturity,25,1025.0,Nyala,7830.303030303029,9331.02173780531
two_stream,muresk_maturity,26,1026.0,Sunmaster,10954.545454545452,9380.580126657143
two_stream,muresk_maturity,27,1027.0,Ironbark,9924.242424242422,10567.515809889208
two_stream,muresk_maturity,28,1028.0,Calibre,8969.696969696968,10177.66568811838
two_stream,muresk_maturity,29,1029.0,Shotgun,10860.60606060606,9625.674061022355
two_stream,muresk_maturity,30,1030.0,Bullaring,8609.090909090908,8624.804455896649
two_stream,muresk_maturity,31,1031.0,Magenta,10863.63636363636,10120.992444824129
two_stream,muresk_maturity,32,1032.0,Scepter,9003.030303030302,10056.979119413687
two_stream,muresk_maturity,33,2001.0,Magenta,8303.030303030302,10047.561897738218
two_stream,muresk_maturity,34,2002.0,Shotgun,9436.363636363636,9294.039093706606
two_stream,muresk_maturity,35,2003.0,Bullaring,8615.151515151516,7911.6724790418075
two_stream,muresk_maturity,36,2004.0,Sunmaster,11139.393939393938,8772.195569885776
two_stream,muresk_maturity,37,2005.0,Nyala,11315.151515151516,9861.470218264045
two_stream,muresk_maturity,38,2006.0,Ironbark,10281.818181818182,9139.547902465929
two_stream,muresk_maturity,39,2007.0,Calibre,9978.787878787878,9839.015010095363
two_stream,muresk_maturity,40,2008.0,Scepter,9318.181818181818,10103.583481940273
two_stream,muresk_maturity,41,2009.0,Calibre,9500.0,10663.08548530828
two_stream,muresk_maturity,42,2010.0,Bullaring,7963.636363636364,9119.24323466489
two_stream,muresk_maturity,43,2011.0,Nyala,9493.939393939394,8184.409505943647
two_stream,muresk_maturity,44,2012.0,Ironbark,10093.939393939392,8934.462596530735
two_stream,muresk_maturity,45,2013.0,Sunmaster,8545.454545454544,8585.763051198343
two_stream,muresk_maturity,46,2014.0,Shotgun,9124.242424242422,8927.275622432346
two_stream,muresk_maturity,47,2015.0,Magenta,9557.575757575756,10522.963815723235
two_stream,muresk_maturity,48,2016.0,Scepter,10233.333333333332,9653.63320512525
two_stream,muresk_maturity,49,2017.0,Ironbark,8833.333333333332,8637.012461329714
two_stream,muresk_maturity,50,2018.0,Bullaring,8718.181818181818,8214.66115463482
two_stream,muresk_maturity,51,2019.0,Calibre,8669.696969696968,10467.011145696672
two_stream,muresk_maturity,52,2020.0,Sunmaster,10863.63636363636,9317.022123414094
two_stream,muresk_maturity,53,2021.0,Scepter,10693.939393939396,9359.092042747287
two_stream,muresk_maturity,54,2022.0,Nyala,6521.21212121212,9546.644729889595
two_stream,muresk_maturity,55,2023.0,Magenta,9800.000000000002,9956.065069547347
two_stream,muresk_maturity,56,2024.0,Shotgun,9957.575757575756,9533.379659412767
two_stream,muresk_maturity,57,2025.0,Scepter,10645.454545454544,9665.733331724123
two_stream,muresk_maturity,58,2026.0,Bullaring,9100.0,8832.22443538746
two_stream,muresk_maturity,59,2027.0,Magenta,11066.666666666664,10329.912808371811
two_stream,muresk_maturity,60,2028.0,Shotgun,10221.212121212122,10598.020864643842
two_stream,muresk_maturity,61,2029.0,Nyala,7896.969696969695,9701.53188006246
two_stream,muresk_maturity,62,2030.0,Sunmaster,10778.787878787878,10007.267177331416
two_stream,muresk_maturity,63,2031.0,Calibre,10757.575757575756,10807.26691657596
two_stream,muresk_maturity,64,2032.0,Ironbark,9718.181818181818,10075.645980822777
two_stream,muresk_maturity,65,3001.0,Nyala,8169.696969696969,9355.156514279717
two_stream,muresk_maturity,66,3002.0,Bullaring,7503.030303030301,9232.274720401929
two_stream,muresk_maturity,67,3003.0,Shotgun,8730.303030303028,9516.029243108485
two_stream,muresk_maturity,68,3004.0,Scepter,9324.242424242424,9539.511970827685
two_stream,muresk_maturity,69,3005.0,Sunmaster,8463.636363636364,10183.629709968694
two_stream,muresk_maturity,70,3006.0,Calibre,7336.363636363635,10206.137152619049
two_stream,muresk_maturity,71,3007.0,Ironbark,6712.121212121211,8910.993951977815
two_stream,muresk_maturity,72,3008.0,Magenta,6866.666666666665,9959.201683598305
two_stream,muresk_maturity,73,3009.0,Shotgun,9857.575757575758,10352.667073430925
two_stream,muresk_maturity,74,3010.0,Ironbark,9627.272727272726,9763.77652552811
two_stream,muresk_maturity,75,3011.0,Scepter,9357.575757575758,9620.842022819752
two_stream,muresk_maturity,76,3012.0,Magenta,8057.575757575756,10445.906336666892
two_stream,muresk_maturity,77,3013.0,Calibre,9309.090909090908,10103.989617094314
two_stream,muresk_maturity,78,3014.0,Nyala,6409.090909090909,9201.320029812601
two_stream,muresk_maturity,79,3015.0,Bullaring,8051.515151515151,8670.351996856947
two_stream,muresk_maturity,80,3016.0,Sunmaster,10872.727272727272,10115.021456997316
two_stream,muresk_maturity,81,3017.0,Magenta,9469.696969696968,10401.872969016631
two_stream,muresk_maturity,82,3018.0,Calibre,11787.878787878784,10269.365460255023
two_stream,muresk_maturity,83,3019.0,Nyala,7081.818181818181,9770.36956961122
two_stream,muresk_maturity,84,3020.0,Bullaring,10675.757575757576,8697.129526094335
two_stream,muresk_maturity,85,3021.0,Sunmaster,11227.272727272724,9847.398069522802
two_stream,muresk_maturity,86,3022.0,Shotgun,12130.30303030303,9771.564530846654
two_stream,muresk_maturity,87,3023.0,Ironbark,10536.363636363636,9932.47448109374
two_stream,muresk_maturity,88,3024.0,Scepter,7996.969696969696,10422.162395934816
two_stream,muresk_maturity,89,3025.0,Shotgun,11015.151515151512,10212.33058017773
two_stream,muresk_maturity,90,3026.0,Ironbark,11330.30303030303,10228.174478974548
two_stream,muresk_maturity,91,3027.0,Bullaring,8921.21212121212,9484.981758105183
two_stream,muresk_maturity,92,3028.0,Scepter,11363.63636363636,10101.944864913787
two_stream,muresk_maturity,93,3029.0,Calibre,10630.30303030303,10318.728111927941
two_stream,muresk_maturity,94,3030.0,Magenta,12754.545454545456,10116.092499278922
two_stream,muresk_maturity,95,3031.0,Sunmaster,11233.333333333332,10078.915238838268
two_stream,muresk_maturity,96,3032.0,Nyala,7903.030303030302,10259.758177569416
two_stream,muresk_maturity,97,4001.0,Sunmaster,7403.030303030302,8996.349097756523
two_stream,muresk_maturity,98,4002.0,Calibre,5566.666666666666,8395.43617853083
two_stream,muresk_maturity,99,4003.0,Ironbark,9281.818181818182,6844.4797409574385
two_stream,muresk_maturity,100,4004.0,Magenta,10490.90909090909,10238.369832616641
two_stream,muresk_maturity,101,4005.0,Scepter,10827.272727272728,9491.715084372585
two_stream,muresk_maturity,102,4006.0,Bullaring,6724.242424242424,8959.313176448173
two_stream,muresk_maturity,103,4007.0,Nyala,7151.515151515151,8355.284969728276
two_stream,muresk_maturity,104,4008.0,Shotgun,11384.848484848484,9021.641997633531
two_stream,muresk_maturity,105,4009.0,Sunmaster,9636.363636363636,9320.78426211229
two_stream,muresk_maturity,106,4010.0,Nyala,9393.939393939394,9917.0619972143
two_stream,muresk_maturity,107,4011.0,Bullaring,8775.757575757574,8849.099822728567
two_stream,muresk_maturity,108,4012.0,Calibre,8084.848484848485,10791.699235925642
two_stream,muresk_maturity,109,4013.0,Magenta,9972.727272727272,10237.90637966387
two_stream,muresk_maturity,110,4014.0,Scepter,8509.090909090908,8550.831888443023
two_stream,muresk_maturity,111,4015.0,Shotgun,11778.787878787878,9990.885987397502
two_stream,muresk_maturity,112,4016.0,Ironbark,9224.242424242422,10178.392139677186
two_stream,muresk_maturity,113,4017.0,Sunmaster,8584.848484848484,10306.659423338222
two_stream,muresk_maturity,114,4018.0,Shotgun,10218.181818181818,10010.589013629751
two_stream,muresk_maturity,115,4019.0,Ironbark,11163.636363636364,10243.395284381219
two_stream,muresk_maturity,116,4020.0,Scepter,8984.848484848484,10163.211541502418
two_stream,muresk_maturity,117,4021.0,Calibre,10306.060606060604,10182.262098333289
two_stream,muresk_maturity,118,4022.0,Magenta,11778.787878787878,10171.356058662059
two_stream,muresk_maturity,119,4023.0,Nyala,8575.757575757576,10165.498994409121
two_stream,muresk_maturity,120,4024.0,Bullaring,10509.09090909091,9317.066501474379
two_stream,muresk_maturity,121,4025.0,Calibre,12303.0303030303,10078.815686494429
two_stream,muresk_maturity,122,4026.0,Magenta,9693.939393939392,10638.249427228322
two_stream,muresk_maturity,123,4027.0,Sunmaster,13081.81818181818,10105.313521594444
two_stream,muresk_maturity,124,4028.0,Nyala,11063.636363636362,9839.859971625861
two_stream,muresk_maturity,125,4029.0,Scepter,12042.424242424242,10140.474253183625
two_stream,muresk_maturity,126,4030.0,Ironbark,10666.666666666664,10230.105106716292
two_stream,muresk_maturity,127,4031.0,Bullaring,9109.090909090908,9160.06397168609
two_stream,muresk_maturity,128,4032.0,Shotgun,11145.454545454544,10264.366964556468
two_stream,agt_anthesis,1009,9034.0,St3B_H026,8821.212121,9134.119099364743
two_stream,agt_anthesis,1013,13034.0,St3B_H120,9457.575758,9602.326424442974
two_stream,agt_anthesis,1014,14034.0,SpB_H106,8457.575758,9905.736772659293
two_stream,agt_anthesis,1015,15034.0,St3B_H049,7903.030303,8726.745610718039
two_stream,agt_anthesis,1021,21034.0,SpB_H126,7100.0,9702.802327198091
two_stream,agt_anthesis,1023,23034.0,SHOTGUN,9063.636364,9553.077445487765
two_stream,agt_anthesis,2004,4033.0,SpB_H119,13975.75758,9792.5269189806
two_stream,agt_anthesis,2005,5033.0,B3B,12021.21212,10027.322510578046
two_stream,agt_anthesis,2008,8033.0,BETHLEHEM,12275.75758,10050.907594678367
two_stream,agt_anthesis,2011,11033.0,St3B_H017,11393.93939,10817.467634489118
two_stream,agt_anthesis,2013,13033.0,St3B_H119,9648.484848,9687.054132989031
two_stream,agt_anthesis,2015,15033.0,St3B_H040,8266.666667,9270.96065509141
two_stream,agt_anthesis,3004,4032.0,SpB_H156,8757.575758,9475.914398381954
two_stream,agt_anthesis,3011,11032.0,SpB_H110,8766.666667,9764.873251717167
two_stream,agt_anthesis,3019,19032.0,SpB_H085,9903.030303,9820.561875730358
two_stream,agt_anthesis,3020,20032.0,St3B_H329,10475.75758,9032.384902201518
two_stream,agt_anthesis,3021,21032.0,SpB_H087,7000.0,9360.474009745187
two_stream,agt_anthesis,3024,24032.0,SHOTGUN,9363.636364,9239.02724270913
two_stream,agt_anthesis,4002,2031.0,SpB_H008,8466.666667,9872.232696558607
two_stream,agt_anthesis,4004,4031.0,SpB_H087,9084.848485,9465.750319881838
two_stream,agt_anthesis,4007,7031.0,SpB_H053,7530.30303,10373.94042384971
two_stream,agt_anthesis,4011,11031.0,St3B_H077,10375.75758,10396.572867278752
two_stream,agt_anthesis,4013,13031.0,St3B_H136,8048.484848,9762.978968794663
two_stream,agt_anthesis,4015,15031.0,SUNTOP,7603.030303,9726.587367104416
two_stream,agt_anthesis,4019,19031.0,St3B_H017,11218.18182,10099.967701648759
two_stream,agt_anthesis,4022,22031.0,SpB_H156,9009.090909,10099.094785454126
two_stream,agt_anthesis,5001,1030.0,SpB_H173,9766.666667,9819.482513736739
two_stream,agt_anthesis,5003,3030.0,St3B_H097,10557.57576,9351.493569784403
two_stream,agt_anthesis,5004,4030.0,SpB_H102,11039.39394,9506.930267765341
two_stream,agt_anthesis,5009,9030.0,SpB_H106,10012.12121,9592.25487001913
two_stream,agt_anthesis,5013,13030.0,St3B_H342,7903.030303,9101.767702556066
two_stream,agt_anthesis,5016,16030.0,SpB_H110,11457.57576,9662.716155965156
two_stream,agt_anthesis,6002,2029.0,SpB_H022,11703.0303,9897.927289222062
two_stream,agt_anthesis,6003,3029.0,St3B_H026,14039.39394,9762.919781479955
two_stream,agt_anthesis,6006,6029.0,St3B_H164,9821.212121,9653.51792514038
two_stream,agt_anthesis,6008,8029.0,SpB_H119,10993.93939,9406.233723642375
two_stream,agt_anthesis,6011,11029.0,SUNDANCER,9648.484848,9296.604181963445
two_stream,agt_anthesis,6016,16029.0,St3B_H136,11475.75758,9884.204927586668
two_stream,agt_anthesis,6022,22029.0,St3B_H097,8900.0,8115.913820996171
two_stream,agt_anthesis,6023,23029.0,LEVERAGE,8954.545455,9569.105420979842
two_stream,agt_anthesis,7004,4028.0,SpB_H148,10993.93939,9944.610319002224
two_stream,agt_anthesis,7005,5028.0,SpB_H065,11266.66667,9710.01969210761
two_stream,agt_anthesis,7007,7028.0,SpB_H152,10484.84848,8529.183648488304
two_stream,agt_anthesis,7013,13028.0,SpB_H048,10057.57576,10190.960784493596
two_stream,agt_anthesis,7017,17028.0,SpB_H169,7981.818182,9482.456697570815
two_stream,agt_anthesis,7020,20028.0,SUNMASTER,7193.939394,9532.898807292626
two_stream,agt_anthesis,7022,22028.0,BETHLEHEM,6809.090909,10343.218150561404
two_stream,agt_anthesis,7023,23028.0,SpB_H010,8100.0,9014.80179251805
two_stream,agt_anthesis,8008,8027.0,SpB_H169,9803.030303,9566.135608056047
two_stream,agt_anthesis,8014,14027.0,SpB_H152,10993.93939,8796.460405124602
two_stream,agt_anthesis,8015,15027.0,SpB_H094,8848.484848,9625.856475475295
two_stream,agt_anthesis,8018,18027.0,SpB_H085,9109.090909,9919.625352866035
two_stream,agt_anthesis,8020,20027.0,SpB_H164,7075.757576,9664.479148122846
two_stream,agt_anthesis,8021,21027.0,SHOTGUN,8336.363636,9546.348261787987
two_stream,agt_anthesis,9004,4026.0,SpB_H116,10057.57576,9457.737332430137
two_stream,agt_anthesis,9006,6026.0,LRPBSPITFIRE,8430.30303,9697.231145199657
two_stream,agt_anthesis,9012,12026.0,SpB_H053,8130.30303,9835.989592833039
two_stream,agt_anthesis,9015,15026.0,St3B_H028,11939.39394,8747.079485694632
two_stream,agt_anthesis,9017,17026.0,St3B_H036,8845.454545,9732.482672397002
two_stream,agt_anthesis,10001,1025.0,SpB_H102,12930.30303,9956.243814796377
two_stream,agt_anthesis,10002,2025.0,SUNDANCER,8348.484848,9638.36457741899
two_stream,agt_anthesis,10004,4025.0,St3B_H028,9784.848485,9681.643868429868
two_stream,agt_anthesis,10006,6025.0,St3B_H029,10330.30303,9629.329083165325
two_stream,agt_anthesis,10008,8025.0,SpB_H074,10057.57576,10016.218590569404
two_stream,agt_anthesis,10009,9025.0,St3B_H041,9657.575758,9558.317481469605
two_stream,agt_anthesis,10012,12025.0,IRONBARK,6175.757576,9655.58682068335
two_stream,agt_anthesis,10016,16025.0,SpB_H010,8903.030303,8775.784513563343
two_stream,agt_anthesis,10018,18025.0,B3B,9930.30303,9548.012670165814
two_stream,agt_anthesis,10019,19025.0,LRPBSPITFIRE,10930.30303,9894.669356332723
two_stream,agt_anthesis,10021,21025.0,St3B_H100,8400.0,8540.443615061997
two_stream,agt_anthesis,11002,2024.0,B3B,9493.939394,9702.888833456362
two_stream,agt_anthesis,11006,6024.0,SUNMASTER,8766.666667,9726.214896310905
two_stream,agt_anthesis,11007,7024.0,St3B_H029,11648.48485,9600.313886500728
two_stream,agt_anthesis,11009,9024.0,SpB_H166,9693.939394,9803.224331713203
two_stream,agt_anthesis,11011,11024.0,SUNTOP,7975.757576,9922.251072400679
two_stream,agt_anthesis,11014,14024.0,SpB_H032,7875.757576,8994.53307676863
two_stream,agt_anthesis,11018,18024.0,SpB_H120,9230.30303,9607.846863481438
two_stream,agt_anthesis,11020,20024.0,SpB_H050,9939.393939,9958.514820829332
two_stream,agt_anthesis,12003,3023.0,SpB_H028,10093.93939,9622.638638157467
two_stream,agt_anthesis,12007,7023.0,SpB_H120,10748.48485,10050.384784339549
two_stream,agt_anthesis,12008,8023.0,IRONBARK,9930.30303,10006.402408810554
two_stream,agt_anthesis,12011,11023.0,SpB_H001,7084.848485,9605.673292981202
two_stream,agt_anthesis,12012,12023.0,SUNMASTER,8912.121212,10160.274575031806
two_stream,agt_anthesis,12016,16023.0,B3B,10190.90909,9581.930959572548
two_stream,agt_anthesis,12018,18023.0,BETHLEHEM,7939.393939,9788.253786658888
two_stream,agt_anthesis,13001,1022.0,SpB_H028,9257.575758,9303.383429169158
two_stream,agt_anthesis,13002,2022.0,St3B_H077,11212.12121,10282.406135254078
two_stream,agt_anthesis,13007,7022.0,SpB_H116,9312.121212,8807.989076066242
two_stream,agt_anthesis,13009,9022.0,SpB_H001,7175.757576,9283.023845988122
two_stream,agt_anthesis,13011,11022.0,SpB_H074,9803.030303,9972.895570568551
two_stream,agt_anthesis,13018,18022.0,SpB_H126,9121.212121,9496.911538682105
two_stream,agt_anthesis,13020,20022.0,SpB_H049,8818.181818,9763.781792222511
two_stream,agt_anthesis,13024,24022.0,BETHLEHEM,9390.909091,9930.594143400984
two_stream,agt_anthesis,14001,1021.0,LRPBSPITFIRE,10784.84848,9747.616694046126
two_stream,agt_anthesis,14004,4021.0,SpB_H049,11057.57576,9514.888094534957
two_stream,agt_anthesis,14006,6021.0,SpB_H008,9366.666667,9400.11450565985
two_stream,agt_anthesis,14007,7021.0,LEVERAGE,9312.121212,10059.748238152091
two_stream,agt_anthesis,14012,12021.0,St3B_H329,10966.66667,9359.866035980649
two_stream,agt_anthesis,14015,15021.0,SpB_H065,10566.66667,9996.284439486742
two_stream,agt_anthesis,14016,16021.0,St3B_H119,7966.666667,9260.418859140656
two_stream,agt_anthesis,14017,17021.0,St3B_H041,9272.727273,9600.141205603257
two_stream,agt_anthesis,14022,22021.0,St3B_H036,10945.45455,10234.642935755293
two_stream,agt_anthesis,15002,2020.0,SpB_H047,10493.93939,9477.615270489234
two_stream,agt_anthesis,15004,4020.0,SpB_H173,11639.39394,9672.554479314405
two_stream,agt_anthesis,15006,6020.0,SpB_H094,8403.030303,9625.553890124402
two_stream,agt_anthesis,15007,7020.0,St3B_H059,10003.0303,9782.219364577255
two_stream,agt_anthesis,15009,9020.0,St3B_H341,6393.939394,9503.252968789084
two_stream,agt_anthesis,15010,10020.0,St3B_H164,8421.212121,9500.922945645436
two_stream,agt_anthesis,15014,14020.0,St3B_H040,6866.666667,8794.125621693234
two_stream,agt_anthesis,15021,21020.0,SpB_H048,7572.727273,10471.955390899308
two_stream,agt_anthesis,15024,24020.0,LRPBSPITFIRE,9781.818182,9912.397596717725
two_stream,agt_anthesis,16001,1019.0,SpB_H032,9257.575758,8965.53907762961
two_stream,agt_anthesis,16004,4019.0,St3B_H049,8830.30303,9558.799356313822
two_stream,agt_anthesis,16005,5019.0,SpB_H166,10393.93939,9247.595735139641
two_stream,agt_anthesis,16009,9019.0,SpB_H148,11248.48485,9959.100256021333
two_stream,agt_anthesis,16011,11019.0,St3B_H341,10175.75758,10165.88316635971
two_stream,agt_anthesis,16013,13019.0,SpB_H164,10466.66667,9687.359900493913
two_stream,agt_anthesis,17001,1018.0,SUNMASTER,8139.393939,8808.63728556392
two_stream,agt_anthesis,17002,2018.0,St3B_H342,8893.939394,8598.587050386335
two_stream,agt_anthesis,17003,3018.0,St3B_H100,9575.757576,8260.856314472701
two_stream,agt_anthesis,17005,5018.0,SpB_H022,9603.030303,10217.263665707254
two_stream,agt_anthesis,17006,6018.0,St3B_H059,11048.48485,10231.39141376263
two_stream,agt_anthesis,17009,9018.0,SHOTGUN,11757.57576,9387.756730469564
two_stream,agt_anthesis,17010,10018.0,St3B_H120,8139.393939,8773.591896102917
two_stream,agt_anthesis,17014,14018.0,SpB_H050,11003.0303,9991.5499993814
two_stream,agt_anthesis,17017,17018.0,SpB_H047,7672.727273,9633.256938273835
two_stream,agt_anthesis,18001,1017.0,SpB_H050,10321.21212,9709.885687076156
two_stream,agt_anthesis,18002,2017.0,SpB_H164,11703.0303,9184.264983960795
two_stream,agt_anthesis,18009,9017.0,SpB_H049,10121.21212,9607.739105478762
two_stream,agt_anthesis,18011,11017.0,SHOTGUN,9212.121212,9744.199112747636
two_stream,agt_anthesis,18016,16017.0,LRPBSPITFIRE,10493.93939,9478.090311495811
two_stream,agt_anthesis,18021,21017.0,SpB_H119,10536.36364,9688.831295082387
two_stream,agt_anthesis,18023,23017.0,SpB_H173,10618.18182,9623.45192579585
two_stream,agt_anthesis,18024,24017.0,St3B_H017,11854.54545,10462.824478586435
two_stream,agt_anthesis,19003,3016.0,St3B_H120,8166.666667,9473.464899733872
two_stream,agt_anthesis,19004,4016.0,LRPBSPITFIRE,9912.121212,9023.060153010412
two_stream,agt_anthesis,19005,5016.0,SpB_H164,9430.30303,9416.58607312734
two_stream,agt_anthesis,19008,8016.0,St3B_H329,10230.30303,8797.396545413896
two_stream,agt_anthesis,19010,10016.0,SHOTGUN,8193.939394,7391.791472098326
two_stream,agt_anthesis,19013,13016.0,SpB_H053,9348.484848,9955.577994898034
two_stream,agt_anthesis,19017,17016.0,St3B_H341,9572.727273,9722.131192217901
two_stream,agt_anthesis,19019,19016.0,SUNMASTER,9875.757576,9631.095655169167
two_stream,agt_anthesis,19020,20016.0,SpB_H022,7618.181818,9435.236001190839
two_stream,agt_anthesis,19021,21016.0,SpB_H152,8563.636364,8431.980525578274
two_stream,agt_anthesis,19022,22016.0,SpB_H169,8754.545455,9431.811054552125
two_stream,agt_anthesis,20010,10015.0,SpB_H010,8093.939394,8068.368798342159
two_stream,agt_anthesis,20012,12015.0,SpB_H152,7775.757576,7807.370398629762
two_stream,agt_anthesis,20016,16015.0,SpB_H001,8512.121212,8026.841256528487
two_stream,agt_anthesis,20018,18015.0,LRPBSPITFIRE,8766.666667,9025.184068657665
two_stream,agt_anthesis,20021,21015.0,St3B_H120,9918.181818,9199.18156536415
two_stream,agt_anthesis,20024,24015.0,St3B_H329,7490.909091,10214.003596645862
two_stream,agt_anthesis,21001,1014.0,SUNTOP,9312.121212,8914.240844274142
two_stream,agt_anthesis,21009,9014.0,SpB_H156,8603.030303,9206.26917484815
two_stream,agt_anthesis,21010,10014.0,SUNMASTER,10257.57576,8972.791314513524
two_stream,agt_anthesis,21013,13014.0,St3B_H164,10230.30303,9802.920760284307
two_stream,agt_anthesis,21016,16014.0,St3B_H026,8921.212121,8618.34255455851
two_stream,agt_anthesis,21017,17014.0,St3B_H029,9372.727273,8859.1068434074
two_stream,agt_anthesis,21018,18014.0,SpB_H074,9630.30303,9998.535712531851
two_stream,agt_anthesis,21019,19014.0,SpB_H120,7703.030303,9120.052836819306
two_stream,agt_anthesis,21021,21014.0,SpB_H047,11754.54545,9929.388896995399
two_stream,agt_anthesis,21023,23014.0,SpB_H087,7927.272727,9383.72612360028
two_stream,agt_anthesis,22004,4013.0,SpB_H120,10857.57576,9969.445205136868
two_stream,agt_anthesis,22006,6013.0,SpB_H010,10966.66667,9481.91337077743
two_stream,agt_anthesis,22009,9013.0,St3B_H017,14093.93939,9816.880659384246
two_stream,agt_anthesis,22014,14013.0,SpB_H116,8657.575758,9091.671638824682
two_stream,agt_anthesis,22016,16013.0,St3B_H029,9275.757576,8815.211482608556
two_stream,agt_anthesis,22017,17013.0,SUNDANCER,10600.0,9367.633133916632
two_stream,agt_anthesis,22018,18013.0,SpB_H156,12057.57576,8669.169736839565
two_stream,agt_anthesis,23001,1012.0,St3B_H040,10112.12121,9497.28959819257
two_stream,agt_anthesis,23004,4012.0,SpB_H106,12121.21212,9638.933153829701
two_stream,agt_anthesis,23013,13012.0,IRONBARK,8566.666667,9513.589062663134
two_stream,agt_anthesis,23014,14012.0,SpB_H166,8303.030303,7185.854655466345
two_stream,agt_anthesis,23018,18012.0,SpB_H102,10212.12121,8750.839007711524
two_stream,agt_anthesis,24005,5011.0,St3B_H136,8584.848485,9406.56439001718
two_stream,agt_anthesis,24006,6011.0,SpB_H085,10557.57576,9734.882429774752
two_stream,agt_anthesis,24007,7011.0,B3B,9366.666667,9485.431038498253
two_stream,agt_anthesis,24013,13011.0,St3B_H028,9066.666667,9871.149396891178
two_stream,agt_anthesis,24017,17011.0,SpB_H008,11190.90909,9484.422262899909
two_stream,agt_anthesis,24020,20011.0,St3B_H041,5518.181818,7752.940780682371
two_stream,agt_anthesis,24021,21011.0,LEVERAGE,7327.272727,9379.847379264018
two_stream,agt_anthesis,24024,24011.0,SpB_H119,8318.181818,9423.946687902435
two_stream,agt_anthesis,25007,7010.0,SpB_H048,9557.575758,9879.31255275936
two_stream,agt_anthesis,25010,10010.0,SpB_H065,7475.757576,9091.27265318372
two_stream,agt_anthesis,25014,14010.0,SpB_H094,8784.848485,9498.300193502662
two_stream,agt_anthesis,25017,17010.0,St3B_H097,7854.545455,9474.666844740126
two_stream,agt_anthesis,25018,18010.0,SpB_H049,8503.030303,9601.013500644098
two_stream,agt_anthesis,25020,20010.0,SpB_H116,6754.545455,8405.404315935924
two_stream,agt_anthesis,25021,21010.0,SpB_H008,7954.545455,9395.18360921709
two_stream,agt_anthesis,26006,6009.0,St3B_H041,9148.484848,9827.846763864009
two_stream,agt_anthesis,26009,9009.0,SpB_H094,5257.575758,9367.211741537918
two_stream,agt_anthesis,26011,11009.0,SpB_H050,10166.66667,9730.888477778419
two_stream,agt_anthesis,26013,13009.0,St3B_H026,8893.939394,9463.40001942808
two_stream,agt_anthesis,26016,16009.0,SpB_H074,12630.30303,10227.565358929405
two_stream,agt_anthesis,27005,5008.0,LEVERAGE,7684.848485,9722.2211690917
two_stream,agt_anthesis,27006,6008.0,SpB_H169,8993.939394,9371.16588474558
two_stream,agt_anthesis,27009,9008.0,St3B_H119,8003.030303,8595.779749279694
two_stream,agt_anthesis,27015,15008.0,St3B_H059,9148.484848,9040.463202959334
two_stream,agt_anthesis,27023,23008.0,St3B_H049,10145.45455,7392.404174766871
two_stream,agt_anthesis,28003,3007.0,St3B_H040,9203.030303,9109.148182303186
two_stream,agt_anthesis,28005,5007.0,St3B_H036,9284.848485,9577.497648834134
two_stream,agt_anthesis,28008,8007.0,St3B_H100,9266.666667,7799.3592128021955
two_stream,agt_anthesis,28010,10007.0,SpB_H126,9639.393939,9213.520967242108
two_stream,agt_anthesis,28015,15007.0,SpB_H173,8348.484848,9151.64258912336
two_stream,agt_anthesis,28016,16007.0,SpB_H148,9257.575758,9883.547278278123
two_stream,agt_anthesis,28018,18007.0,SUNTOP,9121.212121,9484.98008484742
two_stream,agt_anthesis,29005,5006.0,SpB_H048,8939.393939,9718.618127688382
two_stream,agt_anthesis,29007,7006.0,St3B_H028,9193.939394,9390.029629335957
two_stream,agt_anthesis,29010,10006.0,St3B_H036,9830.30303,8915.645383372923
two_stream,agt_anthesis,29014,14006.0,SpB_H001,6348.484848,7875.835441237639
two_stream,agt_anthesis,29016,16006.0,St3B_H164,9603.030303,9199.996953534925
two_stream,agt_anthesis,29017,17006.0,SpB_H022,8781.818182,9109.849954936133
two_stream,agt_anthesis,29019,19006.0,St3B_H077,11054.54545,9903.567038630174
two_stream,agt_anthesis,29022,22006.0,SpB_H028,8227.272727,8123.356105857241
two_stream,agt_anthesis,30003,3005.0,St3B_H119,9339.393939,7854.609477074654
two_stream,agt_anthesis,30004,4005.0,SpB_H126,10021.21212,9485.150823018377
two_stream,agt_anthesis,30015,15005.0,B3B,11193.93939,9113.703559688296
two_stream,agt_anthesis,30017,17005.0,SpB_H065,8290.909091,9302.447096056805
two_stream,agt_anthesis,30021,21005.0,SpB_H166,8981.818182,9008.324696566779
two_stream,agt_anthesis,30023,23005.0,St3B_H077,11563.63636,10323.076665482133
two_stream,agt_anthesis,31003,3004.0,SpB_H032,12339.39394,9457.053163638087
two_stream,agt_anthesis,31004,4004.0,B3B,8321.212121,9089.067814570199
two_stream,agt_anthesis,31007,7004.0,BETHLEHEM,10084.84848,9373.828517805021
two_stream,agt_anthesis,31009,9004.0,SpB_H087,9684.848485,9401.677825678775
two_stream,agt_anthesis,31010,10004.0,SpB_H110,8412.121212,9838.65679207623
two_stream,agt_anthesis,31011,11004.0,SpB_H047,10066.66667,8507.324456537284
two_stream,agt_anthesis,31019,19004.0,SUNDANCER,6527.272727,9535.627321079995
two_stream,agt_anthesis,31021,21004.0,BETHLEHEM,10390.90909,9471.491194363338
two_stream,agt_anthesis,31022,22004.0,SHOTGUN,7518.181818,9102.09797935582
two_stream,agt_anthesis,32006,6003.0,SHOTGUN,10403.0303,9381.602810056376
two_stream,agt_anthesis,32007,7003.0,St3B_H136,5384.848485,9331.127215273167
two_stream,agt_anthesis,32008,8003.0,St3B_H097,7303.030303,8712.253350408348
two_stream,agt_anthesis,32018,18003.0,St3B_H059,9366.666667,9560.805332188307
two_stream,agt_anthesis,32020,20003.0,SpB_H053,7709.090909,9993.519890049793
two_stream,agt_anthesis,32021,21003.0,SpB_H032,9845.454545,8159.943816070168
two_stream,agt_anthesis,32023,23003.0,SpB_H148,7800.0,10070.273816861338
two_stream,agt_anthesis,33005,5002.0,BETHLEHEM,10503.0303,9909.256124479685
two_stream,agt_anthesis,33009,9002.0,St3B_H049,11266.66667,8797.84984883055
two_stream,agt_anthesis,33014,14002.0,SpB_H028,8548.484848,7652.0838047592315
two_stream,agt_anthesis,33017,17002.0,SUNMASTER,7100.0,9710.155346085505
two_stream,agt_anthesis,33019,19002.0,IRONBARK,6372.727273,9370.604138465675
two_stream,agt_anthesis,33021,21002.0,St3B_H341,11045.45455,9478.408519328952
two_stream,agt_anthesis,33022,22002.0,St3B_H342,6436.363636,8343.472115688362
two_stream,agt_anthesis,34002,2001.0,SpB_H085,10066.66667,10106.5361962102
two_stream,agt_anthesis,34003,3001.0,St3B_H342,8012.121212,8156.738333198847
two_stream,agt_anthesis,34004,4001.0,BETHLEHEM,10439.39394,9420.834827475566
two_stream,agt_anthesis,34009,9001.0,LRPBSPITFIRE,9748.484848,10222.315075615714
two_stream,agt_anthesis,34014,14001.0,SUNMASTER,11157.57576,9701.562752213573
two_stream,agt_anthesis,34018,18001.0,SpB_H110,9884.848485,9253.444074352637
two_stream,agt_anthesis,34020,20001.0,SpB_H102,9409.090909,8966.220296096051
two_stream,agt_anthesis,34021,21001.0,SpB_H106,11927.27273,9659.424389295506
two_stream,agt_anthesis,34023,23001.0,St3B_H100,7800.0,7656.372540766892
two_stream,agt_anthesis,34024,24001.0,B3B,11900.0,8502.551327215244
two_stream,agt_maturity,1009,9034.0,St3B_H026,13218.181818181818,12799.879924143763
two_stream,agt_maturity,1013,13034.0,St3B_H120,14518.18181818182,13065.099645964252
two_stream,agt_maturity,1014,14034.0,SpB_H106,13454.545454545452,12942.0969154397
two_stream,agt_maturity,1015,15034.0,St3B_H049,11363.63636363636,12768.863734803168
two_stream,agt_maturity,1021,21034.0,SpB_H126,11745.454545454548,12911.098079440266
two_stream,agt_maturity,1023,23034.0,SHOTGUN,16263.636363636364,12946.480920152264
two_stream,agt_maturity,2004,4033.0,SpB_H119,14799.999999999998,13180.069330584804
two_stream,agt_maturity,2005,5033.0,B3B,12100.0,12794.207239540203
two_stream,agt_maturity,2008,8033.0,BETHLEHEM,13327.272727272728,12908.092614243013
two_stream,agt_maturity,2011,11033.0,St3B_H017,16536.363636363636,14144.20759317632
two_stream,agt_maturity,2013,13033.0,St3B_H119,13036.363636363638,12280.060076209065
two_stream,agt_maturity,2015,15033.0,St3B_H040,11490.909090909092,13062.025362949267
two_stream,agt_maturity,3004,4032.0,SpB_H156,13299.999999999998,12666.914484091398
two_stream,agt_maturity,3011,11032.0,SpB_H110,14336.363636363638,13654.455238840928
two_stream,agt_maturity,3019,19032.0,SpB_H085,13827.272727272728,13325.525703318153
two_stream,agt_maturity,3020,20032.0,St3B_H329,12654.545454545456,12595.357563735139
two_stream,agt_maturity,3021,21032.0,SpB_H087,12672.727272727272,12717.488131637292
two_stream,agt_maturity,3024,24032.0,SHOTGUN,18227.272727272724,12862.425802188402
two_stream,agt_maturity,4002,2031.0,SpB_H008,16390.90909090909,13490.153215238814
two_stream,agt_maturity,4004,4031.0,SpB_H087,11163.636363636362,12742.018293141118
two_stream,agt_maturity,4007,7031.0,SpB_H053,11390.90909090909,13505.014372154563
two_stream,agt_maturity,4011,11031.0,St3B_H077,15981.81818181818,13675.438282481548
two_stream,agt_maturity,4013,13031.0,St3B_H136,15609.09090909091,12451.87836527982
two_stream,agt_maturity,4015,15031.0,SUNTOP,12081.818181818182,12752.972900015091
two_stream,agt_maturity,4019,19031.0,St3B_H017,14045.454545454542,13020.934822771656
two_stream,agt_maturity,4022,22031.0,SpB_H156,13554.545454545456,12576.199510538072
two_stream,agt_maturity,5001,1030.0,SpB_H173,15863.63636363636,13002.37666880103
two_stream,agt_maturity,5003,3030.0,St3B_H097,13854.545454545456,11610.317361070325
two_stream,agt_maturity,5004,4030.0,SpB_H102,10990.909090909092,12577.24245875959
two_stream,agt_maturity,5009,9030.0,SpB_H106,15809.09090909091,13274.897140482004
two_stream,agt_maturity,5013,13030.0,St3B_H342,11499.999999999998,11988.662390334768
two_stream,agt_maturity,5016,16030.0,SpB_H110,10309.09090909091,13964.032443993818
two_stream,agt_maturity,6002,2029.0,SpB_H022,11700.000000000002,13223.063394899205
two_stream,agt_maturity,6003,3029.0,St3B_H026,10718.181818181818,12849.64939271241
two_stream,agt_maturity,6006,6029.0,St3B_H164,14900.0,12769.855598015298
two_stream,agt_maturity,6008,8029.0,SpB_H119,16445.454545454544,13036.158955386061
two_stream,agt_maturity,6011,11029.0,SUNDANCER,13018.18181818182,13292.33368637021
two_stream,agt_maturity,6016,16029.0,St3B_H136,12127.272727272728,12253.426670715944
two_stream,agt_maturity,6022,22029.0,St3B_H097,10063.636363636364,11307.360557233282
two_stream,agt_maturity,6023,23029.0,LEVERAGE,17636.363636363632,13151.385441497308
two_stream,agt_maturity,7004,4028.0,SpB_H148,12018.18181818182,13578.905660813978
two_stream,agt_maturity,7005,5028.0,SpB_H065,13172.727272727272,12779.549032271485
two_stream,agt_maturity,7007,7028.0,SpB_H152,12145.454545454544,12219.694523253393
two_stream,agt_maturity,7013,13028.0,SpB_H048,12645.454545454544,13477.614489826861
two_stream,agt_maturity,7017,17028.0,SpB_H169,12972.727272727276,12666.739499964431
two_stream,agt_maturity,7020,20028.0,SUNMASTER,14299.999999999998,12393.670916791765
two_stream,agt_maturity,7022,22028.0,BETHLEHEM,14372.727272727272,12862.680115893929
two_stream,agt_maturity,7023,23028.0,SpB_H010,11990.909090909092,12836.49582540719
two_stream,agt_maturity,8008,8027.0,SpB_H169,14109.09090909091,12616.183620124863
two_stream,agt_maturity,8014,14027.0,SpB_H152,13054.545454545456,12436.236376815978
two_stream,agt_maturity,8015,15027.0,SpB_H094,13627.272727272728,12834.484581864655
two_stream,agt_maturity,8018,18027.0,SpB_H085,14436.363636363636,13664.263688366513
two_stream,agt_maturity,8020,20027.0,SpB_H164,14900.0,13120.5047281766
two_stream,agt_maturity,8021,21027.0,SHOTGUN,12345.454545454542,12741.924921835634
two_stream,agt_maturity,9004,4026.0,SpB_H116,12745.454545454548,12670.335926589065
two_stream,agt_maturity,9006,6026.0,LRPBSPITFIRE,12790.909090909092,12862.786590524025
two_stream,agt_maturity,9012,12026.0,SpB_H053,9436.363636363636,13818.629095047194
two_stream,agt_maturity,9015,15026.0,St3B_H028,12763.636363636364,13006.919472007605
two_stream,agt_maturity,9017,17026.0,St3B_H036,13990.909090909092,13131.828387545587
two_stream,agt_maturity,10001,1025.0,SpB_H102,15072.72727272727,12596.695598579538
two_stream,agt_maturity,10002,2025.0,SUNDANCER,13927.27272727273,13820.223858626807
two_stream,agt_maturity,10004,4025.0,St3B_H028,15109.09090909091,12990.742601720249
two_stream,agt_maturity,10006,6025.0,St3B_H029,9409.090909090906,12670.848311359714
two_stream,agt_maturity,10008,8025.0,SpB_H074,11627.272727272728,13010.432399669768
two_stream,agt_maturity,10009,9025.0,St3B_H041,13672.727272727272,12633.086835839502
two_stream,agt_maturity,10012,12025.0,IRONBARK,15327.272727272728,12757.105875091707
two_stream,agt_maturity,10016,16025.0,SpB_H010,13036.363636363638,12852.885428831152
two_stream,agt_maturity,10018,18025.0,B3B,13218.181818181818,12349.68210170455
two_stream,agt_maturity,10019,19025.0,LRPBSPITFIRE,15981.81818181818,13436.372529665798
two_stream,agt_maturity,10021,21025.0,St3B_H100,10527.272727272724,11667.757443760704
two_stream,agt_maturity,11002,2024.0,B3B,14472.727272727276,11530.859228449424
two_stream,agt_maturity,11006,6024.0,SUNMASTER,14236.363636363636,12755.512276117452
two_stream,agt_maturity,11007,7024.0,St3B_H029,12636.363636363632,12362.729894184837
two_stream,agt_maturity,11009,9024.0,SpB_H166,13027.272727272724,12186.024312764075
two_stream,agt_maturity,11011,11024.0,SUNTOP,16772.727272727272,13164.198371322702
two_stream,agt_maturity,11014,14024.0,SpB_H032,11327.272727272728,12752.81385968135
two_stream,agt_maturity,11018,18024.0,SpB_H120,14445.454545454544,12815.411477395117
two_stream,agt_maturity,11020,20024.0,SpB_H050,12654.545454545456,13335.480061869714
two_stream,agt_maturity,12003,3023.0,SpB_H028,15118.181818181818,12793.249942021923
two_stream,agt_maturity,12007,7023.0,SpB_H120,11200.000000000002,12725.271172532632
two_stream,agt_maturity,12008,8023.0,IRONBARK,10763.636363636364,12178.40301372061
two_stream,agt_maturity,12011,11023.0,SpB_H001,12218.181818181818,12720.910805575892
two_stream,agt_maturity,12012,12023.0,SUNMASTER,11936.363636363636,12714.401783575733
two_stream,agt_maturity,12016,16023.0,B3B,11590.909090909088,12034.095569558947
two_stream,agt_maturity,12018,18023.0,BETHLEHEM,12799.999999999998,12913.1076606787
two_stream,agt_maturity,13001,1022.0,SpB_H028,17909.090909090904,12514.236583619664
two_stream,agt_maturity,13002,2022.0,St3B_H077,13063.636363636364,13538.694111404271
two_stream,agt_maturity,13007,7022.0,SpB_H116,13309.09090909091,12585.33058892636
two_stream,agt_maturity,13009,9022.0,SpB_H001,13472.727272727276,12614.980806105146
two_stream,agt_maturity,13011,11022.0,SpB_H074,12990.909090909092,13380.874827336402
two_stream,agt_maturity,13018,18022.0,SpB_H126,13545.454545454542,12838.731258551266
two_stream,agt_maturity,13020,20022.0,SpB_H049,10290.909090909092,12965.61168103824
two_stream,agt_maturity,13024,24022.0,BETHLEHEM,9963.636363636362,12455.595824243208
two_stream,agt_maturity,14001,1021.0,LRPBSPITFIRE,14981.81818181818,13306.492620656692
two_stream,agt_maturity,14004,4021.0,SpB_H049,13281.81818181818,13116.39926091883
two_stream,agt_maturity,14006,6021.0,SpB_H008,9299.999999999998,13221.44531942153
two_stream,agt_maturity,14007,7021.0,LEVERAGE,13436.363636363636,12726.041535598037
two_stream,agt_maturity,14012,12021.0,St3B_H329,13272.72727272727,12557.635318139584
two_stream,agt_maturity,14015,15021.0,SpB_H065,11809.09090909091,12620.492162262257
two_stream,agt_maturity,14016,16021.0,St3B_H119,10463.636363636362,12179.745512098554
two_stream,agt_maturity,14017,17021.0,St3B_H041,12518.18181818182,12985.856176981193
two_stream,agt_maturity,14022,22021.0,St3B_H036,10909.090909090904,12851.374909833028
two_stream,agt_maturity,15002,2020.0,SpB_H047,13663.636363636362,12609.596426750235
two_stream,agt_maturity,15004,4020.0,SpB_H173,15227.272727272724,13233.547462716833
two_stream,agt_maturity,15006,6020.0,SpB_H094,13254.545454545452,12802.657097682724
two_stream,agt_maturity,15007,7020.0,St3B_H059,16190.90909090909,12937.409967270742
two_stream,agt_maturity,15009,9020.0,St3B_H341,13499.999999999998,12368.792674745844
two_stream,agt_maturity,15010,10020.0,St3B_H164,12772.72727272727,12125.342376706267
two_stream,agt_maturity,15014,14020.0,St3B_H040,12418.181818181818,13074.308030578793
two_stream,agt_maturity,15021,21020.0,SpB_H048,12445.454545454544,13184.468463162837
two_stream,agt_maturity,15024,24020.0,LRPBSPITFIRE,16981.81818181818,13453.989405532877
two_stream,agt_maturity,16001,1019.0,SpB_H032,13327.272727272728,12654.575093657042
two_stream,agt_maturity,16004,4019.0,St3B_H049,15054.545454545456,12655.208770512401
two_stream,agt_maturity,16005,5019.0,SpB_H166,14572.72727272727,12518.07984789744
two_stream,agt_maturity,16009,9019.0,SpB_H148,12454.545454545452,13204.08492009238
two_stream,agt_maturity,16011,11019.0,St3B_H341,14745.454545454548,13033.31998783597
two_stream,agt_maturity,16013,13019.0,SpB_H164,11490.909090909092,13427.726533131916
two_stream,agt_maturity,17001,1018.0,SUNMASTER,11972.727272727276,12579.260333773851
two_stream,agt_maturity,17002,2018.0,St3B_H342,12018.18181818182,11588.542845695407
two_stream,agt_maturity,17003,3018.0,St3B_H100,13272.72727272727,12501.81774078539
two_stream,agt_maturity,17005,5018.0,SpB_H022,12218.181818181818,12987.504285039702
two_stream,agt_maturity,17006,6018.0,St3B_H059,12145.454545454544,12923.621487219223
two_stream,agt_maturity,17009,9018.0,SHOTGUN,13999.999999999998,12481.482634163058
two_stream,agt_maturity,17010,10018.0,St3B_H120,12309.09090909091,11869.321223583658
two_stream,agt_maturity,17014,14018.0,SpB_H050,13981.81818181818,13739.345109205324
two_stream,agt_maturity,17017,17018.0,SpB_H047,12390.90909090909,12684.79880714901
two_stream,agt_maturity,18001,1017.0,SpB_H050,11054.545454545456,12843.66306101875
two_stream,agt_maturity,18002,2017.0,SpB_H164,13700.000000000002,13336.38997886708
two_stream,agt_maturity,18009,9017.0,SpB_H049,9818.181818181816,12912.623503301926
two_stream,agt_maturity,18011,11017.0,SHOTGUN,12372.727272727272,12889.257835591095
two_stream,agt_maturity,18016,16017.0,LRPBSPITFIRE,13327.272727272728,13246.628106183862
two_stream,agt_maturity,18021,21017.0,SpB_H119,11672.727272727272,13538.106950450509
two_stream,agt_maturity,18023,23017.0,SpB_H173,13600.0,13332.899044117625
two_stream,agt_maturity,18024,24017.0,St3B_H017,11499.999999999998,13319.151569569809
two_stream,agt_maturity,19003,3016.0,St3B_H120,13809.09090909091,13190.70224588893
two_stream,agt_maturity,19004,4016.0,LRPBSPITFIRE,15345.454545454542,13396.832853011425
two_stream,agt_maturity,19005,5016.0,SpB_H164,13954.545454545452,13395.728667443414
two_stream,agt_maturity,19008,8016.0,St3B_H329,15009.090909090908,12735.259287504745
two_stream,agt_maturity,19010,10016.0,SHOTGUN,10590.909090909088,12134.538665195723
two_stream,agt_maturity,19013,13016.0,SpB_H053,13718.181818181818,13649.659233764905
two_stream,agt_maturity,19017,17016.0,St3B_H341,12454.545454545452,13170.748924065178
two_stream,agt_maturity,19019,19016.0,SUNMASTER,12299.999999999998,12614.170263845068
two_stream,agt_maturity,19020,20016.0,SpB_H022,10427.27272727273,12707.576723502163
two_stream,agt_maturity,19021,21016.0,SpB_H152,15454.545454545452,12066.202550518039
two_stream,agt_maturity,19022,22016.0,SpB_H169,11527.272727272724,12530.327971971374
two_stream,agt_maturity,20010,10015.0,SpB_H010,9900.0,12059.656708714077
two_stream,agt_maturity,20012,12015.0,SpB_H152,12799.999999999998,12631.264642474483
two_stream,agt_maturity,20016,16015.0,SpB_H001,11454.545454545452,12824.739906546603
two_stream,agt_maturity,20018,18015.0,LRPBSPITFIRE,13809.09090909091,13236.551468037858
two_stream,agt_maturity,20021,21015.0,St3B_H120,11936.363636363636,12624.444122451278
two_stream,agt_maturity,20024,24015.0,St3B_H329,12327.272727272728,12280.501684493884
two_stream,agt_maturity,21001,1014.0,SUNTOP,14445.454545454544,13054.975079029042
two_stream,agt_maturity,21009,9014.0,SpB_H156,11618.181818181818,12741.581701713196
two_stream,agt_maturity,21010,10014.0,SUNMASTER,13663.636363636362,12134.436242816537
two_stream,agt_maturity,21013,13014.0,St3B_H164,14609.09090909091,13129.359121077254
two_stream,agt_maturity,21016,16014.0,St3B_H026,10809.09090909091,12812.113940528032
two_stream,agt_maturity,21017,17014.0,St3B_H029,14827.272727272728,13034.65502153904
two_stream,agt_maturity,21018,18014.0,SpB_H074,11900.0,13736.761234442305
two_stream,agt_maturity,21019,19014.0,SpB_H120,11154.545454545456,12650.69421478676
two_stream,agt_maturity,21021,21014.0,SpB_H047,12036.363636363638,12285.604161540112
two_stream,agt_maturity,21023,23014.0,SpB_H087,7499.999999999998,12713.56501296834
two_stream,agt_maturity,22004,4013.0,SpB_H120,14854.545454545456,12933.570997266044
two_stream,agt_maturity,22006,6013.0,SpB_H010,9190.90909090909,12892.491250061386
two_stream,agt_maturity,22009,9013.0,St3B_H017,9499.999999999998,14226.479994250305
two_stream,agt_maturity,22014,14013.0,SpB_H116,12727.272727272724,12792.514395913899
two_stream,agt_maturity,22016,16013.0,St3B_H029,14281.81818181818,13063.477854671792
two_stream,agt_maturity,22017,17013.0,SUNDANCER,12063.636363636364,13316.616359093783
two_stream,agt_maturity,22018,18013.0,SpB_H156,10954.545454545452,12701.515760344544
two_stream,agt_maturity,23001,1012.0,St3B_H040,15472.727272727272,13165.846959703586
two_stream,agt_maturity,23004,4012.0,SpB_H106,16509.090909090908,13257.728140976162
two_stream,agt_maturity,23013,13012.0,IRONBARK,12836.363636363638,12799.8568226436
two_stream,agt_maturity,23014,14012.0,SpB_H166,14772.72727272727,12340.855464366907
two_stream,agt_maturity,23018,18012.0,SpB_H102,13900.0,12267.672689587245
two_stream,agt_maturity,24005,5011.0,St3B_H136,15590.909090909088,12927.863448179522
two_stream,agt_maturity,24006,6011.0,SpB_H085,11654.545454545456,13473.246991440647
two_stream,agt_maturity,24007,7011.0,B3B,8772.72727272727,12471.44527752738
two_stream,agt_maturity,24013,13011.0,St3B_H028,13890.90909090909,12993.605796518194
two_stream,agt_maturity,24017,17011.0,SpB_H008,13709.090909090908,13099.525556303895
two_stream,agt_maturity,24020,20011.0,St3B_H041,15472.727272727276,12701.07176659358
two_stream,agt_maturity,24021,21011.0,LEVERAGE,13872.727272727272,13310.477684406138
two_stream,agt_maturity,24024,24011.0,SpB_H119,16581.818181818184,13188.983250123616
two_stream,agt_maturity,25007,7010.0,SpB_H048,11418.181818181818,13111.106169502396
two_stream,agt_maturity,25010,10010.0,SpB_H065,10309.09090909091,12668.453520321043
two_stream,agt_maturity,25014,14010.0,SpB_H094,11372.727272727272,12605.179734820633
two_stream,agt_maturity,25017,17010.0,St3B_H097,11472.727272727276,11958.67113667357
two_stream,agt_maturity,25018,18010.0,SpB_H049,12945.454545454544,12824.153080699958
two_stream,agt_maturity,25020,20010.0,SpB_H116,12454.545454545452,12598.442881291248
two_stream,agt_maturity,25021,21010.0,SpB_H008,12036.363636363638,13572.884410188675
two_stream,agt_maturity,26006,6009.0,St3B_H041,10563.636363636364,12812.205739815186
two_stream,agt_maturity,26009,9009.0,SpB_H094,11872.727272727272,12946.509381159494
two_stream,agt_maturity,26011,11009.0,SpB_H050,10672.727272727272,13079.416230649455
two_stream,agt_maturity,26013,13009.0,St3B_H026,14045.454545454542,12856.973318399172
two_stream,agt_maturity,26016,16009.0,SpB_H074,13072.72727272727,13223.952003160453
two_stream,agt_maturity,27005,5008.0,LEVERAGE,14763.636363636364,13308.519858728581
two_stream,agt_maturity,27006,6008.0,SpB_H169,11845.454545454542,12700.716720647379
two_stream,agt_maturity,27009,9008.0,St3B_H119,11936.363636363636,12152.700676360042
two_stream,agt_maturity,27015,15008.0,St3B_H059,14672.727272727272,12878.322648993288
two_stream,agt_maturity,27023,23008.0,St3B_H049,14736.363636363636,12487.369463210774
two_stream,agt_maturity,28003,3007.0,St3B_H040,16145.454545454544,13362.621812466767
two_stream,agt_maturity,28005,5007.0,St3B_H036,13427.27272727273,13265.556839437182
two_stream,agt_maturity,28008,8007.0,St3B_H100,12145.454545454544,11870.316020448769
two_stream,agt_maturity,28010,10007.0,SpB_H126,11936.363636363636,12604.798120136988
two_stream,agt_maturity,28015,15007.0,SpB_H173,10254.545454545452,12799.94540757004
two_stream,agt_maturity,28016,16007.0,SpB_H148,12609.09090909091,13254.200241170207
two_stream,agt_maturity,28018,18007.0,SUNTOP,11981.81818181818,13214.23977075763
two_stream,agt_maturity,29005,5006.0,SpB_H048,12072.72727272727,13299.484361569934
two_stream,agt_maturity,29007,7006.0,St3B_H028,12509.090909090908,13131.683689763855
two_stream,agt_maturity,29010,10006.0,St3B_H036,13763.636363636364,12722.23887154224
two_stream,agt_maturity,29014,14006.0,SpB_H001,7681.818181818179,12219.770470181978
two_stream,agt_maturity,29016,16006.0,St3B_H164,10763.636363636364,12628.594395590553
two_stream,agt_maturity,29017,17006.0,SpB_H022,14072.72727272727,12547.658806184518
two_stream,agt_maturity,29019,19006.0,St3B_H077,11672.727272727272,13697.30298791442
two_stream,agt_maturity,29022,22006.0,SpB_H028,10518.18181818182,11666.959474585094
two_stream,agt_maturity,30003,3005.0,St3B_H119,11718.181818181818,11976.32175289787
two_stream,agt_maturity,30004,4005.0,SpB_H126,11799.999999999998,12824.342769391835
two_stream,agt_maturity,30015,15005.0,B3B,10418.181818181818,12633.310728339084
two_stream,agt_maturity,30017,17005.0,SpB_H065,11890.90909090909,12809.302210557853
two_stream,agt_maturity,30021,21005.0,SpB_H166,13127.272727272728,12068.972359488405
two_stream,agt_maturity,30023,23005.0,St3B_H077,14036.363636363638,13692.478926362941
two_stream,agt_maturity,31003,3004.0,SpB_H032,11700.000000000002,12930.772970956174
two_stream,agt_maturity,31004,4004.0,B3B,15190.90909090909,12325.113935436219
two_stream,agt_maturity,31007,7004.0,BETHLEHEM,12718.181818181818,13016.186470253093
two_stream,agt_maturity,31009,9004.0,SpB_H087,12709.090909090908,12761.499083302146
two_stream,agt_maturity,31010,10004.0,SpB_H110,11836.363636363638,13501.69109811025
two_stream,agt_maturity,31011,11004.0,SpB_H047,12972.727272727276,12257.748723174493
two_stream,agt_maturity,31019,19004.0,SUNDANCER,12809.09090909091,13062.51990814305
two_stream,agt_maturity,31021,21004.0,BETHLEHEM,14754.545454545452,12961.617297383917
two_stream,agt_maturity,31022,22004.0,SHOTGUN,18200.000000000004,12732.64653623518
two_stream,agt_maturity,32006,6003.0,SHOTGUN,16999.999999999996,12660.55747709973
two_stream,agt_maturity,32007,7003.0,St3B_H136,15354.545454545456,12693.584296176818
two_stream,agt_maturity,32008,8003.0,St3B_H097,10100.0,11598.06273064139
two_stream,agt_maturity,32018,18003.0,St3B_H059,14672.727272727272,12707.443425698122
two_stream,agt_maturity,32020,20003.0,SpB_H053,14418.181818181818,13288.461889169157
two_stream,agt_maturity,32021,21003.0,SpB_H032,10127.272727272728,12671.902719974496
two_stream,agt_maturity,32023,23003.0,SpB_H148,8627.272727272728,13337.989179928381
two_stream,agt_maturity,33005,5002.0,BETHLEHEM,12400.0,12869.571364944768
two_stream,agt_maturity,33009,9002.0,St3B_H049,11236.363636363636,12618.145415115314
two_stream,agt_maturity,33014,14002.0,SpB_H028,11272.72727272727,12348.23105617031
two_stream,agt_maturity,33017,17002.0,SUNMASTER,14872.727272727272,12654.331076425166
two_stream,agt_maturity,33019,19002.0,IRONBARK,11409.090909090904,12744.35521935127
two_stream,agt_maturity,33021,21002.0,St3B_H341,10809.09090909091,12703.046072019279
two_stream,agt_maturity,33022,22002.0,St3B_H342,11781.81818181818,11589.807895530921
two_stream,agt_maturity,34002,2001.0,SpB_H085,15036.363636363638,13327.536670321566
two_stream,agt_maturity,34003,3001.0,St3B_H342,14018.18181818182,11610.317361070325
two_stream,agt_maturity,34004,4001.0,BETHLEHEM,11518.18181818182,12789.892675213176
two_stream,agt_maturity,34009,9001.0,LRPBSPITFIRE,13954.545454545452,12902.761544939298
two_stream,agt_maturity,34014,14001.0,SUNMASTER,11536.363636363638,12467.252584552767
two_stream,agt_maturity,34018,18001.0,SpB_H110,10463.636363636362,13236.995140141178
two_stream,agt_maturity,34020,20001.0,SpB_H102,10872.727272727272,12347.429945638862
two_stream,agt_maturity,34021,21001.0,SpB_H106,14672.727272727272,13481.716296916911
two_stream,agt_maturity,34023,23001.0,St3B_H100,11454.545454545452,12053.404416840898
two_stream,agt_maturity,34024,24001.0,B3B,11881.818181818182,12190.78495948092
lidar_only,muresk_anthesis,1,1001.0,Scepter,6613.636363636364,8329.188299147261
lidar_only,muresk_anthesis,2,1002.0,Ironbark,6140.90909090909,6986.0521079974615
lidar_only,muresk_anthesis,3,1003.0,Calibre,6859.090909090909,8807.953457601885
lidar_only,muresk_anthesis,4,1004.0,Nyala,8554.545454545454,8135.763895230829
lidar_only,muresk_anthesis,5,1005.0,Magenta,9804.545454545454,10058.031527101808
lidar_only,muresk_anthesis,6,1006.0,Shotgun,6654.545454545455,8424.994132606696
lidar_only,muresk_anthesis,7,1007.0,Bullaring,6950.0,6986.747605858656
lidar_only,muresk_anthesis,8,1008.0,Sunmaster,9413.636363636364,8917.512516856119
lidar_only,muresk_anthesis,9,1009.0,Scepter,9822.727272727272,8461.008872013614
lidar_only,muresk_anthesis,10,1010.0,Magenta,10427.272727272728,9383.71918367645
lidar_only,muresk_anthesis,11,1011.0,Shotgun,10404.545454545456,10048.966125340112
lidar_only,muresk_anthesis,12,1012.0,Sunmaster,8504.545454545454,9061.093263199207
lidar_only,muresk_anthesis,13,1013.0,Ironbark,8986.363636363636,7803.3611303380485
lidar_only,muresk_anthesis,14,1014.0,Bullaring,7545.454545454545,8376.412944453727
lidar_only,muresk_anthesis,15,1015.0,Nyala,7590.909090909091,8929.956578646226
lidar_only,muresk_anthesis,16,1016.0,Calibre,10836.363636363638,10636.556519262012
lidar_only,muresk_anthesis,17,1017.0,Scepter,10909.09090909091,8430.849875118842
lidar_only,muresk_anthesis,18,1018.0,Nyala,8118.181818181818,8778.996792903044
lidar_only,muresk_anthesis,19,1019.0,Shotgun,8881.818181818182,8398.086764546204
lidar_only,muresk_anthesis,20,1020.0,Magenta,9454.545454545456,10273.083140413404
lidar_only,muresk_anthesis,21,1021.0,Bullaring,8822.727272727272,8137.123512932774
lidar_only,muresk_anthesis,22,1022.0,Ironbark,9904.545454545456,8172.969552776914
lidar_only,muresk_anthesis,23,1023.0,Sunmaster,10109.090909090908,8950.531957301357
lidar_only,muresk_anthesis,24,1024.0,Calibre,9231.818181818182,9265.758576209448
lidar_only,muresk_anthesis,25,1025.0,Nyala,10204.545454545456,9079.638836108557
lidar_only,muresk_anthesis,26,1026.0,Sunmaster,6595.454545454545,9494.35077026536
lidar_only,muresk_anthesis,27,1027.0,Ironbark,10686.363636363636,8806.001953257546
lidar_only,muresk_anthesis,28,1028.0,Calibre,10227.272727272728,9642.78543262512
lidar_only,muresk_anthesis,29,1029.0,Shotgun,8836.363636363636,9761.27063002232
lidar_only,muresk_anthesis,30,1030.0,Bullaring,9677.272727272728,7755.949476588794
lidar_only,muresk_anthesis,31,1031.0,Magenta,10650.0,9912.093032094544
lidar_only,muresk_anthesis,32,1032.0,Scepter,11245.454545454544,9977.992031512245
lidar_only,muresk_anthesis,33,2001.0,Magenta,9604.545454545456,9550.700537175442
lidar_only,muresk_anthesis,34,2002.0,Shotgun,6631.818181818182,6751.741578313426
lidar_only,muresk_anthesis,35,2003.0,Bullaring,8150.0,7673.587981085613
lidar_only,muresk_anthesis,36,2004.0,Sunmaster,6350.0,8073.77518360682
lidar_only,muresk_anthesis,37,2005.0,Nyala,8109.090909090909,9218.888373805923
lidar_only,muresk_anthesis,38,2006.0,Ironbark,7150.0,7159.636563268718
lidar_only,muresk_anthesis,39,2007.0,Calibre,7900.0,10083.161532376243
lidar_only,muresk_anthesis,40,2008.0,Scepter,6895.454545454545,8019.945779629249
lidar_only,muresk_anthesis,41,2009.0,Calibre,6945.454545454546,7443.150900826762
lidar_only,muresk_anthesis,42,2010.0,Bullaring,9504.545454545454,10213.814679713807
lidar_only,muresk_anthesis,43,2011.0,Nyala,7990.909090909091,7298.370967380045
lidar_only,muresk_anthesis,44,2012.0,Ironbark,6281.818181818181,6530.2654521901695
lidar_only,muresk_anthesis,45,2013.0,Sunmaster,5740.909090909091,8902.18156894589
lidar_only,muresk_anthesis,46,2014.0,Shotgun,7290.909090909091,7709.501275265531
lidar_only,muresk_anthesis,47,2015.0,Magenta,8636.363636363636,9919.168462360782
lidar_only,muresk_anthesis,48,2016.0,Scepter,9427.272727272728,8490.813243825265
lidar_only,muresk_anthesis,49,2017.0,Ironbark,10895.454545454544,7496.118476452848
lidar_only,muresk_anthesis,50,2018.0,Bullaring,8613.636363636364,6892.903204326224
lidar_only,muresk_anthesis,51,2019.0,Calibre,9559.09090909091,8827.345441692782
lidar_only,muresk_anthesis,52,2020.0,Sunmaster,8309.09090909091,8073.722374927273
lidar_only,muresk_anthesis,53,2021.0,Scepter,9859.090909090908,7467.197980642042
lidar_only,muresk_anthesis,54,2022.0,Nyala,6422.727272727274,7851.9083663899955
lidar_only,muresk_anthesis,55,2023.0,Magenta,10272.727272727272,10140.988401292427
lidar_only,muresk_anthesis,56,2024.0,Shotgun,8822.727272727272,7908.350746400657
lidar_only,muresk_anthesis,57,2025.0,Scepter,8404.545454545456,9699.169958131179
lidar_only,muresk_anthesis,58,2026.0,Bullaring,8263.636363636364,7506.218645159581
lidar_only,muresk_anthesis,59,2027.0,Magenta,9109.090909090908,10672.454888876457
lidar_only,muresk_anthesis,60,2028.0,Shotgun,10418.181818181818,9986.27383065447
lidar_only,muresk_anthesis,61,2029.0,Nyala,6877.272727272728,8557.239687638415
lidar_only,muresk_anthesis,62,2030.0,Sunmaster,9954.545454545456,9606.428961330008
lidar_only,muresk_anthesis,63,2031.0,Calibre,10545.454545454544,10338.11419436177
lidar_only,muresk_anthesis,64,2032.0,Ironbark,11895.454545454544,8202.727423303146
lidar_only,muresk_anthesis,65,3001.0,Nyala,10195.454545454544,8513.778907402919
lidar_only,muresk_anthesis,66,3002.0,Bullaring,6545.454545454545,8076.4318401254895
lidar_only,muresk_anthesis,67,3003.0,Shotgun,11363.636363636362,9305.980962298408
lidar_only,muresk_anthesis,68,3004.0,Scepter,7500.0,9301.142042553869
lidar_only,muresk_anthesis,69,3005.0,Sunmaster,13609.090909090908,10635.087897818561
lidar_only,muresk_anthesis,70,3006.0,Calibre,10118.181818181818,9457.307908380219
lidar_only,muresk_anthesis,71,3007.0,Ironbark,6881.818181818182,9079.60951179411
lidar_only,muresk_anthesis,72,3008.0,Magenta,6554.545454545454,9609.802102103611
lidar_only,muresk_anthesis,73,3009.0,Shotgun,7095.454545454545,9281.912402478016
lidar_only,muresk_anthesis,74,3010.0,Ironbark,10213.636363636362,10181.608338929695
lidar_only,muresk_anthesis,75,3011.0,Scepter,7877.272727272726,9353.016057954566
lidar_only,muresk_anthesis,76,3012.0,Magenta,7095.454545454545,10315.54138970387
lidar_only,muresk_anthesis,77,3013.0,Calibre,9286.363636363636,10628.465600815567
lidar_only,muresk_anthesis,78,3014.0,Nyala,7081.818181818182,8362.393304682275
lidar_only,muresk_anthesis,79,3015.0,Bullaring,8450.0,8029.122906704962
lidar_only,muresk_anthesis,80,3016.0,Sunmaster,10895.454545454544,9816.030677877572
lidar_only,muresk_anthesis,81,3017.0,Magenta,10163.636363636364,7926.030367620245
lidar_only,muresk_anthesis,82,3018.0,Calibre,7618.181818181818,8802.330176963851
lidar_only,muresk_anthesis,83,3019.0,Nyala,8595.454545454544,7456.587698172307
lidar_only,muresk_anthesis,84,3020.0,Bullaring,8459.090909090908,8893.07148931723
lidar_only,muresk_anthesis,85,3021.0,Sunmaster,12390.909090909092,9550.139044531477
lidar_only,muresk_anthesis,86,3022.0,Shotgun,8963.636363636362,10323.004526244422
lidar_only,muresk_anthesis,87,3023.0,Ironbark,9372.727272727272,7997.435820644011
lidar_only,muresk_anthesis,88,3024.0,Scepter,7700.0,9494.438961166547
lidar_only,muresk_anthesis,89,3025.0,Shotgun,8322.727272727274,10706.052178327154
lidar_only,muresk_anthesis,90,3026.0,Ironbark,9822.727272727272,9729.410003022327
lidar_only,muresk_anthesis,91,3027.0,Bullaring,9631.818181818182,10484.524715060881
lidar_only,muresk_anthesis,92,3028.0,Scepter,13031.81818181818,10502.988626191167
lidar_only,muresk_anthesis,93,3029.0,Calibre,10090.909090909092,10307.663072306465
lidar_only,muresk_anthesis,94,3030.0,Magenta,12122.727272727272,10850.829420942056
lidar_only,muresk_anthesis,95,3031.0,Sunmaster,9831.818181818182,10471.20502980398
lidar_only,muresk_anthesis,96,3032.0,Nyala,9777.272727272728,9014.475172638538
lidar_only,muresk_anthesis,97,4001.0,Sunmaster,8336.363636363636,8291.6322156479
lidar_only,muresk_anthesis,98,4002.0,Calibre,5454.545454545455,7169.481441674261
lidar_only,muresk_anthesis,99,4003.0,Ironbark,4681.818181818182,6966.254580757483
lidar_only,muresk_anthesis,100,4004.0,Magenta,9281.818181818182,7691.79191515834
lidar_only,muresk_anthesis,101,4005.0,Scepter,8036.363636363638,8380.114475842833
lidar_only,muresk_anthesis,102,4006.0,Bullaring,7422.727272727274,8359.248158486449
lidar_only,muresk_anthesis,103,4007.0,Nyala,5863.636363636364,6928.221992660008
lidar_only,muresk_anthesis,104,4008.0,Shotgun,7095.454545454545,8551.456647157764
lidar_only,muresk_anthesis,105,4009.0,Sunmaster,9909.090909090908,9862.503605746118
lidar_only,muresk_anthesis,106,4010.0,Nyala,10045.454545454544,10302.321210665537
lidar_only,muresk_anthesis,107,4011.0,Bullaring,7750.0,8600.529469661116
lidar_only,muresk_anthesis,108,4012.0,Calibre,10386.363636363638,10376.71538138898
lidar_only,muresk_anthesis,109,4013.0,Magenta,9913.636363636364,9993.470255792645
lidar_only,muresk_anthesis,110,4014.0,Scepter,13109.090909090908,7985.393734604284
lidar_only,muresk_anthesis,111,4015.0,Shotgun,10163.636363636364,10559.748003387786
lidar_only,muresk_anthesis,112,4016.0,Ironbark,10304.545454545456,9977.890615670029
lidar_only,muresk_anthesis,113,4017.0,Sunmaster,11159.09090909091,10674.060698602807
lidar_only,muresk_anthesis,114,4018.0,Shotgun,9663.636363636364,10353.81220892734
lidar_only,muresk_anthesis,115,4019.0,Ironbark,11618.181818181818,10012.498611736672
lidar_only,muresk_anthesis,116,4020.0,Scepter,11386.363636363638,10451.63163782838
lidar_only,muresk_anthesis,117,4021.0,Calibre,12072.727272727276,10428.20440048921
lidar_only,muresk_anthesis,118,4022.0,Magenta,9795.454545454544,10967.441402459412
lidar_only,muresk_anthesis,119,4023.0,Nyala,12677.272727272724,10498.541562071703
lidar_only,muresk_anthesis,120,4024.0,Bullaring,9086.363636363636,10439.469838767141
lidar_only,muresk_anthesis,121,4025.0,Calibre,10995.454545454544,11175.886725843491
lidar_only,muresk_anthesis,122,4026.0,Magenta,9331.818181818182,10699.486746937573
lidar_only,muresk_anthesis,123,4027.0,Sunmaster,10927.272727272728,10092.856096385958
lidar_only,muresk_anthesis,124,4028.0,Nyala,14354.545454545456,10833.692980427857
lidar_only,muresk_anthesis,125,4029.0,Scepter,10854.545454545456,10777.949657674624
lidar_only,muresk_anthesis,126,4030.0,Ironbark,15663.636363636364,10519.513425979352
lidar_only,muresk_anthesis,127,4031.0,Bullaring,10786.363636363638,9868.353903125728
lidar_only,muresk_anthesis,128,4032.0,Shotgun,10454.545454545456,10019.237665883185
lidar_only,muresk_maturity,1,1001.0,Scepter,10348.484848484844,9925.462560976557
lidar_only,muresk_maturity,2,1002.0,Ironbark,8412.12121212121,8087.5584322322
lidar_only,muresk_maturity,3,1003.0,Calibre,9824.242424242424,9722.617103616649
lidar_only,muresk_maturity,4,1004.0,Nyala,9421.21212121212,9890.667527932068
lidar_only,muresk_maturity,5,1005.0,Magenta,10206.060606060606,10279.610486535661
lidar_only,muresk_maturity,6,1006.0,Shotgun,8293.939393939394,9735.947273835052
lidar_only,muresk_maturity,7,1007.0,Bullaring,7833.333333333332,8050.393092209892
lidar_only,muresk_maturity,8,1008.0,Sunmaster,8990.90909090909,9125.5455988292
lidar_only,muresk_maturity,9,1009.0,Scepter,10266.666666666668,9525.423300294053
lidar_only,muresk_maturity,10,1010.0,Magenta,8766.666666666666,10515.034447822056
lidar_only,muresk_maturity,11,1011.0,Shotgun,8812.121212121212,9694.741144689939
lidar_only,muresk_maturity,12,1012.0,Sunmaster,9430.30303030303,9707.593854896779
lidar_only,muresk_maturity,13,1013.0,Ironbark,10787.878787878784,9917.499713752597
lidar_only,muresk_maturity,14,1014.0,Bullaring,9699.999999999998,9779.79463364967
lidar_only,muresk_maturity,15,1015.0,Nyala,9848.484848484846,9790.016102373116
lidar_only,muresk_maturity,16,1016.0,Calibre,12727.272727272724,9959.730867143855
lidar_only,muresk_maturity,17,1017.0,Scepter,10163.636363636364,9268.012942405934
lidar_only,muresk_maturity,18,1018.0,Nyala,9609.090909090908,8616.27217223578
lidar_only,muresk_maturity,19,1019.0,Shotgun,8151.515151515151,9139.793598453793
lidar_only,muresk_maturity,20,1020.0,Magenta,9763.636363636362,9896.406211837648
lidar_only,muresk_maturity,21,1021.0,Bullaring,7539.39393939394,9049.60465902154
lidar_only,muresk_maturity,22,1022.0,Ironbark,9369.696969696968,9255.839572358112
lidar_only,muresk_maturity,23,1023.0,Sunmaster,8745.454545454544,9496.026988493004
lidar_only,muresk_maturity,24,1024.0,Calibre,10218.181818181818,10376.322696392088
lidar_only,muresk_maturity,25,1025.0,Nyala,7830.303030303029,9454.616110270865
lidar_only,muresk_maturity,26,1026.0,Sunmaster,10954.545454545452,9867.757097518785
lidar_only,muresk_maturity,27,1027.0,Ironbark,9924.242424242422,10073.48948881654
lidar_only,muresk_maturity,28,1028.0,Calibre,8969.696969696968,10239.14325608178
lidar_only,muresk_maturity,29,1029.0,Shotgun,10860.60606060606,10005.548373450873
lidar_only,muresk_maturity,30,1030.0,Bullaring,8609.090909090908,8520.449612081304
lidar_only,muresk_maturity,31,1031.0,Magenta,10863.63636363636,10134.457665449047
lidar_only,muresk_maturity,32,1032.0,Scepter,9003.030303030302,10308.345689864007
lidar_only,muresk_maturity,33,2001.0,Magenta,8303.030303030302,9954.738631480279
lidar_only,muresk_maturity,34,2002.0,Shotgun,9436.363636363636,9375.49967930862
lidar_only,muresk_maturity,35,2003.0,Bullaring,8615.151515151516,8619.784456556255
lidar_only,muresk_maturity,36,2004.0,Sunmaster,11139.393939393938,9253.69502971751
lidar_only,muresk_maturity,37,2005.0,Nyala,11315.151515151516,10117.121592551239
lidar_only,muresk_maturity,38,2006.0,Ironbark,10281.818181818182,8636.160422135717
lidar_only,muresk_maturity,39,2007.0,Calibre,9978.787878787878,9854.328496667098
lidar_only,muresk_maturity,40,2008.0,Scepter,9318.181818181818,8691.115490268785
lidar_only,muresk_maturity,41,2009.0,Calibre,9500.0,10037.054303203313
lidar_only,muresk_maturity,42,2010.0,Bullaring,7963.636363636364,9698.225574105008
lidar_only,muresk_maturity,43,2011.0,Nyala,9493.939393939394,8906.202817094314
lidar_only,muresk_maturity,44,2012.0,Ironbark,10093.939393939392,7954.013714616458
lidar_only,muresk_maturity,45,2013.0,Sunmaster,8545.454545454544,9109.01010869097
lidar_only,muresk_maturity,46,2014.0,Shotgun,9124.242424242422,8735.259979845312
lidar_only,muresk_maturity,47,2015.0,Magenta,9557.575757575756,10178.154365782595
lidar_only,muresk_maturity,48,2016.0,Scepter,10233.333333333332,9470.965653537029
lidar_only,muresk_maturity,49,2017.0,Ironbark,8833.333333333332,8863.065696607451
lidar_only,muresk_maturity,50,2018.0,Bullaring,8718.181818181818,8273.048849723278
lidar_only,muresk_maturity,51,2019.0,Calibre,8669.696969696968,10096.126640043383
lidar_only,muresk_maturity,52,2020.0,Sunmaster,10863.63636363636,8985.443593250844
lidar_only,muresk_maturity,53,2021.0,Scepter,10693.939393939396,9126.579552170775
lidar_only,muresk_maturity,54,2022.0,Nyala,6521.21212121212,9606.584938574026
lidar_only,muresk_maturity,55,2023.0,Magenta,9800.000000000002,9870.324786372397
lidar_only,muresk_maturity,56,2024.0,Shotgun,9957.575757575756,9786.666028146861
lidar_only,muresk_maturity,57,2025.0,Scepter,10645.454545454544,9342.005959733191
lidar_only,muresk_maturity,58,2026.0,Bullaring,9100.0,8871.834181495135
lidar_only,muresk_maturity,59,2027.0,Magenta,11066.666666666664,10027.454518069086
lidar_only,muresk_maturity,60,2028.0,Shotgun,10221.212121212122,10140.674525307726
lidar_only,muresk_maturity,61,2029.0,Nyala,7896.969696969695,9667.15172254993
lidar_only,muresk_maturity,62,2030.0,Sunmaster,10778.787878787878,9780.977640631987
lidar_only,muresk_maturity,63,2031.0,Calibre,10757.575757575756,10619.881005761732
lidar_only,muresk_maturity,64,2032.0,Ironbark,9718.181818181818,10211.785550363096
lidar_only,muresk_maturity,65,3001.0,Nyala,8169.696969696969,9091.610074962757
lidar_only,muresk_maturity,66,3002.0,Bullaring,7503.030303030301,8635.380417040951
lidar_only,muresk_maturity,67,3003.0,Shotgun,8730.303030303028,9575.57120293429
lidar_only,muresk_maturity,68,3004.0,Scepter,9324.242424242424,9603.901674758537
lidar_only,muresk_maturity,69,3005.0,Sunmaster,8463.636363636364,9915.697293486799
lidar_only,muresk_maturity,70,3006.0,Calibre,7336.363636363635,9989.1572888951
lidar_only,muresk_maturity,71,3007.0,Ironbark,6712.121212121211,9006.46494816987
lidar_only,muresk_maturity,72,3008.0,Magenta,6866.666666666665,9609.120755052336
lidar_only,muresk_maturity,73,3009.0,Shotgun,9857.575757575758,9523.990550495095
lidar_only,muresk_maturity,74,3010.0,Ironbark,9627.272727272726,9673.279966880957
lidar_only,muresk_maturity,75,3011.0,Scepter,9357.575757575758,9472.716862700878
lidar_only,muresk_maturity,76,3012.0,Magenta,8057.575757575756,10114.24511661249
lidar_only,muresk_maturity,77,3013.0,Calibre,9309.090909090908,10435.302932114866
lidar_only,muresk_maturity,78,3014.0,Nyala,6409.090909090909,9600.90959755481
lidar_only,muresk_maturity,79,3015.0,Bullaring,8051.515151515151,9832.291685926215
lidar_only,muresk_maturity,80,3016.0,Sunmaster,10872.727272727272,9911.879839063682
lidar_only,muresk_maturity,81,3017.0,Magenta,9469.696969696968,10605.337197682546
lidar_only,muresk_maturity,82,3018.0,Calibre,11787.878787878784,10066.2475299013
lidar_only,muresk_maturity,83,3019.0,Nyala,7081.818181818181,8776.374377591243
lidar_only,muresk_maturity,84,3020.0,Bullaring,10675.757575757576,8639.81060070745
lidar_only,muresk_maturity,85,3021.0,Sunmaster,11227.272727272724,9652.473655998912
lidar_only,muresk_maturity,86,3022.0,Shotgun,12130.30303030303,9668.550050602635
lidar_only,muresk_maturity,87,3023.0,Ironbark,10536.363636363636,10025.65432445905
lidar_only,muresk_maturity,88,3024.0,Scepter,7996.969696969696,9841.200081921283
lidar_only,muresk_maturity,89,3025.0,Shotgun,11015.151515151512,10141.911628333743
lidar_only,muresk_maturity,90,3026.0,Ironbark,11330.30303030303,10433.085213219243
lidar_only,muresk_maturity,91,3027.0,Bullaring,8921.21212121212,9564.956974873057
lidar_only,muresk_maturity,92,3028.0,Scepter,11363.63636363636,10700.722048556247
lidar_only,muresk_maturity,93,3029.0,Calibre,10630.30303030303,11787.541943626191
lidar_only,muresk_maturity,94,3030.0,Magenta,12754.545454545456,10291.71612690928
lidar_only,muresk_maturity,95,3031.0,Sunmaster,11233.333333333332,10359.080065182048
lidar_only,muresk_maturity,96,3032.0,Nyala,7903.030303030302,10160.510922991714
lidar_only,muresk_maturity,97,4001.0,Sunmaster,7403.030303030302,8227.926754410968
lidar_only,muresk_maturity,98,4002.0,Calibre,5566.666666666666,8330.881516376101
lidar_only,muresk_maturity,99,4003.0,Ironbark,9281.818181818182,7197.934537512801
lidar_only,muresk_maturity,100,4004.0,Magenta,10490.90909090909,10386.186219723253
lidar_only,muresk_maturity,101,4005.0,Scepter,10827.272727272728,9340.204450472009
lidar_only,muresk_maturity,102,4006.0,Bullaring,6724.242424242424,8517.663660517539
lidar_only,muresk_maturity,103,4007.0,Nyala,7151.515151515151,8930.021895121257
lidar_only,muresk_maturity,104,4008.0,Shotgun,11384.848484848484,9635.054433762514
lidar_only,muresk_maturity,105,4009.0,Sunmaster,9636.363636363636,8996.991512777766
lidar_only,muresk_maturity,106,4010.0,Nyala,9393.939393939394,10147.953314812978
lidar_only,muresk_maturity,107,4011.0,Bullaring,8775.757575757574,9019.504105673219
lidar_only,muresk_maturity,108,4012.0,Calibre,8084.848484848485,10684.208758970093
lidar_only,muresk_maturity,109,4013.0,Magenta,9972.727272727272,10231.607053465461
lidar_only,muresk_maturity,110,4014.0,Scepter,8509.090909090908,9658.389835376562
lidar_only,muresk_maturity,111,4015.0,Shotgun,11778.787878787878,9942.68143882149
lidar_only,muresk_maturity,112,4016.0,Ironbark,9224.242424242422,9905.657699330144
lidar_only,muresk_maturity,113,4017.0,Sunmaster,8584.848484848484,10421.260979162627
lidar_only,muresk_maturity,114,4018.0,Shotgun,10218.181818181818,10026.489496819851
lidar_only,muresk_maturity,115,4019.0,Ironbark,11163.636363636364,10583.331456616574
lidar_only,muresk_maturity,116,4020.0,Scepter,8984.848484848484,10001.405746271172
lidar_only,muresk_maturity,117,4021.0,Calibre,10306.060606060604,10460.391871702195
lidar_only,muresk_maturity,118,4022.0,Magenta,11778.787878787878,10216.65757832842
lidar_only,muresk_maturity,119,4023.0,Nyala,8575.757575757576,10197.472345500553
lidar_only,muresk_maturity,120,4024.0,Bullaring,10509.09090909091,9318.566629524548
lidar_only,muresk_maturity,121,4025.0,Calibre,12303.0303030303,10502.602991915583
lidar_only,muresk_maturity,122,4026.0,Magenta,9693.939393939392,11103.161915742736
lidar_only,muresk_maturity,123,4027.0,Sunmaster,13081.81818181818,10518.70129423627
lidar_only,muresk_maturity,124,4028.0,Nyala,11063.636363636362,9979.15060124678
lidar_only,muresk_maturity,125,4029.0,Scepter,12042.424242424242,10244.005460151886
lidar_only,muresk_maturity,126,4030.0,Ironbark,10666.666666666664,9881.208824873644
lidar_only,muresk_maturity,127,4031.0,Bullaring,9109.090909090908,10419.179123057664
lidar_only,muresk_maturity,128,4032.0,Shotgun,11145.454545454544,10309.31381904415
lidar_only,agt_anthesis,1009,9034.0,St3B_H026,8821.212121,9274.02571531753
lidar_only,agt_anthesis,1013,13034.0,St3B_H120,9457.575758,8995.526429127693
lidar_only,agt_anthesis,1014,14034.0,SpB_H106,8457.575758,8951.00444765875
lidar_only,agt_anthesis,1015,15034.0,St3B_H049,7903.030303,8102.215063537937
lidar_only,agt_anthesis,1021,21034.0,SpB_H126,7100.0,9659.618519766467
lidar_only,agt_anthesis,1023,23034.0,SHOTGUN,9063.636364,8885.202783475252
lidar_only,agt_anthesis,2004,4033.0,SpB_H119,13975.75758,10164.193239053482
lidar_only,agt_anthesis,2005,5033.0,B3B,12021.21212,9183.706901546584
lidar_only,agt_anthesis,2008,8033.0,BETHLEHEM,12275.75758,9405.650091711514
lidar_only,agt_anthesis,2011,11033.0,St3B_H017,11393.93939,10269.313746128435
lidar_only,agt_anthesis,2013,13033.0,St3B_H119,9648.484848,9270.554996520978
lidar_only,agt_anthesis,2015,15033.0,St3B_H040,8266.666667,9066.839280830241
lidar_only,agt_anthesis,3004,4032.0,SpB_H156,8757.575758,8767.195309986686
lidar_only,agt_anthesis,3011,11032.0,SpB_H110,8766.666667,9852.18997699888
lidar_only,agt_anthesis,3019,19032.0,SpB_H085,9903.030303,9665.817605581462
lidar_only,agt_anthesis,3020,20032.0,St3B_H329,10475.75758,9045.124280748352
lidar_only,agt_anthesis,3021,21032.0,SpB_H087,7000.0,8957.178750640427
lidar_only,agt_anthesis,3024,24032.0,SHOTGUN,9363.636364,9837.83599728474
lidar_only,agt_anthesis,4002,2031.0,SpB_H008,8466.666667,10086.281950224122
lidar_only,agt_anthesis,4004,4031.0,SpB_H087,9084.848485,9433.843316484898
lidar_only,agt_anthesis,4007,7031.0,SpB_H053,7530.30303,10122.240384794504
lidar_only,agt_anthesis,4011,11031.0,St3B_H077,10375.75758,11015.230190367072
lidar_only,agt_anthesis,4013,13031.0,St3B_H136,8048.484848,9502.833470874806
lidar_only,agt_anthesis,4015,15031.0,SUNTOP,7603.030303,9835.702691732431
lidar_only,agt_anthesis,4019,19031.0,St3B_H017,11218.18182,10368.385633866345
lidar_only,agt_anthesis,4022,22031.0,SpB_H156,9009.090909,9156.726050530531
lidar_only,agt_anthesis,5001,1030.0,SpB_H173,9766.666667,9893.043628066707
lidar_only,agt_anthesis,5003,3030.0,St3B_H097,10557.57576,9019.056149011742
lidar_only,agt_anthesis,5004,4030.0,SpB_H102,11039.39394,9742.340271967127
lidar_only,agt_anthesis,5009,9030.0,SpB_H106,10012.12121,9886.897242661893
lidar_only,agt_anthesis,5013,13030.0,St3B_H342,7903.030303,8483.764289403633
lidar_only,agt_anthesis,5016,16030.0,SpB_H110,11457.57576,9937.201358169214
lidar_only,agt_anthesis,6002,2029.0,SpB_H022,11703.0303,9965.882162384169
lidar_only,agt_anthesis,6003,3029.0,St3B_H026,14039.39394,10319.810570988015
lidar_only,agt_anthesis,6006,6029.0,St3B_H164,9821.212121,10091.654882386438
lidar_only,agt_anthesis,6008,8029.0,SpB_H119,10993.93939,9851.178156836846
lidar_only,agt_anthesis,6011,11029.0,SUNDANCER,9648.484848,9923.520831156957
lidar_only,agt_anthesis,6016,16029.0,St3B_H136,11475.75758,9260.167407275567
lidar_only,agt_anthesis,6022,22029.0,St3B_H097,8900.0,8880.905754014884
lidar_only,agt_anthesis,6023,23029.0,LEVERAGE,8954.545455,9672.902055494846
lidar_only,agt_anthesis,7004,4028.0,SpB_H148,10993.93939,9961.340214693239
lidar_only,agt_anthesis,7005,5028.0,SpB_H065,11266.66667,9784.149013507471
lidar_only,agt_anthesis,7007,7028.0,SpB_H152,10484.84848,8313.267502565423
lidar_only,agt_anthesis,7013,13028.0,SpB_H048,10057.57576,9983.97315721003
lidar_only,agt_anthesis,7017,17028.0,SpB_H169,7981.818182,9218.104272616672
lidar_only,agt_anthesis,7020,20028.0,SUNMASTER,7193.939394,10128.655832414126
lidar_only,agt_anthesis,7022,22028.0,BETHLEHEM,6809.090909,9948.613688683407
lidar_only,agt_anthesis,7023,23028.0,SpB_H010,8100.0,9485.352649411067
lidar_only,agt_anthesis,8008,8027.0,SpB_H169,9803.030303,9860.90383657981
lidar_only,agt_anthesis,8014,14027.0,SpB_H152,10993.93939,9563.852462607972
lidar_only,agt_anthesis,8015,15027.0,SpB_H094,8848.484848,9137.505073958164
lidar_only,agt_anthesis,8018,18027.0,SpB_H085,9109.090909,10548.689365868733
lidar_only,agt_anthesis,8020,20027.0,SpB_H164,7075.757576,10039.127760927626
lidar_only,agt_anthesis,8021,21027.0,SHOTGUN,8336.363636,9896.135140650818
lidar_only,agt_anthesis,9004,4026.0,SpB_H116,10057.57576,9468.631854027735
lidar_only,agt_anthesis,9006,6026.0,LRPBSPITFIRE,8430.30303,9387.221950749929
lidar_only,agt_anthesis,9012,12026.0,SpB_H053,8130.30303,9998.828720217538
lidar_only,agt_anthesis,9015,15026.0,St3B_H028,11939.39394,9540.715886858916
lidar_only,agt_anthesis,9017,17026.0,St3B_H036,8845.454545,9695.932020528517
lidar_only,agt_anthesis,10001,1025.0,SpB_H102,12930.30303,9553.098641032157
lidar_only,agt_anthesis,10002,2025.0,SUNDANCER,8348.484848,9899.33488519816
lidar_only,agt_anthesis,10004,4025.0,St3B_H028,9784.848485,9865.866218379899
lidar_only,agt_anthesis,10006,6025.0,St3B_H029,10330.30303,9599.810117722336
lidar_only,agt_anthesis,10008,8025.0,SpB_H074,10057.57576,10032.393775507211
lidar_only,agt_anthesis,10009,9025.0,St3B_H041,9657.575758,9609.80184129167
lidar_only,agt_anthesis,10012,12025.0,IRONBARK,6175.757576,9611.37512247071
lidar_only,agt_anthesis,10016,16025.0,SpB_H010,8903.030303,9569.525766685867
lidar_only,agt_anthesis,10018,18025.0,B3B,9930.30303,9893.205601520936
lidar_only,agt_anthesis,10019,19025.0,LRPBSPITFIRE,10930.30303,10006.878628231225
lidar_only,agt_anthesis,10021,21025.0,St3B_H100,8400.0,7372.858074278992
lidar_only,agt_anthesis,11002,2024.0,B3B,9493.939394,9464.23786390907
lidar_only,agt_anthesis,11006,6024.0,SUNMASTER,8766.666667,9644.855300072548
lidar_only,agt_anthesis,11007,7024.0,St3B_H029,11648.48485,9323.201684245556
lidar_only,agt_anthesis,11009,9024.0,SpB_H166,9693.939394,9148.89048461865
lidar_only,agt_anthesis,11011,11024.0,SUNTOP,7975.757576,10057.077210729974
lidar_only,agt_anthesis,11014,14024.0,SpB_H032,7875.757576,9636.114405987952
lidar_only,agt_anthesis,11018,18024.0,SpB_H120,9230.30303,9372.729477913032
lidar_only,agt_anthesis,11020,20024.0,SpB_H050,9939.393939,10302.274533869066
lidar_only,agt_anthesis,12003,3023.0,SpB_H028,10093.93939,9023.881421123277
lidar_only,agt_anthesis,12007,7023.0,SpB_H120,10748.48485,9358.30839853441
lidar_only,agt_anthesis,12008,8023.0,IRONBARK,9930.30303,9353.80008405641
lidar_only,agt_anthesis,12011,11023.0,SpB_H001,7084.848485,9342.864498841389
lidar_only,agt_anthesis,12012,12023.0,SUNMASTER,8912.121212,9636.862399567139
lidar_only,agt_anthesis,12016,16023.0,B3B,10190.90909,9134.857876644108
lidar_only,agt_anthesis,12018,18023.0,BETHLEHEM,7939.393939,9943.703095883495
lidar_only,agt_anthesis,13001,1022.0,SpB_H028,9257.575758,9721.119075723362
lidar_only,agt_anthesis,13002,2022.0,St3B_H077,11212.12121,10427.993895006572
lidar_only,agt_anthesis,13007,7022.0,SpB_H116,9312.121212,9183.706901546584
lidar_only,agt_anthesis,13009,9022.0,SpB_H001,7175.757576,9201.73970335499
lidar_only,agt_anthesis,13011,11022.0,SpB_H074,9803.030303,9723.649234667306
lidar_only,agt_anthesis,13018,18022.0,SpB_H126,9121.212121,9829.212248155927
lidar_only,agt_anthesis,13020,20022.0,SpB_H049,8818.181818,9553.286226890723
lidar_only,agt_anthesis,13024,24022.0,BETHLEHEM,9390.909091,9137.505073958164
lidar_only,agt_anthesis,14001,1021.0,LRPBSPITFIRE,10784.84848,9839.952540264632
lidar_only,agt_anthesis,14004,4021.0,SpB_H049,11057.57576,9887.17530598262
lidar_only,agt_anthesis,14006,6021.0,SpB_H008,9366.666667,9441.075594790978
lidar_only,agt_anthesis,14007,7021.0,LEVERAGE,9312.121212,9607.636172616923
lidar_only,agt_anthesis,14012,12021.0,St3B_H329,10966.66667,9169.565892925439
lidar_only,agt_anthesis,14015,15021.0,SpB_H065,10566.66667,9362.5026528899
lidar_only,agt_anthesis,14016,16021.0,St3B_H119,7966.666667,9052.038471044309
lidar_only,agt_anthesis,14017,17021.0,St3B_H041,9272.727273,9215.402711739363
lidar_only,agt_anthesis,14022,22021.0,St3B_H036,10945.45455,9382.826523055219
lidar_only,agt_anthesis,15002,2020.0,SpB_H047,10493.93939,9345.1586761905
lidar_only,agt_anthesis,15004,4020.0,SpB_H173,11639.39394,10158.801710056265
lidar_only,agt_anthesis,15006,6020.0,SpB_H094,8403.030303,9498.819452665002
lidar_only,agt_anthesis,15007,7020.0,St3B_H059,10003.0303,9905.260561148583
lidar_only,agt_anthesis,15009,9020.0,St3B_H341,6393.939394,9337.19379530368
lidar_only,agt_anthesis,15010,10020.0,St3B_H164,8421.212121,8914.755332353912
lidar_only,agt_anthesis,15014,14020.0,St3B_H040,6866.666667,9119.586892223659
lidar_only,agt_anthesis,15021,21020.0,SpB_H048,7572.727273,10027.332698956721
lidar_only,agt_anthesis,15024,24020.0,LRPBSPITFIRE,9781.818182,10534.445992325516
lidar_only,agt_anthesis,16001,1019.0,SpB_H032,9257.575758,9551.856155977102
lidar_only,agt_anthesis,16004,4019.0,St3B_H049,8830.30303,8487.956124097416
lidar_only,agt_anthesis,16005,5019.0,SpB_H166,10393.93939,9354.74698123237
lidar_only,agt_anthesis,16009,9019.0,SpB_H148,11248.48485,10092.709634711464
lidar_only,agt_anthesis,16011,11019.0,St3B_H341,10175.75758,9808.869252987784
lidar_only,agt_anthesis,16013,13019.0,SpB_H164,10466.66667,9942.672904934125
lidar_only,agt_anthesis,17001,1018.0,SUNMASTER,8139.393939,9204.481350441105
lidar_only,agt_anthesis,17002,2018.0,St3B_H342,8893.939394,9205.57527736754
lidar_only,agt_anthesis,17003,3018.0,St3B_H100,9575.757576,8270.24985590624
lidar_only,agt_anthesis,17005,5018.0,SpB_H022,9603.030303,9448.009618083186
lidar_only,agt_anthesis,17006,6018.0,St3B_H059,11048.48485,9577.638014868462
lidar_only,agt_anthesis,17009,9018.0,SHOTGUN,11757.57576,9094.037043129227
lidar_only,agt_anthesis,17010,10018.0,St3B_H120,8139.393939,8664.458887061846
lidar_only,agt_anthesis,17014,14018.0,SpB_H050,11003.0303,9884.890689190937
lidar_only,agt_anthesis,17017,17018.0,SpB_H047,7672.727273,9338.494973199848
lidar_only,agt_anthesis,18001,1017.0,SpB_H050,10321.21212,10175.000010737276
lidar_only,agt_anthesis,18002,2017.0,SpB_H164,11703.0303,9674.807908501414
lidar_only,agt_anthesis,18009,9017.0,SpB_H049,10121.21212,9185.36542043636
lidar_only,agt_anthesis,18011,11017.0,SHOTGUN,9212.121212,9716.98397570404
lidar_only,agt_anthesis,18016,16017.0,LRPBSPITFIRE,10493.93939,9198.08240691332
lidar_only,agt_anthesis,18021,21017.0,SpB_H119,10536.36364,10049.163090149215
lidar_only,agt_anthesis,18023,23017.0,SpB_H173,10618.18182,9431.990563099673
lidar_only,agt_anthesis,18024,24017.0,St3B_H017,11854.54545,10323.63518269049
lidar_only,agt_anthesis,19003,3016.0,St3B_H120,8166.666667,9269.514983887806
lidar_only,agt_anthesis,19004,4016.0,LRPBSPITFIRE,9912.121212,9398.794283517693
lidar_only,agt_anthesis,19005,5016.0,SpB_H164,9430.30303,9938.925448654407
lidar_only,agt_anthesis,19008,8016.0,St3B_H329,10230.30303,9241.86151765084
lidar_only,agt_anthesis,19010,10016.0,SHOTGUN,8193.939394,7485.601388332611
lidar_only,agt_anthesis,19013,13016.0,SpB_H053,9348.484848,9442.427062634464
lidar_only,agt_anthesis,19017,17016.0,St3B_H341,9572.727273,9028.64531933001
lidar_only,agt_anthesis,19019,19016.0,SUNMASTER,9875.757576,9534.68935086705
lidar_only,agt_anthesis,19020,20016.0,SpB_H022,7618.181818,9295.88631984156
lidar_only,agt_anthesis,19021,21016.0,SpB_H152,8563.636364,8982.031448318607
lidar_only,agt_anthesis,19022,22016.0,SpB_H169,8754.545455,9594.643031470894
lidar_only,agt_anthesis,20010,10015.0,SpB_H010,8093.939394,8283.123114473625
lidar_only,agt_anthesis,20012,12015.0,SpB_H152,7775.757576,8304.713208692074
lidar_only,agt_anthesis,20016,16015.0,SpB_H001,8512.121212,8722.140652588116
lidar_only,agt_anthesis,20018,18015.0,LRPBSPITFIRE,8766.666667,9646.155042405526
lidar_only,agt_anthesis,20021,21015.0,St3B_H120,9918.181818,9517.114800933308
lidar_only,agt_anthesis,20024,24015.0,St3B_H329,7490.909091,9508.185811397789
lidar_only,agt_anthesis,21001,1014.0,SUNTOP,9312.121212,9701.071705763203
lidar_only,agt_anthesis,21009,9014.0,SpB_H156,8603.030303,9025.624368565455
lidar_only,agt_anthesis,21010,10014.0,SUNMASTER,10257.57576,9137.505073958164
lidar_only,agt_anthesis,21013,13014.0,St3B_H164,10230.30303,9530.110873468844
lidar_only,agt_anthesis,21016,16014.0,St3B_H026,8921.212121,9137.505073958164
lidar_only,agt_anthesis,21017,17014.0,St3B_H029,9372.727273,9531.300151610807
lidar_only,agt_anthesis,21018,18014.0,SpB_H074,9630.30303,9511.645590850236
lidar_only,agt_anthesis,21019,19014.0,SpB_H120,7703.030303,8742.715903076614
lidar_only,agt_anthesis,21021,21014.0,SpB_H047,11754.54545,9143.96250686677
lidar_only,agt_anthesis,21023,23014.0,SpB_H087,7927.272727,9255.266213948255
lidar_only,agt_anthesis,22004,4013.0,SpB_H120,10857.57576,9181.426319640146
lidar_only,agt_anthesis,22006,6013.0,SpB_H010,10966.66667,9194.856653874565
lidar_only,agt_anthesis,22009,9013.0,St3B_H017,14093.93939,10296.745031430357
lidar_only,agt_anthesis,22014,14013.0,SpB_H116,8657.575758,8839.214698033436
lidar_only,agt_anthesis,22016,16013.0,St3B_H029,9275.757576,9411.99316667913
lidar_only,agt_anthesis,22017,17013.0,SUNDANCER,10600.0,9568.300296895477
lidar_only,agt_anthesis,22018,18013.0,SpB_H156,12057.57576,8362.768019120114
lidar_only,agt_anthesis,23001,1012.0,St3B_H040,10112.12121,9912.677217946382
lidar_only,agt_anthesis,23004,4012.0,SpB_H106,12121.21212,9140.304235624544
lidar_only,agt_anthesis,23013,13012.0,IRONBARK,8566.666667,9526.965896030875
lidar_only,agt_anthesis,23014,14012.0,SpB_H166,8303.030303,8410.951620455984
lidar_only,agt_anthesis,23018,18012.0,SpB_H102,10212.12121,8397.252483783286
lidar_only,agt_anthesis,24005,5011.0,St3B_H136,8584.848485,9050.080782799196
lidar_only,agt_anthesis,24006,6011.0,SpB_H085,10557.57576,9921.015907467425
lidar_only,agt_anthesis,24007,7011.0,B3B,9366.666667,9185.36542043636
lidar_only,agt_anthesis,24013,13011.0,St3B_H028,9066.666667,9233.785755676563
lidar_only,agt_anthesis,24017,17011.0,SpB_H008,11190.90909,9441.535607705702
lidar_only,agt_anthesis,24020,20011.0,St3B_H041,5518.181818,7644.459137985389
lidar_only,agt_anthesis,24021,21011.0,LEVERAGE,7327.272727,9623.300180015507
lidar_only,agt_anthesis,24024,24011.0,SpB_H119,8318.181818,9587.47089778124
lidar_only,agt_anthesis,25007,7010.0,SpB_H048,9557.575758,9157.061428165016
lidar_only,agt_anthesis,25010,10010.0,SpB_H065,7475.757576,7940.613656603149
lidar_only,agt_anthesis,25014,14010.0,SpB_H094,8784.848485,8860.541532451432
lidar_only,agt_anthesis,25017,17010.0,St3B_H097,7854.545455,8876.969047508905
lidar_only,agt_anthesis,25018,18010.0,SpB_H049,8503.030303,9370.934569635501
lidar_only,agt_anthesis,25020,20010.0,SpB_H116,6754.545455,8731.4088068596
lidar_only,agt_anthesis,25021,21010.0,SpB_H008,7954.545455,9270.554996520978
lidar_only,agt_anthesis,26006,6009.0,St3B_H041,9148.484848,9553.655057097641
lidar_only,agt_anthesis,26009,9009.0,SpB_H094,5257.575758,9353.464418406249
lidar_only,agt_anthesis,26011,11009.0,SpB_H050,10166.66667,10076.1163344713
lidar_only,agt_anthesis,26013,13009.0,St3B_H026,8893.939394,9526.234059435628
lidar_only,agt_anthesis,26016,16009.0,SpB_H074,12630.30303,9755.63466673299
lidar_only,agt_anthesis,27005,5008.0,LEVERAGE,7684.848485,9705.610619347972
lidar_only,agt_anthesis,27006,6008.0,SpB_H169,8993.939394,9364.730614292632
lidar_only,agt_anthesis,27009,9008.0,St3B_H119,8003.030303,8499.334090141561
lidar_only,agt_anthesis,27015,15008.0,St3B_H059,9148.484848,9740.35119350444
lidar_only,agt_anthesis,27023,23008.0,St3B_H049,10145.45455,8186.207373195082
lidar_only,agt_anthesis,28003,3007.0,St3B_H040,9203.030303,8961.473405319439
lidar_only,agt_anthesis,28005,5007.0,St3B_H036,9284.848485,9698.919359357586
lidar_only,agt_anthesis,28008,8007.0,St3B_H100,9266.666667,7900.549852382387
lidar_only,agt_anthesis,28010,10007.0,SpB_H126,9639.393939,9097.987665092403
lidar_only,agt_anthesis,28015,15007.0,SpB_H173,8348.484848,9250.454543542568
lidar_only,agt_anthesis,28016,16007.0,SpB_H148,9257.575758,10166.63417056003
lidar_only,agt_anthesis,28018,18007.0,SUNTOP,9121.212121,9912.330038183669
lidar_only,agt_anthesis,29005,5006.0,SpB_H048,8939.393939,9716.814998017828
lidar_only,agt_anthesis,29007,7006.0,St3B_H028,9193.939394,9493.54304671896
lidar_only,agt_anthesis,29010,10006.0,St3B_H036,9830.30303,9079.216722964971
lidar_only,agt_anthesis,29014,14006.0,SpB_H001,6348.484848,7248.16949842055
lidar_only,agt_anthesis,29016,16006.0,St3B_H164,9603.030303,9212.963607502652
lidar_only,agt_anthesis,29017,17006.0,SpB_H022,8781.818182,8916.79639935401
lidar_only,agt_anthesis,29019,19006.0,St3B_H077,11054.54545,10629.986608005478
lidar_only,agt_anthesis,29022,22006.0,SpB_H028,8227.272727,8022.0190692947735
lidar_only,agt_anthesis,30003,3005.0,St3B_H119,9339.393939,8156.470030499936
lidar_only,agt_anthesis,30004,4005.0,SpB_H126,10021.21212,8469.87955223437
lidar_only,agt_anthesis,30015,15005.0,B3B,11193.93939,9175.478812640074
lidar_only,agt_anthesis,30017,17005.0,SpB_H065,8290.909091,9001.009539360666
lidar_only,agt_anthesis,30021,21005.0,SpB_H166,8981.818182,8948.119001601472
lidar_only,agt_anthesis,30023,23005.0,St3B_H077,11563.63636,10493.9504336142
lidar_only,agt_anthesis,31003,3004.0,SpB_H032,12339.39394,9297.28715171911
lidar_only,agt_anthesis,31004,4004.0,B3B,8321.212121,8632.008549553848
lidar_only,agt_anthesis,31007,7004.0,BETHLEHEM,10084.84848,9546.588505823562
lidar_only,agt_anthesis,31009,9004.0,SpB_H087,9684.848485,9237.273544997732
lidar_only,agt_anthesis,31010,10004.0,SpB_H110,8412.121212,9256.698985693276
lidar_only,agt_anthesis,31011,11004.0,SpB_H047,10066.66667,8955.733761532565
lidar_only,agt_anthesis,31019,19004.0,SUNDANCER,6527.272727,9100.02783329336
lidar_only,agt_anthesis,31021,21004.0,BETHLEHEM,10390.90909,9632.292241563748
lidar_only,agt_anthesis,31022,22004.0,SHOTGUN,7518.181818,9270.554996520978
lidar_only,agt_anthesis,32006,6003.0,SHOTGUN,10403.0303,9883.220498541532
lidar_only,agt_anthesis,32007,7003.0,St3B_H136,5384.848485,9197.824971544485
lidar_only,agt_anthesis,32008,8003.0,St3B_H097,7303.030303,8204.927351305589
lidar_only,agt_anthesis,32018,18003.0,St3B_H059,9366.666667,9261.410470388588
lidar_only,agt_anthesis,32020,20003.0,SpB_H053,7709.090909,9779.761754111689
lidar_only,agt_anthesis,32021,21003.0,SpB_H032,9845.454545,9173.29786782081
lidar_only,agt_anthesis,32023,23003.0,SpB_H148,7800.0,10543.775995717886
lidar_only,agt_anthesis,33005,5002.0,BETHLEHEM,10503.0303,9587.148963471569
lidar_only,agt_anthesis,33009,9002.0,St3B_H049,11266.66667,8356.863283535258
lidar_only,agt_anthesis,33014,14002.0,SpB_H028,8548.484848,7622.886596935132
lidar_only,agt_anthesis,33017,17002.0,SUNMASTER,7100.0,9752.425588099337
lidar_only,agt_anthesis,33019,19002.0,IRONBARK,6372.727273,8340.500460897012
lidar_only,agt_anthesis,33021,21002.0,St3B_H341,11045.45455,9441.99493832588
lidar_only,agt_anthesis,33022,22002.0,St3B_H342,6436.363636,7953.151562513652
lidar_only,agt_anthesis,34002,2001.0,SpB_H085,10066.66667,10172.220951072879
lidar_only,agt_anthesis,34003,3001.0,St3B_H342,8012.121212,7792.762576299081
lidar_only,agt_anthesis,34004,4001.0,BETHLEHEM,10439.39394,9698.210571045392
lidar_only,agt_anthesis,34009,9001.0,LRPBSPITFIRE,9748.484848,9563.724497986741
lidar_only,agt_anthesis,34014,14001.0,SUNMASTER,11157.57576,9395.410295533851
lidar_only,agt_anthesis,34018,18001.0,SpB_H110,9884.848485,9418.87694404731
lidar_only,agt_anthesis,34020,20001.0,SpB_H102,9409.090909,9071.098130759792
lidar_only,agt_anthesis,34021,21001.0,SpB_H106,11927.27273,9611.528310577167
lidar_only,agt_anthesis,34023,23001.0,St3B_H100,7800.0,7153.358312994751
lidar_only,agt_anthesis,34024,24001.0,B3B,11900.0,8458.336934512214
lidar_only,agt_maturity,1009,9034.0,St3B_H026,13218.181818181818,12923.024700445645
lidar_only,agt_maturity,1013,13034.0,St3B_H120,14518.18181818182,13308.392718385252
lidar_only,agt_maturity,1014,14034.0,SpB_H106,13454.545454545452,12957.666345069283
lidar_only,agt_maturity,1015,15034.0,St3B_H049,11363.63636363636,12553.114175886236
lidar_only,agt_maturity,1021,21034.0,SpB_H126,11745.454545454548,12870.594454733335
lidar_only,agt_maturity,1023,23034.0,SHOTGUN,16263.636363636364,13041.899626741199
lidar_only,agt_maturity,2004,4033.0,SpB_H119,14799.999999999998,13297.02182324565
lidar_only,agt_maturity,2005,5033.0,B3B,12100.0,13248.602715916859
lidar_only,agt_maturity,2008,8033.0,BETHLEHEM,13327.272727272728,12981.741754360311
lidar_only,agt_maturity,2011,11033.0,St3B_H017,16536.363636363636,13796.432551112712
lidar_only,agt_maturity,2013,13033.0,St3B_H119,13036.363636363638,12712.93686734743
lidar_only,agt_maturity,2015,15033.0,St3B_H040,11490.909090909092,13487.77983276375
lidar_only,agt_maturity,3004,4032.0,SpB_H156,13299.999999999998,12556.768821509044
lidar_only,agt_maturity,3011,11032.0,SpB_H110,14336.363636363638,13886.273632271648
lidar_only,agt_maturity,3019,19032.0,SpB_H085,13827.272727272728,13443.802096592408
lidar_only,agt_maturity,3020,20032.0,St3B_H329,12654.545454545456,12516.505067435039
lidar_only,agt_maturity,3021,21032.0,SpB_H087,12672.727272727272,13157.094724516028
lidar_only,agt_maturity,3024,24032.0,SHOTGUN,18227.272727272724,12758.526364374608
lidar_only,agt_maturity,4002,2031.0,SpB_H008,16390.90909090909,13404.932510288745
lidar_only,agt_maturity,4004,4031.0,SpB_H087,11163.636363636362,12703.322230346776
lidar_only,agt_maturity,4007,7031.0,SpB_H053,11390.90909090909,13544.506835104992
lidar_only,agt_maturity,4011,11031.0,St3B_H077,15981.81818181818,13485.39186199484
lidar_only,agt_maturity,4013,13031.0,St3B_H136,15609.09090909091,12468.679884422887
lidar_only,agt_maturity,4015,15031.0,SUNTOP,12081.818181818182,13406.829199235779
lidar_only,agt_maturity,4019,19031.0,St3B_H017,14045.454545454542,12720.726271828607
lidar_only,agt_maturity,4022,22031.0,SpB_H156,13554.545454545456,12733.700903479836
lidar_only,agt_maturity,5001,1030.0,SpB_H173,15863.63636363636,13226.67813489051
lidar_only,agt_maturity,5003,3030.0,St3B_H097,13854.545454545456,12012.279190878111
lidar_only,agt_maturity,5004,4030.0,SpB_H102,10990.909090909092,12737.847683932803
lidar_only,agt_maturity,5009,9030.0,SpB_H106,15809.09090909091,13539.898642671627
lidar_only,agt_maturity,5013,13030.0,St3B_H342,11499.999999999998,10820.881319655173
lidar_only,agt_maturity,5016,16030.0,SpB_H110,10309.09090909091,13569.011175719264
lidar_only,agt_maturity,6002,2029.0,SpB_H022,11700.000000000002,13425.917983014073
lidar_only,agt_maturity,6003,3029.0,St3B_H026,10718.181818181818,13229.788298168412
lidar_only,agt_maturity,6006,6029.0,St3B_H164,14900.0,12814.019953844152
lidar_only,agt_maturity,6008,8029.0,SpB_H119,16445.454545454544,13299.60600249774
lidar_only,agt_maturity,6011,11029.0,SUNDANCER,13018.18181818182,13789.858239083622
lidar_only,agt_maturity,6016,16029.0,St3B_H136,12127.272727272728,12347.361080374369
lidar_only,agt_maturity,6022,22029.0,St3B_H097,10063.636363636364,11178.78270522051
lidar_only,agt_maturity,6023,23029.0,LEVERAGE,17636.363636363632,13179.242331682915
lidar_only,agt_maturity,7004,4028.0,SpB_H148,12018.18181818182,13420.96184404556
lidar_only,agt_maturity,7005,5028.0,SpB_H065,13172.727272727272,12940.37800676034
lidar_only,agt_maturity,7007,7028.0,SpB_H152,12145.454545454544,11810.613658502236
lidar_only,agt_maturity,7013,13028.0,SpB_H048,12645.454545454544,13421.178208852345
lidar_only,agt_maturity,7017,17028.0,SpB_H169,12972.727272727276,12825.384366934126
lidar_only,agt_maturity,7020,20028.0,SUNMASTER,14299.999999999998,12278.596216663836
lidar_only,agt_maturity,7022,22028.0,BETHLEHEM,14372.727272727272,12725.400685590528
lidar_only,agt_maturity,7023,23028.0,SpB_H010,11990.909090909092,13156.893329455206
lidar_only,agt_maturity,8008,8027.0,SpB_H169,14109.09090909091,12575.155283632424
lidar_only,agt_maturity,8014,14027.0,SpB_H152,13054.545454545456,12417.860084364886
lidar_only,agt_maturity,8015,15027.0,SpB_H094,13627.272727272728,12714.4292167816
lidar_only,agt_maturity,8018,18027.0,SpB_H085,14436.363636363636,13321.543365282198
lidar_only,agt_maturity,8020,20027.0,SpB_H164,14900.0,13024.013220193247
lidar_only,agt_maturity,8021,21027.0,SHOTGUN,12345.454545454542,12691.925433969356
lidar_only,agt_maturity,9004,4026.0,SpB_H116,12745.454545454548,12589.805076026389
lidar_only,agt_maturity,9006,6026.0,LRPBSPITFIRE,12790.909090909092,12840.469597729758
lidar_only,agt_maturity,9012,12026.0,SpB_H053,9436.363636363636,13804.940530969536
lidar_only,agt_maturity,9015,15026.0,St3B_H028,12763.636363636364,12573.35304856753
lidar_only,agt_maturity,9017,17026.0,St3B_H036,13990.909090909092,13181.358579429843
lidar_only,agt_maturity,10001,1025.0,SpB_H102,15072.72727272727,12556.089298236606
lidar_only,agt_maturity,10002,2025.0,SUNDANCER,13927.27272727273,13556.666269010157
lidar_only,agt_maturity,10004,4025.0,St3B_H028,15109.09090909091,13125.97118373679
lidar_only,agt_maturity,10006,6025.0,St3B_H029,9409.090909090906,12587.38084933677
lidar_only,agt_maturity,10008,8025.0,SpB_H074,11627.272727272728,13227.207633144451
lidar_only,agt_maturity,10009,9025.0,St3B_H041,13672.727272727272,12699.627343069722
lidar_only,agt_maturity,10012,12025.0,IRONBARK,15327.272727272728,12681.049422531425
lidar_only,agt_maturity,10016,16025.0,SpB_H010,13036.363636363638,12918.431609924019
lidar_only,agt_maturity,10018,18025.0,B3B,13218.181818181818,12329.167979085885
lidar_only,agt_maturity,10019,19025.0,LRPBSPITFIRE,15981.81818181818,13294.952676408064
lidar_only,agt_maturity,10021,21025.0,St3B_H100,10527.272727272724,11751.95103563253
lidar_only,agt_maturity,11002,2024.0,B3B,14472.727272727276,12671.918540210825
lidar_only,agt_maturity,11006,6024.0,SUNMASTER,14236.363636363636,12550.693607919775
lidar_only,agt_maturity,11007,7024.0,St3B_H029,12636.363636363632,12500.735923721655
lidar_only,agt_maturity,11009,9024.0,SpB_H166,13027.272727272724,12330.052903058184
lidar_only,agt_maturity,11011,11024.0,SUNTOP,16772.727272727272,13181.513841544047
lidar_only,agt_maturity,11014,14024.0,SpB_H032,11327.272727272728,13194.430966984886
lidar_only,agt_maturity,11018,18024.0,SpB_H120,14445.454545454544,13203.292964933951
lidar_only,agt_maturity,11020,20024.0,SpB_H050,12654.545454545456,13290.42794595087
lidar_only,agt_maturity,12003,3023.0,SpB_H028,15118.181818181818,12525.432690007661
lidar_only,agt_maturity,12007,7023.0,SpB_H120,11200.000000000002,12736.490162036567
lidar_only,agt_maturity,12008,8023.0,IRONBARK,10763.636363636364,12157.898207461647
lidar_only,agt_maturity,12011,11023.0,SpB_H001,12218.181818181818,13218.150210931626
lidar_only,agt_maturity,12012,12023.0,SUNMASTER,11936.363636363636,12595.14152238212
lidar_only,agt_maturity,12016,16023.0,B3B,11590.909090909088,11827.75828071804
lidar_only,agt_maturity,12018,18023.0,BETHLEHEM,12799.999999999998,13090.016971442588
lidar_only,agt_maturity,13001,1022.0,SpB_H028,17909.090909090904,12418.65851798988
lidar_only,agt_maturity,13002,2022.0,St3B_H077,13063.636363636364,13371.077101392066
lidar_only,agt_maturity,13007,7022.0,SpB_H116,13309.09090909091,12554.908909930708
lidar_only,agt_maturity,13009,9022.0,SpB_H001,13472.727272727276,12499.513754413205
lidar_only,agt_maturity,13011,11022.0,SpB_H074,12990.909090909092,13639.48034887104
lidar_only,agt_maturity,13018,18022.0,SpB_H126,13545.454545454542,12680.753959282492
lidar_only,agt_maturity,13020,20022.0,SpB_H049,10290.909090909092,13026.519947768738
lidar_only,agt_maturity,13024,24022.0,BETHLEHEM,9963.636363636362,12482.791971303639
lidar_only,agt_maturity,14001,1021.0,LRPBSPITFIRE,14981.81818181818,13571.748770557753
lidar_only,agt_maturity,14004,4021.0,SpB_H049,13281.81818181818,12987.011874986814
lidar_only,agt_maturity,14006,6021.0,SpB_H008,9299.999999999998,13369.404266093505
lidar_only,agt_maturity,14007,7021.0,LEVERAGE,13436.363636363636,12721.42920609402
lidar_only,agt_maturity,14012,12021.0,St3B_H329,13272.72727272727,12767.393236647133
lidar_only,agt_maturity,14015,15021.0,SpB_H065,11809.09090909091,12585.99290744517
lidar_only,agt_maturity,14016,16021.0,St3B_H119,10463.636363636362,12503.172476722762
lidar_only,agt_maturity,14017,17021.0,St3B_H041,12518.18181818182,12760.346137470211
lidar_only,agt_maturity,14022,22021.0,St3B_H036,10909.090909090904,12964.593001574543
lidar_only,agt_maturity,15002,2020.0,SpB_H047,13663.636363636362,12691.546015423097
lidar_only,agt_maturity,15004,4020.0,SpB_H173,15227.272727272724,13226.792289331914
lidar_only,agt_maturity,15006,6020.0,SpB_H094,13254.545454545452,12470.078918667512
lidar_only,agt_maturity,15007,7020.0,St3B_H059,16190.90909090909,13131.240339985223
lidar_only,agt_maturity,15009,9020.0,St3B_H341,13499.999999999998,12304.840661044733
lidar_only,agt_maturity,15010,10020.0,St3B_H164,12772.72727272727,11693.181816256958
lidar_only,agt_maturity,15014,14020.0,St3B_H040,12418.181818181818,13092.224778486707
lidar_only,agt_maturity,15021,21020.0,SpB_H048,12445.454545454544,13038.41535845174
lidar_only,agt_maturity,15024,24020.0,LRPBSPITFIRE,16981.81818181818,13398.005854459177
lidar_only,agt_maturity,16001,1019.0,SpB_H032,13327.272727272728,13184.665986307213
lidar_only,agt_maturity,16004,4019.0,St3B_H049,15054.545454545456,12747.066376215966
lidar_only,agt_maturity,16005,5019.0,SpB_H166,14572.72727272727,12409.021932961083
lidar_only,agt_maturity,16009,9019.0,SpB_H148,12454.545454545452,12984.921190702837
lidar_only,agt_maturity,16011,11019.0,St3B_H341,14745.454545454548,13126.101925009265
lidar_only,agt_maturity,16013,13019.0,SpB_H164,11490.909090909092,13766.48460606143
lidar_only,agt_maturity,17001,1018.0,SUNMASTER,11972.727272727276,12558.198530409583
lidar_only,agt_maturity,17002,2018.0,St3B_H342,12018.18181818182,11922.06376694982
lidar_only,agt_maturity,17003,3018.0,St3B_H100,13272.72727272727,12151.951003350545
lidar_only,agt_maturity,17005,5018.0,SpB_H022,12218.181818181818,13106.367619204044
lidar_only,agt_maturity,17006,6018.0,St3B_H059,12145.454545454544,12969.606239649263
lidar_only,agt_maturity,17009,9018.0,SHOTGUN,13999.999999999998,12494.515893224028
lidar_only,agt_maturity,17010,10018.0,St3B_H120,12309.09090909091,11592.749151076257
lidar_only,agt_maturity,17014,14018.0,SpB_H050,13981.81818181818,13864.623911829474
lidar_only,agt_maturity,17017,17018.0,SpB_H047,12390.90909090909,12675.916534276523
lidar_only,agt_maturity,18001,1017.0,SpB_H050,11054.545454545456,13122.475851612979
lidar_only,agt_maturity,18002,2017.0,SpB_H164,13700.000000000002,13134.375828552387
lidar_only,agt_maturity,18009,9017.0,SpB_H049,9818.181818181816,13219.092662999465
lidar_only,agt_maturity,18011,11017.0,SHOTGUN,12372.727272727272,13045.219129753752
lidar_only,agt_maturity,18016,16017.0,LRPBSPITFIRE,13327.272727272728,13307.815184218443
lidar_only,agt_maturity,18021,21017.0,SpB_H119,11672.727272727272,13172.353287675453
lidar_only,agt_maturity,18023,23017.0,SpB_H173,13600.0,13438.059579695784
lidar_only,agt_maturity,18024,24017.0,St3B_H017,11499.999999999998,13272.917891293286
lidar_only,agt_maturity,19003,3016.0,St3B_H120,13809.09090909091,13094.787282065638
lidar_only,agt_maturity,19004,4016.0,LRPBSPITFIRE,15345.454545454542,13261.994102445324
lidar_only,agt_maturity,19005,5016.0,SpB_H164,13954.545454545452,13508.860539725049
lidar_only,agt_maturity,19008,8016.0,St3B_H329,15009.090909090908,12685.824250740427
lidar_only,agt_maturity,19010,10016.0,SHOTGUN,10590.909090909088,12347.001847849988
lidar_only,agt_maturity,19013,13016.0,SpB_H053,13718.181818181818,13359.08014045802
lidar_only,agt_maturity,19017,17016.0,St3B_H341,12454.545454545452,13176.200910178399
lidar_only,agt_maturity,19019,19016.0,SUNMASTER,12299.999999999998,12727.793633302672
lidar_only,agt_maturity,19020,20016.0,SpB_H022,10427.27272727273,12720.121593003316
lidar_only,agt_maturity,19021,21016.0,SpB_H152,15454.545454545452,11962.892956152938
lidar_only,agt_maturity,19022,22016.0,SpB_H169,11527.272727272724,12832.335040390106
lidar_only,agt_maturity,20010,10015.0,SpB_H010,9900.0,12635.385265613084
lidar_only,agt_maturity,20012,12015.0,SpB_H152,12799.999999999998,12556.521067289976
lidar_only,agt_maturity,20016,16015.0,SpB_H001,11454.545454545452,12769.025574448882
lidar_only,agt_maturity,20018,18015.0,LRPBSPITFIRE,13809.09090909091,13409.876178847288
lidar_only,agt_maturity,20021,21015.0,St3B_H120,11936.363636363636,12127.085496505113
lidar_only,agt_maturity,20024,24015.0,St3B_H329,12327.272727272728,12034.891538976155
lidar_only,agt_maturity,21001,1014.0,SUNTOP,14445.454545454544,13123.863828354859
lidar_only,agt_maturity,21009,9014.0,SpB_H156,11618.181818181818,12556.227653554295
lidar_only,agt_maturity,21010,10014.0,SUNMASTER,13663.636363636362,12473.704142502806
lidar_only,agt_maturity,21013,13014.0,St3B_H164,14609.09090909091,13149.564504471999
lidar_only,agt_maturity,21016,16014.0,St3B_H026,10809.09090909091,12908.942363278251
lidar_only,agt_maturity,21017,17014.0,St3B_H029,14827.272727272728,13070.641635150983
lidar_only,agt_maturity,21018,18014.0,SpB_H074,11900.0,13302.495030770353
lidar_only,agt_maturity,21019,19014.0,SpB_H120,11154.545454545456,12683.948321644884
lidar_only,agt_maturity,21021,21014.0,SpB_H047,12036.363636363638,12035.115935435653
lidar_only,agt_maturity,21023,23014.0,SpB_H087,7499.999999999998,12719.279440503344
lidar_only,agt_maturity,22004,4013.0,SpB_H120,14854.545454545456,13101.934806661535
lidar_only,agt_maturity,22006,6013.0,SpB_H010,9190.90909090909,12812.05952194294
lidar_only,agt_maturity,22009,9013.0,St3B_H017,9499.999999999998,13457.341479412626
lidar_only,agt_maturity,22014,14013.0,SpB_H116,12727.272727272724,12435.290507565549
lidar_only,agt_maturity,22016,16013.0,St3B_H029,14281.81818181818,13138.785384339291
lidar_only,agt_maturity,22017,17013.0,SUNDANCER,12063.636363636364,12978.228824316875
lidar_only,agt_maturity,22018,18013.0,SpB_H156,10954.545454545452,12556.046019915786
lidar_only,agt_maturity,23001,1012.0,St3B_H040,15472.727272727272,13559.258220087482
lidar_only,agt_maturity,23004,4012.0,SpB_H106,16509.090909090908,13388.098205187876
lidar_only,agt_maturity,23013,13012.0,IRONBARK,12836.363636363638,12614.581263031383
lidar_only,agt_maturity,23014,14012.0,SpB_H166,14772.72727272727,11147.830106827107
lidar_only,agt_maturity,23018,18012.0,SpB_H102,13900.0,12090.375863222156
lidar_only,agt_maturity,24005,5011.0,St3B_H136,15590.909090909088,12596.10895159994
lidar_only,agt_maturity,24006,6011.0,SpB_H085,11654.545454545456,13488.335158783982
lidar_only,agt_maturity,24007,7011.0,B3B,8772.72727272727,12335.184505218509
lidar_only,agt_maturity,24013,13011.0,St3B_H028,13890.90909090909,12797.926691946315
lidar_only,agt_maturity,24017,17011.0,SpB_H008,13709.090909090908,13051.147624978676
lidar_only,agt_maturity,24020,20011.0,St3B_H041,15472.727272727276,12572.147493756966
lidar_only,agt_maturity,24021,21011.0,LEVERAGE,13872.727272727272,13232.684067558674
lidar_only,agt_maturity,24024,24011.0,SpB_H119,16581.818181818184,12952.609913169783
lidar_only,agt_maturity,25007,7010.0,SpB_H048,11418.181818181818,12953.694448414037
lidar_only,agt_maturity,25010,10010.0,SpB_H065,10309.09090909091,12735.561032596224
lidar_only,agt_maturity,25014,14010.0,SpB_H094,11372.727272727272,12527.427972858166
lidar_only,agt_maturity,25017,17010.0,St3B_H097,11472.727272727276,11848.329953031474
lidar_only,agt_maturity,25018,18010.0,SpB_H049,12945.454545454544,12672.268653974292
lidar_only,agt_maturity,25020,20010.0,SpB_H116,12454.545454545452,12421.290443178092
lidar_only,agt_maturity,25021,21010.0,SpB_H008,12036.363636363638,13404.79717270667
lidar_only,agt_maturity,26006,6009.0,St3B_H041,10563.636363636364,12853.16222831608
lidar_only,agt_maturity,26009,9009.0,SpB_H094,11872.727272727272,12895.21922136831
lidar_only,agt_maturity,26011,11009.0,SpB_H050,10672.727272727272,13058.262824055688
lidar_only,agt_maturity,26013,13009.0,St3B_H026,14045.454545454542,12871.380602021249
lidar_only,agt_maturity,26016,16009.0,SpB_H074,13072.72727272727,13080.705574162273
lidar_only,agt_maturity,27005,5008.0,LEVERAGE,14763.636363636364,13480.062912169436
lidar_only,agt_maturity,27006,6008.0,SpB_H169,11845.454545454542,12543.860080297847
lidar_only,agt_maturity,27009,9008.0,St3B_H119,11936.363636363636,12112.745328645753
lidar_only,agt_maturity,27015,15008.0,St3B_H059,14672.727272727272,12845.127701613215
lidar_only,agt_maturity,27023,23008.0,St3B_H049,14736.363636363636,12473.704142502806
lidar_only,agt_maturity,28003,3007.0,St3B_H040,16145.454545454544,13678.853697980947
lidar_only,agt_maturity,28005,5007.0,St3B_H036,13427.27272727273,13628.196804196179
lidar_only,agt_maturity,28008,8007.0,St3B_H100,12145.454545454544,12243.356391252144
lidar_only,agt_maturity,28010,10007.0,SpB_H126,11936.363636363636,12263.458969246762
lidar_only,agt_maturity,28015,15007.0,SpB_H173,10254.545454545452,12914.649094736058
lidar_only,agt_maturity,28016,16007.0,SpB_H148,12609.09090909091,13251.392191848441
lidar_only,agt_maturity,28018,18007.0,SUNTOP,11981.81818181818,13038.09652981152
lidar_only,agt_maturity,29005,5006.0,SpB_H048,12072.72727272727,13618.411656871202
lidar_only,agt_maturity,29007,7006.0,St3B_H028,12509.090909090908,12920.282431096466
lidar_only,agt_maturity,29010,10006.0,St3B_H036,13763.636363636364,12547.964620184852
lidar_only,agt_maturity,29014,14006.0,SpB_H001,7681.818181818179,12162.37752012549
lidar_only,agt_maturity,29016,16006.0,St3B_H164,10763.636363636364,12773.098405452063
lidar_only,agt_maturity,29017,17006.0,SpB_H022,14072.72727272727,12558.547888081252
lidar_only,agt_maturity,29019,19006.0,St3B_H077,11672.727272727272,13469.794809654732
lidar_only,agt_maturity,29022,22006.0,SpB_H028,10518.18181818182,11806.682219245193
lidar_only,agt_maturity,30003,3005.0,St3B_H119,11718.181818181818,12288.849233822497
lidar_only,agt_maturity,30004,4005.0,SpB_H126,11799.999999999998,12702.957468185083
lidar_only,agt_maturity,30015,15005.0,B3B,10418.181818181818,12758.984659560088
lidar_only,agt_maturity,30017,17005.0,SpB_H065,11890.90909090909,12587.099012670582
lidar_only,agt_maturity,30021,21005.0,SpB_H166,13127.272727272728,11945.42731060159
lidar_only,agt_maturity,30023,23005.0,St3B_H077,14036.363636363638,13617.944482385188
lidar_only,agt_maturity,31003,3004.0,SpB_H032,11700.000000000002,12983.634240927902
lidar_only,agt_maturity,31004,4004.0,B3B,15190.90909090909,12013.55088223963
lidar_only,agt_maturity,31007,7004.0,BETHLEHEM,12718.181818181818,12992.44210675876
lidar_only,agt_maturity,31009,9004.0,SpB_H087,12709.090909090908,12498.329526134145
lidar_only,agt_maturity,31010,10004.0,SpB_H110,11836.363636363638,13256.026313981181
lidar_only,agt_maturity,31011,11004.0,SpB_H047,12972.727272727276,11811.172216858398
lidar_only,agt_maturity,31019,19004.0,SUNDANCER,12809.09090909091,12974.650643416717
lidar_only,agt_maturity,31021,21004.0,BETHLEHEM,14754.545454545452,12738.416385836816
lidar_only,agt_maturity,31022,22004.0,SHOTGUN,18200.000000000004,12847.622489445448
lidar_only,agt_maturity,32006,6003.0,SHOTGUN,16999.999999999996,12139.450849453498
lidar_only,agt_maturity,32007,7003.0,St3B_H136,15354.545454545456,12505.34426265136
lidar_only,agt_maturity,32008,8003.0,St3B_H097,10100.0,11464.498618794949
lidar_only,agt_maturity,32018,18003.0,St3B_H059,14672.727272727272,13099.760204070863
lidar_only,agt_maturity,32020,20003.0,SpB_H053,14418.181818181818,13107.367200819033
lidar_only,agt_maturity,32021,21003.0,SpB_H032,10127.272727272728,12582.982354619164
lidar_only,agt_maturity,32023,23003.0,SpB_H148,8627.272727272728,12774.074649813203
lidar_only,agt_maturity,33005,5002.0,BETHLEHEM,12400.0,13086.005926148697
lidar_only,agt_maturity,33009,9002.0,St3B_H049,11236.363636363636,12734.490785764527
lidar_only,agt_maturity,33014,14002.0,SpB_H028,11272.72727272727,12273.023316883213
lidar_only,agt_maturity,33017,17002.0,SUNMASTER,14872.727272727272,12605.57213776203
lidar_only,agt_maturity,33019,19002.0,IRONBARK,11409.090909090904,12825.95662895654
lidar_only,agt_maturity,33021,21002.0,St3B_H341,10809.09090909091,12767.88199779036
lidar_only,agt_maturity,33022,22002.0,St3B_H342,11781.81818181818,11093.591728291269
lidar_only,agt_maturity,34002,2001.0,SpB_H085,15036.363636363638,13429.080098735058
lidar_only,agt_maturity,34003,3001.0,St3B_H342,14018.18181818182,12162.16791519385
lidar_only,agt_maturity,34004,4001.0,BETHLEHEM,11518.18181818182,12809.133255222343
lidar_only,agt_maturity,34009,9001.0,LRPBSPITFIRE,13954.545454545452,12858.931374422798
lidar_only,agt_maturity,34014,14001.0,SUNMASTER,11536.363636363638,12558.547888081252
lidar_only,agt_maturity,34018,18001.0,SpB_H110,10463.636363636362,13546.94718781086
lidar_only,agt_maturity,34020,20001.0,SpB_H102,10872.727272727272,11976.781530464103
lidar_only,agt_maturity,34021,21001.0,SpB_H106,14672.727272727272,13237.111179913829
lidar_only,agt_maturity,34023,23001.0,St3B_H100,11454.545454545452,12014.929501438557
lidar_only,agt_maturity,34024,24001.0,B3B,11881.818181818182,12345.194115202416
vnir_only,muresk_anthesis,1,1001.0,Scepter,6613.636363636364,9594.72121704705
vnir_only,muresk_anthesis,2,1002.0,Ironbark,6140.90909090909,9693.507071978493
vnir_only,muresk_anthesis,3,1003.0,Calibre,6859.090909090909,9292.20478119999
vnir_only,muresk_anthesis,4,1004.0,Nyala,8554.545454545454,9886.245686072785
vnir_only,muresk_anthesis,5,1005.0,Magenta,9804.545454545454,9222.473909312013
vnir_only,muresk_anthesis,6,1006.0,Shotgun,6654.545454545455,9259.047329347368
vnir_only,muresk_anthesis,7,1007.0,Bullaring,6950.0,9136.488480300452
vnir_only,muresk_anthesis,8,1008.0,Sunmaster,9413.636363636364,9309.340825141673
vnir_only,muresk_anthesis,9,1009.0,Scepter,9822.727272727272,9197.962144693953
vnir_only,muresk_anthesis,10,1010.0,Magenta,10427.272727272728,9220.13571748889
vnir_only,muresk_anthesis,11,1011.0,Shotgun,10404.545454545456,9706.315799443984
vnir_only,muresk_anthesis,12,1012.0,Sunmaster,8504.545454545454,9220.403787045449
vnir_only,muresk_anthesis,13,1013.0,Ironbark,8986.363636363636,9292.419525416693
vnir_only,muresk_anthesis,14,1014.0,Bullaring,7545.454545454545,9277.16958988082
vnir_only,muresk_anthesis,15,1015.0,Nyala,7590.909090909091,9300.53571380898
vnir_only,muresk_anthesis,16,1016.0,Calibre,10836.363636363638,9300.359401232228
vnir_only,muresk_anthesis,17,1017.0,Scepter,10909.09090909091,9222.383739256818
vnir_only,muresk_anthesis,18,1018.0,Nyala,8118.181818181818,9862.53157733363
vnir_only,muresk_anthesis,19,1019.0,Shotgun,8881.818181818182,9985.973263503476
vnir_only,muresk_anthesis,20,1020.0,Magenta,9454.545454545456,9300.427931779413
vnir_only,muresk_anthesis,21,1021.0,Bullaring,8822.727272727272,9768.664312158653
vnir_only,muresk_anthesis,22,1022.0,Ironbark,9904.545454545456,9285.008803074623
vnir_only,muresk_anthesis,23,1023.0,Sunmaster,10109.090909090908,9911.630738567981
vnir_only,muresk_anthesis,24,1024.0,Calibre,9231.818181818182,9198.745281540942
vnir_only,muresk_anthesis,25,1025.0,Nyala,10204.545454545456,9130.789393445899
vnir_only,muresk_anthesis,26,1026.0,Sunmaster,6595.454545454545,9154.688699692493
vnir_only,muresk_anthesis,27,1027.0,Ironbark,10686.363636363636,9266.680779219592
vnir_only,muresk_anthesis,28,1028.0,Calibre,10227.272727272728,9732.802156809423
vnir_only,muresk_anthesis,29,1029.0,Shotgun,8836.363636363636,9292.405150135044
vnir_only,muresk_anthesis,30,1030.0,Bullaring,9677.272727272728,9133.420786650633
vnir_only,muresk_anthesis,31,1031.0,Magenta,10650.0,8487.237531456316
vnir_only,muresk_anthesis,32,1032.0,Scepter,11245.454545454544,9279.124900472847
vnir_only,muresk_anthesis,33,2001.0,Magenta,9604.545454545456,9197.738724506195
vnir_only,muresk_anthesis,34,2002.0,Shotgun,6631.818181818182,9465.651991017701
vnir_only,muresk_anthesis,35,2003.0,Bullaring,8150.0,9167.051095370343
vnir_only,muresk_anthesis,36,2004.0,Sunmaster,6350.0,9288.57499316575
vnir_only,muresk_anthesis,37,2005.0,Nyala,8109.090909090909,9291.281992384122
vnir_only,muresk_anthesis,38,2006.0,Ironbark,7150.0,9987.772227806749
vnir_only,muresk_anthesis,39,2007.0,Calibre,7900.0,9222.752935213472
vnir_only,muresk_anthesis,40,2008.0,Scepter,6895.454545454545,9280.427998153215
vnir_only,muresk_anthesis,41,2009.0,Calibre,6945.454545454546,9221.648895563578
vnir_only,muresk_anthesis,42,2010.0,Bullaring,9504.545454545454,9258.522834161044
vnir_only,muresk_anthesis,43,2011.0,Nyala,7990.909090909091,7777.2784129896445
vnir_only,muresk_anthesis,44,2012.0,Ironbark,6281.818181818181,9251.34772969641
vnir_only,muresk_anthesis,45,2013.0,Sunmaster,5740.909090909091,7810.133980032414
vnir_only,muresk_anthesis,46,2014.0,Shotgun,7290.909090909091,9258.047742177936
vnir_only,muresk_anthesis,47,2015.0,Magenta,8636.363636363636,7799.809884375703
vnir_only,muresk_anthesis,48,2016.0,Scepter,9427.272727272728,9292.373751570896
vnir_only,muresk_anthesis,49,2017.0,Ironbark,10895.454545454544,9153.262774144632
vnir_only,muresk_anthesis,50,2018.0,Bullaring,8613.636363636364,9299.698227287683
vnir_only,muresk_anthesis,51,2019.0,Calibre,9559.09090909091,9626.148881364363
vnir_only,muresk_anthesis,52,2020.0,Sunmaster,8309.09090909091,9258.31031809986
vnir_only,muresk_anthesis,53,2021.0,Scepter,9859.090909090908,9222.968514941233
vnir_only,muresk_anthesis,54,2022.0,Nyala,6422.727272727274,9199.221949190623
vnir_only,muresk_anthesis,55,2023.0,Magenta,10272.727272727272,9199.657132059088
vnir_only,muresk_anthesis,56,2024.0,Shotgun,8822.727272727272,9466.972354790438
vnir_only,muresk_anthesis,57,2025.0,Scepter,8404.545454545456,9292.822420645301
vnir_only,muresk_anthesis,58,2026.0,Bullaring,8263.636363636364,8267.55592217405
vnir_only,muresk_anthesis,59,2027.0,Magenta,9109.090909090908,9221.487092650641
vnir_only,muresk_anthesis,60,2028.0,Shotgun,10418.181818181818,9458.430086111714
vnir_only,muresk_anthesis,61,2029.0,Nyala,6877.272727272728,9292.616620336654
vnir_only,muresk_anthesis,62,2030.0,Sunmaster,9954.545454545456,9258.52603795808
vnir_only,muresk_anthesis,63,2031.0,Calibre,10545.454545454544,8253.97407347649
vnir_only,muresk_anthesis,64,2032.0,Ironbark,11895.454545454544,9936.082883925996
vnir_only,muresk_anthesis,65,3001.0,Nyala,10195.454545454544,9222.86588709841
vnir_only,muresk_anthesis,66,3002.0,Bullaring,6545.454545454545,9758.292093541753
vnir_only,muresk_anthesis,67,3003.0,Shotgun,11363.636363636362,9300.260581829481
vnir_only,muresk_anthesis,68,3004.0,Scepter,7500.0,9221.395117782446
vnir_only,muresk_anthesis,69,3005.0,Sunmaster,13609.090909090908,7782.268815606588
vnir_only,muresk_anthesis,70,3006.0,Calibre,10118.181818181818,9154.74932415192
vnir_only,muresk_anthesis,71,3007.0,Ironbark,6881.818181818182,9199.151542881613
vnir_only,muresk_anthesis,72,3008.0,Magenta,6554.545454545454,9222.642300026795
vnir_only,muresk_anthesis,73,3009.0,Shotgun,7095.454545454545,9301.015573554061
vnir_only,muresk_anthesis,74,3010.0,Ironbark,10213.636363636362,9300.406855111687
vnir_only,muresk_anthesis,75,3011.0,Scepter,7877.272727272726,9958.893856457107
vnir_only,muresk_anthesis,76,3012.0,Magenta,7095.454545454545,9299.95542202586
vnir_only,muresk_anthesis,77,3013.0,Calibre,9286.363636363636,9688.97763165401
vnir_only,muresk_anthesis,78,3014.0,Nyala,7081.818181818182,9198.810067444265
vnir_only,muresk_anthesis,79,3015.0,Bullaring,8450.0,9299.839696133437
vnir_only,muresk_anthesis,80,3016.0,Sunmaster,10895.454545454544,9154.81442135453
vnir_only,muresk_anthesis,81,3017.0,Magenta,10163.636363636364,9798.353025808648
vnir_only,muresk_anthesis,82,3018.0,Calibre,7618.181818181818,9254.11646419481
vnir_only,muresk_anthesis,83,3019.0,Nyala,8595.454545454544,9257.757158463235
vnir_only,muresk_anthesis,84,3020.0,Bullaring,8459.090909090908,9299.603453198728
vnir_only,muresk_anthesis,85,3021.0,Sunmaster,12390.909090909092,9258.791140299425
vnir_only,muresk_anthesis,86,3022.0,Shotgun,8963.636363636362,9771.153807556513
vnir_only,muresk_anthesis,87,3023.0,Ironbark,9372.727272727272,9259.339210059588
vnir_only,muresk_anthesis,88,3024.0,Scepter,7700.0,9784.251082420717
vnir_only,muresk_anthesis,89,3025.0,Shotgun,8322.727272727274,9300.177034188078
vnir_only,muresk_anthesis,90,3026.0,Ironbark,9822.727272727272,9971.748755417335
vnir_only,muresk_anthesis,91,3027.0,Bullaring,9631.818181818182,9259.301138140554
vnir_only,muresk_anthesis,92,3028.0,Scepter,13031.81818181818,9292.464795089278
vnir_only,muresk_anthesis,93,3029.0,Calibre,10090.909090909092,9129.410179121069
vnir_only,muresk_anthesis,94,3030.0,Magenta,12122.727272727272,9136.595974245414
vnir_only,muresk_anthesis,95,3031.0,Sunmaster,9831.818181818182,9292.692912198865
vnir_only,muresk_anthesis,96,3032.0,Nyala,9777.272727272728,9198.714449103649
vnir_only,muresk_anthesis,97,4001.0,Sunmaster,8336.363636363636,9292.348784113676
vnir_only,muresk_anthesis,98,4002.0,Calibre,5454.545454545455,9686.194262914325
vnir_only,muresk_anthesis,99,4003.0,Ironbark,4681.818181818182,9126.148816924278
vnir_only,muresk_anthesis,100,4004.0,Magenta,9281.818181818182,9199.087441152247
vnir_only,muresk_anthesis,101,4005.0,Scepter,8036.363636363638,9198.557479896754
vnir_only,muresk_anthesis,102,4006.0,Bullaring,7422.727272727274,9787.41757314498
vnir_only,muresk_anthesis,103,4007.0,Nyala,5863.636363636364,9299.25831205039
vnir_only,muresk_anthesis,104,4008.0,Shotgun,7095.454545454545,9292.432765827358
vnir_only,muresk_anthesis,105,4009.0,Sunmaster,9909.090909090908,9258.195361696033
vnir_only,muresk_anthesis,106,4010.0,Nyala,10045.454545454544,9396.994001190398
vnir_only,muresk_anthesis,107,4011.0,Bullaring,7750.0,9258.507317747917
vnir_only,muresk_anthesis,108,4012.0,Calibre,10386.363636363638,9157.561845864286
vnir_only,muresk_anthesis,109,4013.0,Magenta,9913.636363636364,9271.70358027214
vnir_only,muresk_anthesis,110,4014.0,Scepter,13109.090909090908,9198.740038771028
vnir_only,muresk_anthesis,111,4015.0,Shotgun,10163.636363636364,9752.662085026242
vnir_only,muresk_anthesis,112,4016.0,Ironbark,10304.545454545456,9223.02802709759
vnir_only,muresk_anthesis,113,4017.0,Sunmaster,11159.09090909091,9258.8865036141
vnir_only,muresk_anthesis,114,4018.0,Shotgun,9663.636363636364,9292.75495496844
vnir_only,muresk_anthesis,115,4019.0,Ironbark,11618.181818181818,9198.589123175385
vnir_only,muresk_anthesis,116,4020.0,Scepter,11386.363636363638,9292.562648951254
vnir_only,muresk_anthesis,117,4021.0,Calibre,12072.727272727276,9300.538237993247
vnir_only,muresk_anthesis,118,4022.0,Magenta,9795.454545454544,9259.093692909517
vnir_only,muresk_anthesis,119,4023.0,Nyala,12677.272727272724,9748.860598929763
vnir_only,muresk_anthesis,120,4024.0,Bullaring,9086.363636363636,9292.357484886601
vnir_only,muresk_anthesis,121,4025.0,Calibre,10995.454545454544,9222.820142982764
vnir_only,muresk_anthesis,122,4026.0,Magenta,9331.818181818182,9262.913327305567
vnir_only,muresk_anthesis,123,4027.0,Sunmaster,10927.272727272728,9141.162348923921
vnir_only,muresk_anthesis,124,4028.0,Nyala,14354.545454545456,9199.243795229391
vnir_only,muresk_anthesis,125,4029.0,Scepter,10854.545454545456,9922.40302150317
vnir_only,muresk_anthesis,126,4030.0,Ironbark,15663.636363636364,9144.87283594363
vnir_only,muresk_anthesis,127,4031.0,Bullaring,10786.363636363638,8181.3180889746745
vnir_only,muresk_anthesis,128,4032.0,Shotgun,10454.545454545456,9922.142009791729
vnir_only,muresk_maturity,1,1001.0,Scepter,10348.484848484844,9614.809234985223
vnir_only,muresk_maturity,2,1002.0,Ironbark,8412.12121212121,9688.852594607659
vnir_only,muresk_maturity,3,1003.0,Calibre,9824.242424242424,9578.55570850435
vnir_only,muresk_maturity,4,1004.0,Nyala,9421.21212121212,9688.813676991917
vnir_only,muresk_maturity,5,1005.0,Magenta,10206.060606060606,9578.546024853527
vnir_only,muresk_maturity,6,1006.0,Shotgun,8293.939393939394,9645.968054588457
vnir_only,muresk_maturity,7,1007.0,Bullaring,7833.333333333332,9688.82044811991
vnir_only,muresk_maturity,8,1008.0,Sunmaster,8990.90909090909,9669.480916428354
vnir_only,muresk_maturity,9,1009.0,Scepter,10266.666666666668,9585.266882163876
vnir_only,muresk_maturity,10,1010.0,Magenta,8766.666666666666,9689.0490257701
vnir_only,muresk_maturity,11,1011.0,Shotgun,8812.121212121212,9578.49741177454
vnir_only,muresk_maturity,12,1012.0,Sunmaster,9430.30303030303,9614.81314920362
vnir_only,muresk_maturity,13,1013.0,Ironbark,10787.878787878784,9645.970999765734
vnir_only,muresk_maturity,14,1014.0,Bullaring,9699.999999999998,9008.084246095019
vnir_only,muresk_maturity,15,1015.0,Nyala,9848.484848484846,9584.74374272491
vnir_only,muresk_maturity,16,1016.0,Calibre,12727.272727272724,8201.664464215566
vnir_only,muresk_maturity,17,1017.0,Scepter,10163.636363636364,9732.022878907024
vnir_only,muresk_maturity,18,1018.0,Nyala,9609.090909090908,9593.762852971267
vnir_only,muresk_maturity,19,1019.0,Shotgun,8151.515151515151,9578.473300298814
vnir_only,muresk_maturity,20,1020.0,Magenta,9763.636363636362,9945.763426863343
vnir_only,muresk_maturity,21,1021.0,Bullaring,7539.39393939394,9614.816998186589
vnir_only,muresk_maturity,22,1022.0,Ironbark,9369.696969696968,9593.88145526238
vnir_only,muresk_maturity,23,1023.0,Sunmaster,8745.454545454544,9851.77893968048
vnir_only,muresk_maturity,24,1024.0,Calibre,10218.181818181818,9645.534141628223
vnir_only,muresk_maturity,25,1025.0,Nyala,7830.303030303029,9975.85178693689
vnir_only,muresk_maturity,26,1026.0,Sunmaster,10954.545454545452,9593.664040546504
vnir_only,muresk_maturity,27,1027.0,Ironbark,9924.242424242422,9688.78041307263
vnir_only,muresk_maturity,28,1028.0,Calibre,8969.696969696968,9646.375217516594
vnir_only,muresk_maturity,29,1029.0,Shotgun,10860.60606060606,9584.714282837469
vnir_only,muresk_maturity,30,1030.0,Bullaring,8609.090909090908,9583.079108447699
vnir_only,muresk_maturity,31,1031.0,Magenta,10863.63636363636,9587.719072343414
vnir_only,muresk_maturity,32,1032.0,Scepter,9003.030303030302,9645.294352553536
vnir_only,muresk_maturity,33,2001.0,Magenta,8303.030303030302,9647.542543712792
vnir_only,muresk_maturity,34,2002.0,Shotgun,9436.363636363636,9584.82620487807
vnir_only,muresk_maturity,35,2003.0,Bullaring,8615.151515151516,9805.968907023145
vnir_only,muresk_maturity,36,2004.0,Sunmaster,11139.393939393938,9645.4701362101
vnir_only,muresk_maturity,37,2005.0,Nyala,11315.151515151516,9584.753107476303
vnir_only,muresk_maturity,38,2006.0,Ironbark,10281.818181818182,9860.938393963355
vnir_only,muresk_maturity,39,2007.0,Calibre,9978.787878787878,9673.015335475784
vnir_only,muresk_maturity,40,2008.0,Scepter,9318.181818181818,9688.881782922055
vnir_only,muresk_maturity,41,2009.0,Calibre,9500.0,9688.956134633701
vnir_only,muresk_maturity,42,2010.0,Bullaring,7963.636363636364,9614.76774436823
vnir_only,muresk_maturity,43,2011.0,Nyala,9493.939393939394,9927.562525310279
vnir_only,muresk_maturity,44,2012.0,Ironbark,10093.939393939392,9584.747254505615
vnir_only,muresk_maturity,45,2013.0,Sunmaster,8545.454545454544,9578.431446560548
vnir_only,muresk_maturity,46,2014.0,Shotgun,9124.242424242422,9585.462253841744
vnir_only,muresk_maturity,47,2015.0,Magenta,9557.575757575756,9688.958304055599
vnir_only,muresk_maturity,48,2016.0,Scepter,10233.333333333332,9589.755972758572
vnir_only,muresk_maturity,49,2017.0,Ironbark,8833.333333333332,10002.683666324472
vnir_only,muresk_maturity,50,2018.0,Bullaring,8718.181818181818,8764.913372614066
vnir_only,muresk_maturity,51,2019.0,Calibre,8669.696969696968,9688.969085432263
vnir_only,muresk_maturity,52,2020.0,Sunmaster,10863.63636363636,9736.96301524261
vnir_only,muresk_maturity,53,2021.0,Scepter,10693.939393939396,9578.437165694126
vnir_only,muresk_maturity,54,2022.0,Nyala,6521.21212121212,9584.76455329601
vnir_only,muresk_maturity,55,2023.0,Magenta,9800.000000000002,9614.819346719332
vnir_only,muresk_maturity,56,2024.0,Shotgun,9957.575757575756,9593.676798878778
vnir_only,muresk_maturity,57,2025.0,Scepter,10645.454545454544,9578.454128144458
vnir_only,muresk_maturity,58,2026.0,Bullaring,9100.0,9584.716624017268
vnir_only,muresk_maturity,59,2027.0,Magenta,11066.666666666664,8224.3897646431
vnir_only,muresk_maturity,60,2028.0,Shotgun,10221.212121212122,9688.791917379627
vnir_only,muresk_maturity,61,2029.0,Nyala,7896.969696969695,9645.14062628542
vnir_only,muresk_maturity,62,2030.0,Sunmaster,10778.787878787878,9614.79410002243
vnir_only,muresk_maturity,63,2031.0,Calibre,10757.575757575756,9593.871040073798
vnir_only,muresk_maturity,64,2032.0,Ironbark,9718.181818181818,9645.165298237473
vnir_only,muresk_maturity,65,3001.0,Nyala,8169.696969696969,9578.551484091717
vnir_only,muresk_maturity,66,3002.0,Bullaring,7503.030303030301,9589.134082802895
vnir_only,muresk_maturity,67,3003.0,Shotgun,8730.303030303028,9794.553201603801
vnir_only,muresk_maturity,68,3004.0,Scepter,9324.242424242424,9775.010512830655
vnir_only,muresk_maturity,69,3005.0,Sunmaster,8463.636363636364,9593.816751086464
vnir_only,muresk_maturity,70,3006.0,Calibre,7336.363636363635,9614.79077294329
vnir_only,muresk_maturity,71,3007.0,Ironbark,6712.121212121211,9773.010719202624
vnir_only,muresk_maturity,72,3008.0,Magenta,6866.666666666665,9587.011059982166
vnir_only,muresk_maturity,73,3009.0,Shotgun,9857.575757575758,9688.810061342989
vnir_only,muresk_maturity,74,3010.0,Ironbark,9627.272727272726,9582.20805273208
vnir_only,muresk_maturity,75,3011.0,Scepter,9357.575757575758,9584.749790792474
vnir_only,muresk_maturity,76,3012.0,Magenta,8057.575757575756,9689.044686886145
vnir_only,muresk_maturity,77,3013.0,Calibre,9309.090909090908,9975.680338121605
vnir_only,muresk_maturity,78,3014.0,Nyala,6409.090909090909,9645.9434460312
vnir_only,muresk_maturity,79,3015.0,Bullaring,8051.515151515151,9822.806431647208
vnir_only,muresk_maturity,80,3016.0,Sunmaster,10872.727272727272,9578.432811353487
vnir_only,muresk_maturity,81,3017.0,Magenta,9469.696969696968,9594.06762866547
vnir_only,muresk_maturity,82,3018.0,Calibre,11787.878787878784,9614.794948101604
vnir_only,muresk_maturity,83,3019.0,Nyala,7081.818181818181,9590.913453909909
vnir_only,muresk_maturity,84,3020.0,Bullaring,10675.757575757576,9578.375945146228
vnir_only,muresk_maturity,85,3021.0,Sunmaster,11227.272727272724,9792.502268739028
vnir_only,muresk_maturity,86,3022.0,Shotgun,12130.30303030303,9719.724883681736
vnir_only,muresk_maturity,87,3023.0,Ironbark,10536.363636363636,9584.782827616007
vnir_only,muresk_maturity,88,3024.0,Scepter,7996.969696969696,9688.83418760775
vnir_only,muresk_maturity,89,3025.0,Shotgun,11015.151515151512,9784.434643178132
vnir_only,muresk_maturity,90,3026.0,Ironbark,11330.30303030303,9593.826775648527
vnir_only,muresk_maturity,91,3027.0,Bullaring,8921.21212121212,9578.311540512337
vnir_only,muresk_maturity,92,3028.0,Scepter,11363.63636363636,9862.957819269697
vnir_only,muresk_maturity,93,3029.0,Calibre,10630.30303030303,9979.273358480927
vnir_only,muresk_maturity,94,3030.0,Magenta,12754.545454545456,9973.176695393719
vnir_only,muresk_maturity,95,3031.0,Sunmaster,11233.333333333332,9644.343304655858
vnir_only,muresk_maturity,96,3032.0,Nyala,7903.030303030302,9717.488816517332
vnir_only,muresk_maturity,97,4001.0,Sunmaster,7403.030303030302,9593.787718972293
vnir_only,muresk_maturity,98,4002.0,Calibre,5566.666666666666,9584.777169726734
vnir_only,muresk_maturity,99,4003.0,Ironbark,9281.818181818182,9927.549558709974
vnir_only,muresk_maturity,100,4004.0,Magenta,10490.90909090909,9593.93157851551
vnir_only,muresk_maturity,101,4005.0,Scepter,10827.272727272728,9614.80629932248
vnir_only,muresk_maturity,102,4006.0,Bullaring,6724.242424242424,10049.18354539177
vnir_only,muresk_maturity,103,4007.0,Nyala,7151.515151515151,9645.148283091372
vnir_only,muresk_maturity,104,4008.0,Shotgun,11384.848484848484,9584.733597587889
vnir_only,muresk_maturity,105,4009.0,Sunmaster,9636.363636363636,10199.889416526003
vnir_only,muresk_maturity,106,4010.0,Nyala,9393.939393939394,9614.797688050243
vnir_only,muresk_maturity,107,4011.0,Bullaring,8775.757575757574,9584.754668269095
vnir_only,muresk_maturity,108,4012.0,Calibre,8084.848484848485,9593.908925376456
vnir_only,muresk_maturity,109,4013.0,Magenta,9972.727272727272,9578.505535600787
vnir_only,muresk_maturity,110,4014.0,Scepter,8509.090909090908,9775.45883974054
vnir_only,muresk_maturity,111,4015.0,Shotgun,11778.787878787878,9872.491122634823
vnir_only,muresk_maturity,112,4016.0,Ironbark,9224.242424242422,9780.443288912204
vnir_only,muresk_maturity,113,4017.0,Sunmaster,8584.848484848484,9593.714162663751
vnir_only,muresk_maturity,114,4018.0,Shotgun,10218.181818181818,9449.591546713544
vnir_only,muresk_maturity,115,4019.0,Ironbark,11163.636363636364,9614.787445865286
vnir_only,muresk_maturity,116,4020.0,Scepter,8984.848484848484,9703.703438962184
vnir_only,muresk_maturity,117,4021.0,Calibre,10306.060606060604,9589.936860647542
vnir_only,muresk_maturity,118,4022.0,Magenta,11778.787878787878,10018.022714657434
vnir_only,muresk_maturity,119,4023.0,Nyala,8575.757575757576,9614.815628209411
vnir_only,muresk_maturity,120,4024.0,Bullaring,10509.09090909091,9578.322003798778
vnir_only,muresk_maturity,121,4025.0,Calibre,12303.0303030303,9584.740295978438
vnir_only,muresk_maturity,122,4026.0,Magenta,9693.939393939392,9594.061639814458
vnir_only,muresk_maturity,123,4027.0,Sunmaster,13081.81818181818,9238.668553168212
vnir_only,muresk_maturity,124,4028.0,Nyala,11063.636363636362,9584.680921087509
vnir_only,muresk_maturity,125,4029.0,Scepter,12042.424242424242,9645.332506366132
vnir_only,muresk_maturity,126,4030.0,Ironbark,10666.666666666664,9584.660956119193
vnir_only,muresk_maturity,127,4031.0,Bullaring,9109.090909090908,9934.8150567297
vnir_only,muresk_maturity,128,4032.0,Shotgun,11145.454545454544,9779.166723250837
vnir_only,agt_anthesis,1009,9034.0,St3B_H026,8821.212121,9363.178139082964
vnir_only,agt_anthesis,1013,13034.0,St3B_H120,9457.575758,9411.437593744726
vnir_only,agt_anthesis,1014,14034.0,SpB_H106,8457.575758,9310.714624598706
vnir_only,agt_anthesis,1015,15034.0,St3B_H049,7903.030303,9355.952527192432
vnir_only,agt_anthesis,1021,21034.0,SpB_H126,7100.0,9411.019275355146
vnir_only,agt_anthesis,1023,23034.0,SHOTGUN,9063.636364,9358.780317082077
vnir_only,agt_anthesis,2004,4033.0,SpB_H119,13975.75758,9412.889815619557
vnir_only,agt_anthesis,2005,5033.0,B3B,12021.21212,9313.509594172761
vnir_only,agt_anthesis,2008,8033.0,BETHLEHEM,12275.75758,9313.095628474539
vnir_only,agt_anthesis,2011,11033.0,St3B_H017,11393.93939,9311.427503499659
vnir_only,agt_anthesis,2013,13033.0,St3B_H119,9648.484848,10051.162411922554
vnir_only,agt_anthesis,2015,15033.0,St3B_H040,8266.666667,8832.134665073258
vnir_only,agt_anthesis,3004,4032.0,SpB_H156,8757.575758,9882.089661176758
vnir_only,agt_anthesis,3011,11032.0,SpB_H110,8766.666667,9359.701934923947
vnir_only,agt_anthesis,3019,19032.0,SpB_H085,9903.030303,9926.166944795774
vnir_only,agt_anthesis,3020,20032.0,St3B_H329,10475.75758,9592.59448396435
vnir_only,agt_anthesis,3021,21032.0,SpB_H087,7000.0,9327.598609390328
vnir_only,agt_anthesis,3024,24032.0,SHOTGUN,9363.636364,9359.60756541804
vnir_only,agt_anthesis,4002,2031.0,SpB_H008,8466.666667,9828.112997072509
vnir_only,agt_anthesis,4004,4031.0,SpB_H087,9084.848485,9416.64223436799
vnir_only,agt_anthesis,4007,7031.0,SpB_H053,7530.30303,9313.048173042092
vnir_only,agt_anthesis,4011,11031.0,St3B_H077,10375.75758,9636.358805196161
vnir_only,agt_anthesis,4013,13031.0,St3B_H136,8048.484848,9393.419709924612
vnir_only,agt_anthesis,4015,15031.0,SUNTOP,7603.030303,9825.653423427933
vnir_only,agt_anthesis,4019,19031.0,St3B_H017,11218.18182,9355.86873317006
vnir_only,agt_anthesis,4022,22031.0,SpB_H156,9009.090909,9415.419860673539
vnir_only,agt_anthesis,5001,1030.0,SpB_H173,9766.666667,10051.54892946738
vnir_only,agt_anthesis,5003,3030.0,St3B_H097,10557.57576,10106.056262716267
vnir_only,agt_anthesis,5004,4030.0,SpB_H102,11039.39394,9312.696151012618
vnir_only,agt_anthesis,5009,9030.0,SpB_H106,10012.12121,9345.45073508861
vnir_only,agt_anthesis,5013,13030.0,St3B_H342,7903.030303,8331.341872330127
vnir_only,agt_anthesis,5016,16030.0,SpB_H110,11457.57576,9597.013945637356
vnir_only,agt_anthesis,6002,2029.0,SpB_H022,11703.0303,9410.721719324696
vnir_only,agt_anthesis,6003,3029.0,St3B_H026,14039.39394,8193.369659288841
vnir_only,agt_anthesis,6006,6029.0,St3B_H164,9821.212121,9410.753006962534
vnir_only,agt_anthesis,6008,8029.0,SpB_H119,10993.93939,9306.848125531875
vnir_only,agt_anthesis,6011,11029.0,SUNDANCER,9648.484848,9415.065885567841
vnir_only,agt_anthesis,6016,16029.0,St3B_H136,11475.75758,9312.973799302179
vnir_only,agt_anthesis,6022,22029.0,St3B_H097,8900.0,9410.149365466665
vnir_only,agt_anthesis,6023,23029.0,LEVERAGE,8954.545455,9310.11582070508
vnir_only,agt_anthesis,7004,4028.0,SpB_H148,10993.93939,9410.685195928047
vnir_only,agt_anthesis,7005,5028.0,SpB_H065,11266.66667,9356.167601951689
vnir_only,agt_anthesis,7007,7028.0,SpB_H152,10484.84848,9597.299679855463
vnir_only,agt_anthesis,7013,13028.0,SpB_H048,10057.57576,9346.397104128093
vnir_only,agt_anthesis,7017,17028.0,SpB_H169,7981.818182,8161.00402593774
vnir_only,agt_anthesis,7020,20028.0,SUNMASTER,7193.939394,9410.146939230339
vnir_only,agt_anthesis,7022,22028.0,BETHLEHEM,6809.090909,9415.482786715489
vnir_only,agt_anthesis,7023,23028.0,SpB_H010,8100.0,9413.154356146784
vnir_only,agt_anthesis,8008,8027.0,SpB_H169,9803.030303,9409.125357781615
vnir_only,agt_anthesis,8014,14027.0,SpB_H152,10993.93939,9412.398372448843
vnir_only,agt_anthesis,8015,15027.0,SpB_H094,8848.484848,9359.786906396752
vnir_only,agt_anthesis,8018,18027.0,SpB_H085,9109.090909,9356.751464707115
vnir_only,agt_anthesis,8020,20027.0,SpB_H164,7075.757576,9348.713588740662
vnir_only,agt_anthesis,8021,21027.0,SHOTGUN,8336.363636,9409.027872492397
vnir_only,agt_anthesis,9004,4026.0,SpB_H116,10057.57576,8537.819815145456
vnir_only,agt_anthesis,9006,6026.0,LRPBSPITFIRE,8430.30303,9766.699513838124
vnir_only,agt_anthesis,9012,12026.0,SpB_H053,8130.30303,9442.365430056176
vnir_only,agt_anthesis,9015,15026.0,St3B_H028,11939.39394,9307.876664528854
vnir_only,agt_anthesis,9017,17026.0,St3B_H036,8845.454545,8616.223882894412
vnir_only,agt_anthesis,10001,1025.0,SpB_H102,12930.30303,9408.073438252297
vnir_only,agt_anthesis,10002,2025.0,SUNDANCER,8348.484848,10144.355348049488
vnir_only,agt_anthesis,10004,4025.0,St3B_H028,9784.848485,9435.722042514875
vnir_only,agt_anthesis,10006,6025.0,St3B_H029,10330.30303,9834.772606431417
vnir_only,agt_anthesis,10008,8025.0,SpB_H074,10057.57576,9829.668096461726
vnir_only,agt_anthesis,10009,9025.0,St3B_H041,9657.575758,9359.631761008197
vnir_only,agt_anthesis,10012,12025.0,IRONBARK,6175.757576,9836.093837641096
vnir_only,agt_anthesis,10016,16025.0,SpB_H010,8903.030303,9342.066303377344
vnir_only,agt_anthesis,10018,18025.0,B3B,9930.30303,9816.943171214372
vnir_only,agt_anthesis,10019,19025.0,LRPBSPITFIRE,10930.30303,9343.26805976424
vnir_only,agt_anthesis,10021,21025.0,St3B_H100,8400.0,8435.234079368749
vnir_only,agt_anthesis,11002,2024.0,B3B,9493.939394,9356.05416019187
vnir_only,agt_anthesis,11006,6024.0,SUNMASTER,8766.666667,9980.551227049194
vnir_only,agt_anthesis,11007,7024.0,St3B_H029,11648.48485,9309.874326456697
vnir_only,agt_anthesis,11009,9024.0,SpB_H166,9693.939394,9313.523117404724
vnir_only,agt_anthesis,11011,11024.0,SUNTOP,7975.757576,9143.360592852452
vnir_only,agt_anthesis,11014,14024.0,SpB_H032,7875.757576,9359.238034767894
vnir_only,agt_anthesis,11018,18024.0,SpB_H120,9230.30303,10110.738473169322
vnir_only,agt_anthesis,11020,20024.0,SpB_H050,9939.393939,9314.673864703032
vnir_only,agt_anthesis,12003,3023.0,SpB_H028,10093.93939,9395.277572454108
vnir_only,agt_anthesis,12007,7023.0,SpB_H120,10748.48485,9313.670547184083
vnir_only,agt_anthesis,12008,8023.0,IRONBARK,9930.30303,9313.129371898525
vnir_only,agt_anthesis,12011,11023.0,SpB_H001,7084.848485,9829.27830650186
vnir_only,agt_anthesis,12012,12023.0,SUNMASTER,8912.121212,9412.901311673364
vnir_only,agt_anthesis,12016,16023.0,B3B,10190.90909,9345.919088276392
vnir_only,agt_anthesis,12018,18023.0,BETHLEHEM,7939.393939,9411.022723484466
vnir_only,agt_anthesis,13001,1022.0,SpB_H028,9257.575758,9410.666487319977
vnir_only,agt_anthesis,13002,2022.0,St3B_H077,11212.12121,9344.319961172983
vnir_only,agt_anthesis,13007,7022.0,SpB_H116,9312.121212,9307.265918295732
vnir_only,agt_anthesis,13009,9022.0,SpB_H001,7175.757576,9379.247183861742
vnir_only,agt_anthesis,13011,11022.0,SpB_H074,9803.030303,10116.732278935868
vnir_only,agt_anthesis,13018,18022.0,SpB_H126,9121.212121,9415.502910360807
vnir_only,agt_anthesis,13020,20022.0,SpB_H049,8818.181818,9418.18689560563
vnir_only,agt_anthesis,13024,24022.0,BETHLEHEM,9390.909091,9356.223529816834
vnir_only,agt_anthesis,14001,1021.0,LRPBSPITFIRE,10784.84848,9343.116167682221
vnir_only,agt_anthesis,14004,4021.0,SpB_H049,11057.57576,9314.82453597674
vnir_only,agt_anthesis,14006,6021.0,SpB_H008,9366.666667,9343.46445811181
vnir_only,agt_anthesis,14007,7021.0,LEVERAGE,9312.121212,9307.417353858826
vnir_only,agt_anthesis,14012,12021.0,St3B_H329,10966.66667,8184.853104597007
vnir_only,agt_anthesis,14015,15021.0,SpB_H065,10566.66667,9313.20538983532
vnir_only,agt_anthesis,14016,16021.0,St3B_H119,7966.666667,9345.019054210421
vnir_only,agt_anthesis,14017,17021.0,St3B_H041,9272.727273,9408.643048483178
vnir_only,agt_anthesis,14022,22021.0,St3B_H036,10945.45455,9357.256001750895
vnir_only,agt_anthesis,15002,2020.0,SpB_H047,10493.93939,9564.060895463987
vnir_only,agt_anthesis,15004,4020.0,SpB_H173,11639.39394,9753.722884656856
vnir_only,agt_anthesis,15006,6020.0,SpB_H094,8403.030303,9393.767835967428
vnir_only,agt_anthesis,15007,7020.0,St3B_H059,10003.0303,8293.36303987173
vnir_only,agt_anthesis,15009,9020.0,St3B_H341,6393.939394,9411.079234672716
vnir_only,agt_anthesis,15010,10020.0,St3B_H164,8421.212121,9411.126040241488
vnir_only,agt_anthesis,15014,14020.0,St3B_H040,6866.666667,9359.020031862876
vnir_only,agt_anthesis,15021,21020.0,SpB_H048,7572.727273,9313.125833256561
vnir_only,agt_anthesis,15024,24020.0,LRPBSPITFIRE,9781.818182,9359.732163849796
vnir_only,agt_anthesis,16001,1019.0,SpB_H032,9257.575758,9371.658735953313
vnir_only,agt_anthesis,16004,4019.0,St3B_H049,8830.30303,9834.278921191466
vnir_only,agt_anthesis,16005,5019.0,SpB_H166,10393.93939,9363.901134189133
vnir_only,agt_anthesis,16009,9019.0,SpB_H148,11248.48485,9411.073168483708
vnir_only,agt_anthesis,16011,11019.0,St3B_H341,10175.75758,9313.252466923594
vnir_only,agt_anthesis,16013,13019.0,SpB_H164,10466.66667,9357.854345442129
vnir_only,agt_anthesis,17001,1018.0,SUNMASTER,8139.393939,9412.159397920845
vnir_only,agt_anthesis,17002,2018.0,St3B_H342,8893.939394,9826.39662802836
vnir_only,agt_anthesis,17003,3018.0,St3B_H100,9575.757576,9415.43710939446
vnir_only,agt_anthesis,17005,5018.0,SpB_H022,9603.030303,9309.60011837466
vnir_only,agt_anthesis,17006,6018.0,St3B_H059,11048.48485,9412.683399976073
vnir_only,agt_anthesis,17009,9018.0,SHOTGUN,11757.57576,9351.108370643122
vnir_only,agt_anthesis,17010,10018.0,St3B_H120,8139.393939,9345.931517139925
vnir_only,agt_anthesis,17014,14018.0,SpB_H050,11003.0303,9413.354011887594
vnir_only,agt_anthesis,17017,17018.0,SpB_H047,7672.727273,9830.111526761373
vnir_only,agt_anthesis,18001,1017.0,SpB_H050,10321.21212,9345.906913079165
vnir_only,agt_anthesis,18002,2017.0,SpB_H164,11703.0303,9364.276757899363
vnir_only,agt_anthesis,18009,9017.0,SpB_H049,10121.21212,9345.956248091015
vnir_only,agt_anthesis,18011,11017.0,SHOTGUN,9212.121212,9409.858540806214
vnir_only,agt_anthesis,18016,16017.0,LRPBSPITFIRE,10493.93939,9437.021455311076
vnir_only,agt_anthesis,18021,21017.0,SpB_H119,10536.36364,9341.990366796095
vnir_only,agt_anthesis,18023,23017.0,SpB_H173,10618.18182,9381.456405520514
vnir_only,agt_anthesis,18024,24017.0,St3B_H017,11854.54545,9415.467326674347
vnir_only,agt_anthesis,19003,3016.0,St3B_H120,8166.666667,9443.23473004131
vnir_only,agt_anthesis,19004,4016.0,LRPBSPITFIRE,9912.121212,9307.186349304233
vnir_only,agt_anthesis,19005,5016.0,SpB_H164,9430.30303,9355.281942122198
vnir_only,agt_anthesis,19008,8016.0,St3B_H329,10230.30303,9358.794858545496
vnir_only,agt_anthesis,19010,10016.0,SHOTGUN,8193.939394,9411.097241698897
vnir_only,agt_anthesis,19013,13016.0,SpB_H053,9348.484848,9344.401622889429
vnir_only,agt_anthesis,19017,17016.0,St3B_H341,9572.727273,9346.415241055985
vnir_only,agt_anthesis,19019,19016.0,SUNMASTER,9875.757576,9825.08276578697
vnir_only,agt_anthesis,19020,20016.0,SpB_H022,7618.181818,9413.821552455804
vnir_only,agt_anthesis,19021,21016.0,SpB_H152,8563.636364,9353.800147522417
vnir_only,agt_anthesis,19022,22016.0,SpB_H169,8754.545455,9413.590078649184
vnir_only,agt_anthesis,20010,10015.0,SpB_H010,8093.939394,9323.342624999674
vnir_only,agt_anthesis,20012,12015.0,SpB_H152,7775.757576,9484.718352351782
vnir_only,agt_anthesis,20016,16015.0,SpB_H001,8512.121212,9357.350601507185
vnir_only,agt_anthesis,20018,18015.0,LRPBSPITFIRE,8766.666667,9411.987036040211
vnir_only,agt_anthesis,20021,21015.0,St3B_H120,9918.181818,9346.381884355626
vnir_only,agt_anthesis,20024,24015.0,St3B_H329,7490.909091,9415.474162309247
vnir_only,agt_anthesis,21001,1014.0,SUNTOP,9312.121212,9383.037186107273
vnir_only,agt_anthesis,21009,9014.0,SpB_H156,8603.030303,9985.26175629261
vnir_only,agt_anthesis,21010,10014.0,SUNMASTER,10257.57576,9358.49006403867
vnir_only,agt_anthesis,21013,13014.0,St3B_H164,10230.30303,9345.423088653304
vnir_only,agt_anthesis,21016,16014.0,St3B_H026,8921.212121,9358.811368531366
vnir_only,agt_anthesis,21017,17014.0,St3B_H029,9372.727273,9346.164244320626
vnir_only,agt_anthesis,21018,18014.0,SpB_H074,9630.30303,9358.799748038273
vnir_only,agt_anthesis,21019,19014.0,SpB_H120,7703.030303,9825.81199347097
vnir_only,agt_anthesis,21021,21014.0,SpB_H047,11754.54545,9312.925396660516
vnir_only,agt_anthesis,21023,23014.0,SpB_H087,7927.272727,9345.601396916438
vnir_only,agt_anthesis,22004,4013.0,SpB_H120,10857.57576,9313.107571357818
vnir_only,agt_anthesis,22006,6013.0,SpB_H010,10966.66667,9384.891339544867
vnir_only,agt_anthesis,22009,9013.0,St3B_H017,14093.93939,9318.567767609522
vnir_only,agt_anthesis,22014,14013.0,SpB_H116,8657.575758,9345.391764580016
vnir_only,agt_anthesis,22016,16013.0,St3B_H029,9275.757576,9358.433043168603
vnir_only,agt_anthesis,22017,17013.0,SUNDANCER,10600.0,9410.487512310996
vnir_only,agt_anthesis,22018,18013.0,SpB_H156,12057.57576,9345.906025304985
vnir_only,agt_anthesis,23001,1012.0,St3B_H040,10112.12121,9414.603968389287
vnir_only,agt_anthesis,23004,4012.0,SpB_H106,12121.21212,9411.513839398973
vnir_only,agt_anthesis,23013,13012.0,IRONBARK,8566.666667,10049.85337531401
vnir_only,agt_anthesis,23014,14012.0,SpB_H166,8303.030303,9929.176611987674
vnir_only,agt_anthesis,23018,18012.0,SpB_H102,10212.12121,9314.951003134385
vnir_only,agt_anthesis,24005,5011.0,St3B_H136,8584.848485,9456.468367536037
vnir_only,agt_anthesis,24006,6011.0,SpB_H085,10557.57576,9383.970233911155
vnir_only,agt_anthesis,24007,7011.0,B3B,9366.666667,9345.93773157788
vnir_only,agt_anthesis,24013,13011.0,St3B_H028,9066.666667,9309.579589414516
vnir_only,agt_anthesis,24017,17011.0,SpB_H008,11190.90909,9356.208547972272
vnir_only,agt_anthesis,24020,20011.0,St3B_H041,5518.181818,9095.665544146146
vnir_only,agt_anthesis,24021,21011.0,LEVERAGE,7327.272727,9410.14687538203
vnir_only,agt_anthesis,24024,24011.0,SpB_H119,8318.181818,9763.148881770032
vnir_only,agt_anthesis,25007,7010.0,SpB_H048,9557.575758,9355.822138939862
vnir_only,agt_anthesis,25010,10010.0,SpB_H065,7475.757576,9345.723779734395
vnir_only,agt_anthesis,25014,14010.0,SpB_H094,8784.848485,9415.467518327585
vnir_only,agt_anthesis,25017,17010.0,St3B_H097,7854.545455,8900.527560413371
vnir_only,agt_anthesis,25018,18010.0,SpB_H049,8503.030303,9825.536189243725
vnir_only,agt_anthesis,25020,20010.0,SpB_H116,6754.545455,9342.671409409848
vnir_only,agt_anthesis,25021,21010.0,SpB_H008,7954.545455,9632.723532711278
vnir_only,agt_anthesis,26006,6009.0,St3B_H041,9148.484848,9412.796442635985
vnir_only,agt_anthesis,26009,9009.0,SpB_H094,5257.575758,9411.354643772193
vnir_only,agt_anthesis,26011,11009.0,SpB_H050,10166.66667,10049.579703467707
vnir_only,agt_anthesis,26013,13009.0,St3B_H026,8893.939394,9756.841132144136
vnir_only,agt_anthesis,26016,16009.0,SpB_H074,12630.30303,9410.196038713475
vnir_only,agt_anthesis,27005,5008.0,LEVERAGE,7684.848485,9642.322025879073
vnir_only,agt_anthesis,27006,6008.0,SpB_H169,8993.939394,8214.593936226036
vnir_only,agt_anthesis,27009,9008.0,St3B_H119,8003.030303,9533.552109732702
vnir_only,agt_anthesis,27015,15008.0,St3B_H059,9148.484848,9358.228964638727
vnir_only,agt_anthesis,27023,23008.0,St3B_H049,10145.45455,9413.58426632829
vnir_only,agt_anthesis,28003,3007.0,St3B_H040,9203.030303,9410.132190280896
vnir_only,agt_anthesis,28005,5007.0,St3B_H036,9284.848485,9410.246160036557
vnir_only,agt_anthesis,28008,8007.0,St3B_H100,9266.666667,9825.847627915196
vnir_only,agt_anthesis,28010,10007.0,SpB_H126,9639.393939,9410.793553341811
vnir_only,agt_anthesis,28015,15007.0,SpB_H173,8348.484848,8494.808440965931
vnir_only,agt_anthesis,28016,16007.0,SpB_H148,9257.575758,9319.294463242803
vnir_only,agt_anthesis,28018,18007.0,SUNTOP,9121.212121,9825.510322577682
vnir_only,agt_anthesis,29005,5006.0,SpB_H048,8939.393939,9346.4928624317
vnir_only,agt_anthesis,29007,7006.0,St3B_H028,9193.939394,8127.035031408071
vnir_only,agt_anthesis,29010,10006.0,St3B_H036,9830.30303,9311.008323589367
vnir_only,agt_anthesis,29014,14006.0,SpB_H001,6348.484848,9415.524822823514
vnir_only,agt_anthesis,29016,16006.0,St3B_H164,9603.030303,8151.1744087722045
vnir_only,agt_anthesis,29017,17006.0,SpB_H022,8781.818182,9345.874445964086
vnir_only,agt_anthesis,29019,19006.0,St3B_H077,11054.54545,9355.524360314348
vnir_only,agt_anthesis,29022,22006.0,SpB_H028,8227.272727,9719.039897448889
vnir_only,agt_anthesis,30003,3005.0,St3B_H119,9339.393939,9361.014760425316
vnir_only,agt_anthesis,30004,4005.0,SpB_H126,10021.21212,9415.134239225705
vnir_only,agt_anthesis,30015,15005.0,B3B,11193.93939,9320.178739767653
vnir_only,agt_anthesis,30017,17005.0,SpB_H065,8290.909091,9830.261864744745
vnir_only,agt_anthesis,30021,21005.0,SpB_H166,8981.818182,9829.922340281559
vnir_only,agt_anthesis,30023,23005.0,St3B_H077,11563.63636,9873.370243941223
vnir_only,agt_anthesis,31003,3004.0,SpB_H032,12339.39394,9456.281014572989
vnir_only,agt_anthesis,31004,4004.0,B3B,8321.212121,9891.902001880524
vnir_only,agt_anthesis,31007,7004.0,BETHLEHEM,10084.84848,9344.122657238097
vnir_only,agt_anthesis,31009,9004.0,SpB_H087,9684.848485,9826.180177845847
vnir_only,agt_anthesis,31010,10004.0,SpB_H110,8412.121212,9419.6868153313
vnir_only,agt_anthesis,31011,11004.0,SpB_H047,10066.66667,9296.70624260272
vnir_only,agt_anthesis,31019,19004.0,SUNDANCER,6527.272727,8179.661596824657
vnir_only,agt_anthesis,31021,21004.0,BETHLEHEM,10390.90909,9410.82094619141
vnir_only,agt_anthesis,31022,22004.0,SHOTGUN,7518.181818,9635.649946888012
vnir_only,agt_anthesis,32006,6003.0,SHOTGUN,10403.0303,10109.166515053934
vnir_only,agt_anthesis,32007,7003.0,St3B_H136,5384.848485,9825.983866687231
vnir_only,agt_anthesis,32008,8003.0,St3B_H097,7303.030303,10021.633314714873
vnir_only,agt_anthesis,32018,18003.0,St3B_H059,9366.666667,9307.041548115103
vnir_only,agt_anthesis,32020,20003.0,SpB_H053,7709.090909,9414.40160329498
vnir_only,agt_anthesis,32021,21003.0,SpB_H032,9845.454545,9357.916188323452
vnir_only,agt_anthesis,32023,23003.0,SpB_H148,7800.0,9414.462733958688
vnir_only,agt_anthesis,33005,5002.0,BETHLEHEM,10503.0303,9415.135644633208
vnir_only,agt_anthesis,33009,9002.0,St3B_H049,11266.66667,10050.87775901245
vnir_only,agt_anthesis,33014,14002.0,SpB_H028,8548.484848,9418.264218392771
vnir_only,agt_anthesis,33017,17002.0,SUNMASTER,7100.0,9412.335019978655
vnir_only,agt_anthesis,33019,19002.0,IRONBARK,6372.727273,9413.789488139666
vnir_only,agt_anthesis,33021,21002.0,St3B_H341,11045.45455,9312.288160796228
vnir_only,agt_anthesis,33022,22002.0,St3B_H342,6436.363636,9313.019674622952
vnir_only,agt_anthesis,34002,2001.0,SpB_H085,10066.66667,9355.972777527108
vnir_only,agt_anthesis,34003,3001.0,St3B_H342,8012.121212,9827.696729541369
vnir_only,agt_anthesis,34004,4001.0,BETHLEHEM,10439.39394,9332.78588810529
vnir_only,agt_anthesis,34009,9001.0,LRPBSPITFIRE,9748.484848,9413.858790633309
vnir_only,agt_anthesis,34014,14001.0,SUNMASTER,11157.57576,9803.575904982947
vnir_only,agt_anthesis,34018,18001.0,SpB_H110,9884.848485,9496.355978961856
vnir_only,agt_anthesis,34020,20001.0,SpB_H102,9409.090909,9411.125018562194
vnir_only,agt_anthesis,34021,21001.0,SpB_H106,11927.27273,9825.899896445111
vnir_only,agt_anthesis,34023,23001.0,St3B_H100,7800.0,9826.39829484327
vnir_only,agt_anthesis,34024,24001.0,B3B,11900.0,9454.645234434607
vnir_only,agt_maturity,1009,9034.0,St3B_H026,13218.181818181818,12792.423952876165
vnir_only,agt_maturity,1013,13034.0,St3B_H120,14518.18181818182,12830.992347437073
vnir_only,agt_maturity,1014,14034.0,SpB_H106,13454.545454545452,12830.992347437073
vnir_only,agt_maturity,1015,15034.0,St3B_H049,11363.63636363636,12843.817308407484
vnir_only,agt_maturity,1021,21034.0,SpB_H126,11745.454545454548,12830.992347437073
vnir_only,agt_maturity,1023,23034.0,SHOTGUN,16263.636363636364,12843.817308407484
vnir_only,agt_maturity,2004,4033.0,SpB_H119,14799.999999999998,12771.438510656095
vnir_only,agt_maturity,2005,5033.0,B3B,12100.0,12843.817308407484
vnir_only,agt_maturity,2008,8033.0,BETHLEHEM,13327.272727272728,12830.992347437073
vnir_only,agt_maturity,2011,11033.0,St3B_H017,16536.363636363636,12774.394129502944
vnir_only,agt_maturity,2013,13033.0,St3B_H119,13036.363636363638,12792.423952876165
vnir_only,agt_maturity,2015,15033.0,St3B_H040,11490.909090909092,12769.37542540358
vnir_only,agt_maturity,3004,4032.0,SpB_H156,13299.999999999998,12736.432435130007
vnir_only,agt_maturity,3011,11032.0,SpB_H110,14336.363636363638,12792.423952876165
vnir_only,agt_maturity,3019,19032.0,SpB_H085,13827.272727272728,12830.992347437073
vnir_only,agt_maturity,3020,20032.0,St3B_H329,12654.545454545456,12769.37542540358
vnir_only,agt_maturity,3021,21032.0,SpB_H087,12672.727272727272,12769.37542540358
vnir_only,agt_maturity,3024,24032.0,SHOTGUN,18227.272727272724,12792.423952876165
vnir_only,agt_maturity,4002,2031.0,SpB_H008,16390.90909090909,12792.423952876165
vnir_only,agt_maturity,4004,4031.0,SpB_H087,11163.636363636362,12792.423952876165
vnir_only,agt_maturity,4007,7031.0,SpB_H053,11390.90909090909,12774.394129502944
vnir_only,agt_maturity,4011,11031.0,St3B_H077,15981.81818181818,12796.332508529864
vnir_only,agt_maturity,4013,13031.0,St3B_H136,15609.09090909091,12774.394129502944
vnir_only,agt_maturity,4015,15031.0,SUNTOP,12081.818181818182,12796.332508529864
vnir_only,agt_maturity,4019,19031.0,St3B_H017,14045.454545454542,12797.647435014276
vnir_only,agt_maturity,4022,22031.0,SpB_H156,13554.545454545456,12796.332508529864
vnir_only,agt_maturity,5001,1030.0,SpB_H173,15863.63636363636,12797.647435014276
vnir_only,agt_maturity,5003,3030.0,St3B_H097,13854.545454545456,12771.438510656095
vnir_only,agt_maturity,5004,4030.0,SpB_H102,10990.909090909092,12792.423952876165
vnir_only,agt_maturity,5009,9030.0,SpB_H106,15809.09090909091,12771.438510656095
vnir_only,agt_maturity,5013,13030.0,St3B_H342,11499.999999999998,12774.394129502944
vnir_only,agt_maturity,5016,16030.0,SpB_H110,10309.09090909091,12796.332508529864
vnir_only,agt_maturity,6002,2029.0,SpB_H022,11700.000000000002,12769.37542540358
vnir_only,agt_maturity,6003,3029.0,St3B_H026,10718.181818181818,12804.228090860186
vnir_only,agt_maturity,6006,6029.0,St3B_H164,14900.0,12771.438510656095
vnir_only,agt_maturity,6008,8029.0,SpB_H119,16445.454545454544,12769.37542540358
vnir_only,agt_maturity,6011,11029.0,SUNDANCER,13018.18181818182,12843.817308407484
vnir_only,agt_maturity,6016,16029.0,St3B_H136,12127.272727272728,12769.37542540358
vnir_only,agt_maturity,6022,22029.0,St3B_H097,10063.636363636364,12797.647435014276
vnir_only,agt_maturity,6023,23029.0,LEVERAGE,17636.363636363632,12774.394129502944
vnir_only,agt_maturity,7004,4028.0,SpB_H148,12018.18181818182,12736.432435130007
vnir_only,agt_maturity,7005,5028.0,SpB_H065,13172.727272727272,12804.228090860186
vnir_only,agt_maturity,7007,7028.0,SpB_H152,12145.454545454544,12830.992347437073
vnir_only,agt_maturity,7013,13028.0,SpB_H048,12645.454545454544,12830.992347437073
vnir_only,agt_maturity,7017,17028.0,SpB_H169,12972.727272727276,12796.332508529864
vnir_only,agt_maturity,7020,20028.0,SUNMASTER,14299.999999999998,12736.432435130007
vnir_only,agt_maturity,7022,22028.0,BETHLEHEM,14372.727272727272,12797.647435014276
vnir_only,agt_maturity,7023,23028.0,SpB_H010,11990.909090909092,12769.37542540358
vnir_only,agt_maturity,8008,8027.0,SpB_H169,14109.09090909091,12769.37542540358
vnir_only,agt_maturity,8014,14027.0,SpB_H152,13054.545454545456,12804.228090860186
vnir_only,agt_maturity,8015,15027.0,SpB_H094,13627.272727272728,12774.394129502944
vnir_only,agt_maturity,8018,18027.0,SpB_H085,14436.363636363636,12774.394129502944
vnir_only,agt_maturity,8020,20027.0,SpB_H164,14900.0,12830.992347437073
vnir_only,agt_maturity,8021,21027.0,SHOTGUN,12345.454545454542,12792.423952876165
vnir_only,agt_maturity,9004,4026.0,SpB_H116,12745.454545454548,12804.228090860186
vnir_only,agt_maturity,9006,6026.0,LRPBSPITFIRE,12790.909090909092,12792.423952876165
vnir_only,agt_maturity,9012,12026.0,SpB_H053,9436.363636363636,12736.432435130007
vnir_only,agt_maturity,9015,15026.0,St3B_H028,12763.636363636364,12843.817308407484
vnir_only,agt_maturity,9017,17026.0,St3B_H036,13990.909090909092,12792.423952876165
vnir_only,agt_maturity,10001,1025.0,SpB_H102,15072.72727272727,12804.228090860186
vnir_only,agt_maturity,10002,2025.0,SUNDANCER,13927.27272727273,12796.332508529864
vnir_only,agt_maturity,10004,4025.0,St3B_H028,15109.09090909091,12771.438510656095
vnir_only,agt_maturity,10006,6025.0,St3B_H029,9409.090909090906,12843.817308407484
vnir_only,agt_maturity,10008,8025.0,SpB_H074,11627.272727272728,12792.423952876165
vnir_only,agt_maturity,10009,9025.0,St3B_H041,13672.727272727272,12792.423952876165
vnir_only,agt_maturity,10012,12025.0,IRONBARK,15327.272727272728,12796.332508529864
vnir_only,agt_maturity,10016,16025.0,SpB_H010,13036.363636363638,12769.37542540358
vnir_only,agt_maturity,10018,18025.0,B3B,13218.181818181818,12796.332508529864
vnir_only,agt_maturity,10019,19025.0,LRPBSPITFIRE,15981.81818181818,12843.817308407484
vnir_only,agt_maturity,10021,21025.0,St3B_H100,10527.272727272724,12797.647435014276
vnir_only,agt_maturity,11002,2024.0,B3B,14472.727272727276,12830.992347437073
vnir_only,agt_maturity,11006,6024.0,SUNMASTER,14236.363636363636,12843.817308407484
vnir_only,agt_maturity,11007,7024.0,St3B_H029,12636.363636363632,12774.394129502944
vnir_only,agt_maturity,11009,9024.0,SpB_H166,13027.272727272724,12774.394129502944
vnir_only,agt_maturity,11011,11024.0,SUNTOP,16772.727272727272,12736.432435130007
vnir_only,agt_maturity,11014,14024.0,SpB_H032,11327.272727272728,12804.228090860186
vnir_only,agt_maturity,11018,18024.0,SpB_H120,14445.454545454544,12843.817308407484
vnir_only,agt_maturity,11020,20024.0,SpB_H050,12654.545454545456,12797.647435014276
vnir_only,agt_maturity,12003,3023.0,SpB_H028,15118.181818181818,12769.37542540358
vnir_only,agt_maturity,12007,7023.0,SpB_H120,11200.000000000002,12797.647435014276
vnir_only,agt_maturity,12008,8023.0,IRONBARK,10763.636363636364,12771.438510656095
vnir_only,agt_maturity,12011,11023.0,SpB_H001,12218.181818181818,12771.438510656095
vnir_only,agt_maturity,12012,12023.0,SUNMASTER,11936.363636363636,12797.647435014276
vnir_only,agt_maturity,12016,16023.0,B3B,11590.909090909088,12796.332508529864
vnir_only,agt_maturity,12018,18023.0,BETHLEHEM,12799.999999999998,12736.432435130007
vnir_only,agt_maturity,13001,1022.0,SpB_H028,17909.090909090904,12804.228090860186
vnir_only,agt_maturity,13002,2022.0,St3B_H077,13063.636363636364,12843.817308407484
vnir_only,agt_maturity,13007,7022.0,SpB_H116,13309.09090909091,12804.228090860186
vnir_only,agt_maturity,13009,9022.0,SpB_H001,13472.727272727276,12774.394129502944
vnir_only,agt_maturity,13011,11022.0,SpB_H074,12990.909090909092,12736.432435130007
vnir_only,agt_maturity,13018,18022.0,SpB_H126,13545.454545454542,12804.228090860186
vnir_only,agt_maturity,13020,20022.0,SpB_H049,10290.909090909092,12830.992347437073
vnir_only,agt_maturity,13024,24022.0,BETHLEHEM,9963.636363636362,12736.432435130007
vnir_only,agt_maturity,14001,1021.0,LRPBSPITFIRE,14981.81818181818,12792.423952876165
vnir_only,agt_maturity,14004,4021.0,SpB_H049,13281.81818181818,12769.37542540358
vnir_only,agt_maturity,14006,6021.0,SpB_H008,9299.999999999998,12792.423952876165
vnir_only,agt_maturity,14007,7021.0,LEVERAGE,13436.363636363636,12774.394129502944
vnir_only,agt_maturity,14012,12021.0,St3B_H329,13272.72727272727,12830.992347437073
vnir_only,agt_maturity,14015,15021.0,SpB_H065,11809.09090909091,12771.438510656095
vnir_only,agt_maturity,14016,16021.0,St3B_H119,10463.636363636362,12774.394129502944
vnir_only,agt_maturity,14017,17021.0,St3B_H041,12518.18181818182,12843.817308407484
vnir_only,agt_maturity,14022,22021.0,St3B_H036,10909.090909090904,12774.394129502944
vnir_only,agt_maturity,15002,2020.0,SpB_H047,13663.636363636362,12774.394129502944
vnir_only,agt_maturity,15004,4020.0,SpB_H173,15227.272727272724,12843.817308407484
vnir_only,agt_maturity,15006,6020.0,SpB_H094,13254.545454545452,12796.332508529864
vnir_only,agt_maturity,15007,7020.0,St3B_H059,16190.90909090909,12792.423952876165
vnir_only,agt_maturity,15009,9020.0,St3B_H341,13499.999999999998,12736.432435130007
vnir_only,agt_maturity,15010,10020.0,St3B_H164,12772.72727272727,12771.438510656095
vnir_only,agt_maturity,15014,14020.0,St3B_H040,12418.181818181818,12830.992347437073
vnir_only,agt_maturity,15021,21020.0,SpB_H048,12445.454545454544,12792.423952876165
vnir_only,agt_maturity,15024,24020.0,LRPBSPITFIRE,16981.81818181818,12830.992347437073
vnir_only,agt_maturity,16001,1019.0,SpB_H032,13327.272727272728,12771.438510656095
vnir_only,agt_maturity,16004,4019.0,St3B_H049,15054.545454545456,12771.438510656095
vnir_only,agt_maturity,16005,5019.0,SpB_H166,14572.72727272727,12736.432435130007
vnir_only,agt_maturity,16009,9019.0,SpB_H148,12454.545454545452,12769.37542540358
vnir_only,agt_maturity,16011,11019.0,St3B_H341,14745.454545454548,12804.228090860186
vnir_only,agt_maturity,16013,13019.0,SpB_H164,11490.909090909092,12804.228090860186
vnir_only,agt_maturity,17001,1018.0,SUNMASTER,11972.727272727276,12804.228090860186
vnir_only,agt_maturity,17002,2018.0,St3B_H342,12018.18181818182,12804.228090860186
vnir_only,agt_maturity,17003,3018.0,St3B_H100,13272.72727272727,12830.992347437073
vnir_only,agt_maturity,17005,5018.0,SpB_H022,12218.181818181818,12792.423952876165
vnir_only,agt_maturity,17006,6018.0,St3B_H059,12145.454545454544,12771.438510656095
vnir_only,agt_maturity,17009,9018.0,SHOTGUN,13999.999999999998,12774.394129502944
vnir_only,agt_maturity,17010,10018.0,St3B_H120,12309.09090909091,12804.228090860186
vnir_only,agt_maturity,17014,14018.0,SpB_H050,13981.81818181818,12736.432435130007
vnir_only,agt_maturity,17017,17018.0,SpB_H047,12390.90909090909,12792.423952876165
vnir_only,agt_maturity,18001,1017.0,SpB_H050,11054.545454545456,12774.394129502944
vnir_only,agt_maturity,18002,2017.0,SpB_H164,13700.000000000002,12736.432435130007
vnir_only,agt_maturity,18009,9017.0,SpB_H049,9818.181818181816,12771.438510656095
vnir_only,agt_maturity,18011,11017.0,SHOTGUN,12372.727272727272,12771.438510656095
vnir_only,agt_maturity,18016,16017.0,LRPBSPITFIRE,13327.272727272728,12736.432435130007
vnir_only,agt_maturity,18021,21017.0,SpB_H119,11672.727272727272,12804.228090860186
vnir_only,agt_maturity,18023,23017.0,SpB_H173,13600.0,12830.992347437073
vnir_only,agt_maturity,18024,24017.0,St3B_H017,11499.999999999998,12769.37542540358
vnir_only,agt_maturity,19003,3016.0,St3B_H120,13809.09090909091,12769.37542540358
vnir_only,agt_maturity,19004,4016.0,LRPBSPITFIRE,15345.454545454542,12769.37542540358
vnir_only,agt_maturity,19005,5016.0,SpB_H164,13954.545454545452,12830.992347437073
vnir_only,agt_maturity,19008,8016.0,St3B_H329,15009.090909090908,12792.423952876165
vnir_only,agt_maturity,19010,10016.0,SHOTGUN,10590.909090909088,12774.394129502944
vnir_only,agt_maturity,19013,13016.0,SpB_H053,13718.181818181818,12769.37542540358
vnir_only,agt_maturity,19017,17016.0,St3B_H341,12454.545454545452,12774.394129502944
vnir_only,agt_maturity,19019,19016.0,SUNMASTER,12299.999999999998,12797.647435014276
vnir_only,agt_maturity,19020,20016.0,SpB_H022,10427.27272727273,12797.647435014276
vnir_only,agt_maturity,19021,21016.0,SpB_H152,15454.545454545452,12796.332508529864
vnir_only,agt_maturity,19022,22016.0,SpB_H169,11527.272727272724,12830.992347437073
vnir_only,agt_maturity,20010,10015.0,SpB_H010,9900.0,12830.992347437073
vnir_only,agt_maturity,20012,12015.0,SpB_H152,12799.999999999998,12804.228090860186
vnir_only,agt_maturity,20016,16015.0,SpB_H001,11454.545454545452,12843.817308407484
vnir_only,agt_maturity,20018,18015.0,LRPBSPITFIRE,13809.09090909091,12843.817308407484
vnir_only,agt_maturity,20021,21015.0,St3B_H120,11936.363636363636,12736.432435130007
vnir_only,agt_maturity,20024,24015.0,St3B_H329,12327.272727272728,12796.332508529864
vnir_only,agt_maturity,21001,1014.0,SUNTOP,14445.454545454544,12796.332508529864
vnir_only,agt_maturity,21009,9014.0,SpB_H156,11618.181818181818,12804.228090860186
vnir_only,agt_maturity,21010,10014.0,SUNMASTER,13663.636363636362,12774.394129502944
vnir_only,agt_maturity,21013,13014.0,St3B_H164,14609.09090909091,12769.37542540358
vnir_only,agt_maturity,21016,16014.0,St3B_H026,10809.09090909091,12830.992347437073
vnir_only,agt_maturity,21017,17014.0,St3B_H029,14827.272727272728,12771.438510656095
vnir_only,agt_maturity,21018,18014.0,SpB_H074,11900.0,12796.332508529864
vnir_only,agt_maturity,21019,19014.0,SpB_H120,11154.545454545456,12792.423952876165
vnir_only,agt_maturity,21021,21014.0,SpB_H047,12036.363636363638,12774.394129502944
vnir_only,agt_maturity,21023,23014.0,SpB_H087,7499.999999999998,12797.647435014276
vnir_only,agt_maturity,22004,4013.0,SpB_H120,14854.545454545456,12736.432435130007
vnir_only,agt_maturity,22006,6013.0,SpB_H010,9190.90909090909,12843.817308407484
vnir_only,agt_maturity,22009,9013.0,St3B_H017,9499.999999999998,12796.332508529864
vnir_only,agt_maturity,22014,14013.0,SpB_H116,12727.272727272724,12843.817308407484
vnir_only,agt_maturity,22016,16013.0,St3B_H029,14281.81818181818,12830.992347437073
vnir_only,agt_maturity,22017,17013.0,SUNDANCER,12063.636363636364,12769.37542540358
vnir_only,agt_maturity,22018,18013.0,SpB_H156,10954.545454545452,12804.228090860186
vnir_only,agt_maturity,23001,1012.0,St3B_H040,15472.727272727272,12797.647435014276
vnir_only,agt_maturity,23004,4012.0,SpB_H106,16509.090909090908,12792.423952876165
vnir_only,agt_maturity,23013,13012.0,IRONBARK,12836.363636363638,12796.332508529864
vnir_only,agt_maturity,23014,14012.0,SpB_H166,14772.72727272727,12736.432435130007
vnir_only,agt_maturity,23018,18012.0,SpB_H102,13900.0,12804.228090860186
vnir_only,agt_maturity,24005,5011.0,St3B_H136,15590.909090909088,12796.332508529864
vnir_only,agt_maturity,24006,6011.0,SpB_H085,11654.545454545456,12843.817308407484
vnir_only,agt_maturity,24007,7011.0,B3B,8772.72727272727,12797.647435014276
vnir_only,agt_maturity,24013,13011.0,St3B_H028,13890.90909090909,12797.647435014276
vnir_only,agt_maturity,24017,17011.0,SpB_H008,13709.090909090908,12843.817308407484
vnir_only,agt_maturity,24020,20011.0,St3B_H041,15472.727272727276,12771.438510656095
vnir_only,agt_maturity,24021,21011.0,LEVERAGE,13872.727272727272,12736.432435130007
vnir_only,agt_maturity,24024,24011.0,SpB_H119,16581.818181818184,12771.438510656095
vnir_only,agt_maturity,25007,7010.0,SpB_H048,11418.181818181818,12769.37542540358
vnir_only,agt_maturity,25010,10010.0,SpB_H065,10309.09090909091,12797.647435014276
vnir_only,agt_maturity,25014,14010.0,SpB_H094,11372.727272727272,12796.332508529864
vnir_only,agt_maturity,25017,17010.0,St3B_H097,11472.727272727276,12771.438510656095
vnir_only,agt_maturity,25018,18010.0,SpB_H049,12945.454545454544,12796.332508529864
vnir_only,agt_maturity,25020,20010.0,SpB_H116,12454.545454545452,12796.332508529864
vnir_only,agt_maturity,25021,21010.0,SpB_H008,12036.363636363638,12792.423952876165
vnir_only,agt_maturity,26006,6009.0,St3B_H041,10563.636363636364,12830.992347437073
vnir_only,agt_maturity,26009,9009.0,SpB_H094,11872.727272727272,12830.992347437073
vnir_only,agt_maturity,26011,11009.0,SpB_H050,10672.727272727272,12792.423952876165
vnir_only,agt_maturity,26013,13009.0,St3B_H026,14045.454545454542,12797.647435014276
vnir_only,agt_maturity,26016,16009.0,SpB_H074,13072.72727272727,12771.438510656095
vnir_only,agt_maturity,27005,5008.0,LEVERAGE,14763.636363636364,12769.37542540358
vnir_only,agt_maturity,27006,6008.0,SpB_H169,11845.454545454542,12769.37542540358
vnir_only,agt_maturity,27009,9008.0,St3B_H119,11936.363636363636,12769.37542540358
vnir_only,agt_maturity,27015,15008.0,St3B_H059,14672.727272727272,12804.228090860186
vnir_only,agt_maturity,27023,23008.0,St3B_H049,14736.363636363636,12774.394129502944
vnir_only,agt_maturity,28003,3007.0,St3B_H040,16145.454545454544,12736.432435130007
vnir_only,agt_maturity,28005,5007.0,St3B_H036,13427.27272727273,12771.438510656095
vnir_only,agt_maturity,28008,8007.0,St3B_H100,12145.454545454544,12774.394129502944
vnir_only,agt_maturity,28010,10007.0,SpB_H126,11936.363636363636,12771.438510656095
vnir_only,agt_maturity,28015,15007.0,SpB_H173,10254.545454545452,12797.647435014276
vnir_only,agt_maturity,28016,16007.0,SpB_H148,12609.09090909091,12797.647435014276
vnir_only,agt_maturity,28018,18007.0,SUNTOP,11981.81818181818,12792.423952876165
vnir_only,agt_maturity,29005,5006.0,SpB_H048,12072.72727272727,12843.817308407484
vnir_only,agt_maturity,29007,7006.0,St3B_H028,12509.090909090908,12804.228090860186
vnir_only,agt_maturity,29010,10006.0,St3B_H036,13763.636363636364,12736.432435130007
vnir_only,agt_maturity,29014,14006.0,SpB_H001,7681.818181818179,12771.438510656095
vnir_only,agt_maturity,29016,16006.0,St3B_H164,10763.636363636364,12830.992347437073
vnir_only,agt_maturity,29017,17006.0,SpB_H022,14072.72727272727,12804.228090860186
vnir_only,agt_maturity,29019,19006.0,St3B_H077,11672.727272727272,12843.817308407484
vnir_only,agt_maturity,29022,22006.0,SpB_H028,10518.18181818182,12796.332508529864
vnir_only,agt_maturity,30003,3005.0,St3B_H119,11718.181818181818,12830.992347437073
vnir_only,agt_maturity,30004,4005.0,SpB_H126,11799.999999999998,12792.423952876165
vnir_only,agt_maturity,30015,15005.0,B3B,10418.181818181818,12736.432435130007
vnir_only,agt_maturity,30017,17005.0,SpB_H065,11890.90909090909,12843.817308407484
vnir_only,agt_maturity,30021,21005.0,SpB_H166,13127.272727272728,12796.332508529864
vnir_only,agt_maturity,30023,23005.0,St3B_H077,14036.363636363638,12843.817308407484
vnir_only,agt_maturity,31003,3004.0,SpB_H032,11700.000000000002,12830.992347437073
vnir_only,agt_maturity,31004,4004.0,B3B,15190.90909090909,12804.228090860186
vnir_only,agt_maturity,31007,7004.0,BETHLEHEM,12718.181818181818,12804.228090860186
vnir_only,agt_maturity,31009,9004.0,SpB_H087,12709.090909090908,12769.37542540358
vnir_only,agt_maturity,31010,10004.0,SpB_H110,11836.363636363638,12736.432435130007
vnir_only,agt_maturity,31011,11004.0,SpB_H047,12972.727272727276,12796.332508529864
vnir_only,agt_maturity,31019,19004.0,SUNDANCER,12809.09090909091,12769.37542540358
vnir_only,agt_maturity,31021,21004.0,BETHLEHEM,14754.545454545452,12797.647435014276
vnir_only,agt_maturity,31022,22004.0,SHOTGUN,18200.000000000004,12797.647435014276
vnir_only,agt_maturity,32006,6003.0,SHOTGUN,16999.999999999996,12736.432435130007
vnir_only,agt_maturity,32007,7003.0,St3B_H136,15354.545454545456,12769.37542540358
vnir_only,agt_maturity,32008,8003.0,St3B_H097,10100.0,12796.332508529864
vnir_only,agt_maturity,32018,18003.0,St3B_H059,14672.727272727272,12736.432435130007
vnir_only,agt_maturity,32020,20003.0,SpB_H053,14418.181818181818,12771.438510656095
vnir_only,agt_maturity,32021,21003.0,SpB_H032,10127.272727272728,12771.438510656095
vnir_only,agt_maturity,32023,23003.0,SpB_H148,8627.272727272728,12796.332508529864
vnir_only,agt_maturity,33005,5002.0,BETHLEHEM,12400.0,12797.647435014276
vnir_only,agt_maturity,33009,9002.0,St3B_H049,11236.363636363636,12736.432435130007
vnir_only,agt_maturity,33014,14002.0,SpB_H028,11272.72727272727,12843.817308407484
vnir_only,agt_maturity,33017,17002.0,SUNMASTER,14872.727272727272,12774.394129502944
vnir_only,agt_maturity,33019,19002.0,IRONBARK,11409.090909090904,12830.992347437073
vnir_only,agt_maturity,33021,21002.0,St3B_H341,10809.09090909091,12774.394129502944
vnir_only,agt_maturity,33022,22002.0,St3B_H342,11781.81818181818,12797.647435014276
vnir_only,agt_maturity,34002,2001.0,SpB_H085,15036.363636363638,12797.647435014276
vnir_only,agt_maturity,34003,3001.0,St3B_H342,14018.18181818182,12797.647435014276
vnir_only,agt_maturity,34004,4001.0,BETHLEHEM,11518.18181818182,12843.817308407484
vnir_only,agt_maturity,34009,9001.0,LRPBSPITFIRE,13954.545454545452,12804.228090860186
vnir_only,agt_maturity,34014,14001.0,SUNMASTER,11536.363636363638,12804.228090860186
vnir_only,agt_maturity,34018,18001.0,SpB_H110,10463.636363636362,12771.438510656095
vnir_only,agt_maturity,34020,20001.0,SpB_H102,10872.727272727272,12797.647435014276
vnir_only,agt_maturity,34021,21001.0,SpB_H106,14672.727272727272,12774.394129502944
vnir_only,agt_maturity,34023,23001.0,St3B_H100,11454.545454545452,12736.432435130007
vnir_only,agt_maturity,34024,24001.0,B3B,11881.818181818182,12843.817308407484
